group,person,date,n_min,n_dup_ts,mean,sd,pctZeros,median,q25,q75,gender,age,acc_time,days,adhd,add,bipolar,unipolar,anxiety,substance,other,ct,mdq_pos,wurs,asrs,madrs,hads_a,hads_d,med,med_antidepr,med_moodstab,med_antipsych,med_anxiety_benzo,med_sleep,med_stimulants,afftype,melanch,inpatient,marriage,work,madrs1,madrs2,migraine,schtype,bprs,cloz,antipsych,moodst
adhd,adhd_1,2009-02-24,1440,0,54.134027777777774,101.61789517544692,0.4618055555555556,5.0,0.0,63.0,1,40-49,16:00:00,6.0,1.0,0.0,1.0,0.0,1.0,0.0,1.0,1.0,1.0,54.0,53.0,26.0,12.0,2.0,1.0,1.0,,,,,,,,,,,,,,,,,,
adhd,adhd_1,2009-02-25,1440,0,9.389583333333333,41.25936294202741,0.8854166666666666,0.0,0.0,0.0,1,40-49,16:00:00,6.0,1.0,0.0,1.0,0.0,1.0,0.0,1.0,1.0,1.0,54.0,53.0,26.0,12.0,2.0,1.0,1.0,,,,,,,,,,,,,,,,,,
adhd,adhd_1,2009-02-26,1440,0,29.054861111111112,78.11797819987576,0.7215277777777778,0.0,0.0,5.0,1,40-49,16:00:00,6.0,1.0,0.0,1.0,0.0,1.0,0.0,1.0,1.0,1.0,54.0,53.0,26.0,12.0,2.0,1.0,1.0,,,,,,,,,,,,,,,,,,
adhd,adhd_1,2009-02-27,1440,0,99.13680555555555,159.17047562917486,0.46319444444444446,3.0,0.0,147.0,1,40-49,16:00:00,6.0,1.0,0.0,1.0,0.0,1.0,0.0,1.0,1.0,1.0,54.0,53.0,26.0,12.0,2.0,1.0,1.0,,,,,,,,,,,,,,,,,,
adhd,adhd_1,2009-02-28,1440,0,41.240972222222226,85.92466573917014,0.5423611111111111,0.0,0.0,48.0,1,40-49,16:00:00,6.0,1.0,0.0,1.0,0.0,1.0,0.0,1.0,1.0,1.0,54.0,53.0,26.0,12.0,2.0,1.0,1.0,,,,,,,,,,,,,,,,,,
adhd,adhd_108,2011-05-28,1440,0,292.3847222222222,447.90480051250296,0.3958333333333333,64.0,0.0,425.0,2,40-49,10:15:00,6.6,1.0,0.0,0.0,1.0,0.0,1.0,0.0,1.0,1.0,65.0,51.0,,,,,,,,,,,,,,,,,,,,,,,
adhd,adhd_108,2011-05-29,1440,0,374.27986111111113,532.794374954648,0.40069444444444446,61.0,0.0,631.0,2,40-49,10:15:00,6.6,1.0,0.0,0.0,1.0,0.0,1.0,0.0,1.0,1.0,65.0,51.0,,,,,,,,,,,,,,,,,,,,,,,
adhd,adhd_108,2011-05-30,1440,0,430.8951388888889,508.7240623786497,0.26875,212.0,0.0,734.0,2,40-49,10:15:00,6.6,1.0,0.0,0.0,1.0,0.0,1.0,0.0,1.0,1.0,65.0,51.0,,,,,,,,,,,,,,,,,,,,,,,
adhd,adhd_108,2011-05-31,1440,0,357.7451388888889,445.09307193518856,0.26666666666666666,160.0,0.0,587.0,2,40-49,10:15:00,6.6,1.0,0.0,0.0,1.0,0.0,1.0,0.0,1.0,1.0,65.0,51.0,,,,,,,,,,,,,,,,,,,,,,,
adhd,adhd_108,2011-06-01,1440,0,284.4625,333.65083001774144,0.23819444444444443,154.0,5.0,485.0,2,40-49,10:15:00,6.6,1.0,0.0,0.0,1.0,0.0,1.0,0.0,1.0,1.0,65.0,51.0,,,,,,,,,,,,,,,,,,,,,,,
adhd,adhd_108,2011-06-02,1440,0,327.31666666666666,435.1243321677661,0.33125,134.0,0.0,500.0,2,40-49,10:15:00,6.6,1.0,0.0,0.0,1.0,0.0,1.0,0.0,1.0,1.0,65.0,51.0,,,,,,,,,,,,,,,,,,,,,,,
adhd,adhd_11,2009-04-17,1440,0,287.9513888888889,418.7195566025121,0.02013888888888889,117.0,28.0,360.0,2,40-49,12:00:00,7.1,1.0,1.0,0.0,0.0,0.0,0.0,1.0,0.0,0.0,21.0,26.0,17.0,2.0,0.0,0.0,,,,,,,,,,,,,,,,,,,
adhd,adhd_11,2009-04-18,1440,0,313.88194444444446,460.69105242570976,0.06805555555555555,129.0,20.0,438.0,2,40-49,12:00:00,7.1,1.0,1.0,0.0,0.0,0.0,0.0,1.0,0.0,0.0,21.0,26.0,17.0,2.0,0.0,0.0,,,,,,,,,,,,,,,,,,,
adhd,adhd_11,2009-04-19,1440,0,230.85763888888889,378.2814316601723,0.0625,80.0,23.0,259.0,2,40-49,12:00:00,7.1,1.0,1.0,0.0,0.0,0.0,0.0,1.0,0.0,0.0,21.0,26.0,17.0,2.0,0.0,0.0,,,,,,,,,,,,,,,,,,,
adhd,adhd_11,2009-04-20,1440,0,256.2048611111111,423.3730497822519,0.09652777777777778,91.0,21.0,306.0,2,40-49,12:00:00,7.1,1.0,1.0,0.0,0.0,0.0,0.0,1.0,0.0,0.0,21.0,26.0,17.0,2.0,0.0,0.0,,,,,,,,,,,,,,,,,,,
adhd,adhd_11,2009-04-21,1440,0,271.8965277777778,421.6498494527174,0.20625,80.0,7.0,326.0,2,40-49,12:00:00,7.1,1.0,1.0,0.0,0.0,0.0,0.0,1.0,0.0,0.0,21.0,26.0,17.0,2.0,0.0,0.0,,,,,,,,,,,,,,,,,,,
adhd,adhd_11,2009-04-22,1440,0,237.89305555555555,348.91571683112056,0.09861111111111111,117.0,23.0,296.0,2,40-49,12:00:00,7.1,1.0,1.0,0.0,0.0,0.0,0.0,1.0,0.0,0.0,21.0,26.0,17.0,2.0,0.0,0.0,,,,,,,,,,,,,,,,,,,
adhd,adhd_13,2009-05-01,1440,0,354.72083333333336,434.04256365703606,0.31527777777777777,187.0,0.0,587.0,1,40-49,12:00:00,7.2,1.0,0.0,0.0,0.0,0.0,0.0,1.0,0.0,0.0,48.0,,5.0,3.0,2.0,1.0,,,,,,1.0,,,,,,,,,,,,,
adhd,adhd_13,2009-05-02,1440,0,303.3569444444444,390.07431497315315,0.3451388888888889,148.0,0.0,504.25,1,40-49,12:00:00,7.2,1.0,0.0,0.0,0.0,0.0,0.0,1.0,0.0,0.0,48.0,,5.0,3.0,2.0,1.0,,,,,,1.0,,,,,,,,,,,,,
adhd,adhd_13,2009-05-03,1440,0,347.20972222222224,422.9611000171299,0.3416666666666667,212.0,0.0,550.0,1,40-49,12:00:00,7.2,1.0,0.0,0.0,0.0,0.0,0.0,1.0,0.0,0.0,48.0,,5.0,3.0,2.0,1.0,,,,,,1.0,,,,,,,,,,,,,
adhd,adhd_13,2009-05-04,1440,0,295.71666666666664,364.3654171600568,0.28402777777777777,178.0,0.0,439.0,1,40-49,12:00:00,7.2,1.0,0.0,0.0,0.0,0.0,0.0,1.0,0.0,0.0,48.0,,5.0,3.0,2.0,1.0,,,,,,1.0,,,,,,,,,,,,,
adhd,adhd_13,2009-05-05,1440,0,359.3881944444444,447.9885740725066,0.3145833333333333,184.0,0.0,587.0,1,40-49,12:00:00,7.2,1.0,0.0,0.0,0.0,0.0,0.0,1.0,0.0,0.0,48.0,,5.0,3.0,2.0,1.0,,,,,,1.0,,,,,,,,,,,,,
adhd,adhd_13,2009-05-06,1440,0,332.95625,420.6978282202926,0.2916666666666667,160.0,0.0,533.0,1,40-49,12:00:00,7.2,1.0,0.0,0.0,0.0,0.0,0.0,1.0,0.0,0.0,48.0,,5.0,3.0,2.0,1.0,,,,,,1.0,,,,,,,,,,,,,
adhd,adhd_14,2010-03-10,1440,0,166.69305555555556,269.58375106942844,0.34652777777777777,40.0,0.0,209.0,1,50-67,14:00:00,6.4,1.0,0.0,0.0,0.0,0.0,1.0,1.0,0.0,0.0,52.0,49.0,9.0,9.0,0.0,0.0,,,,,,,,,,,,,,,,,,,
adhd,adhd_14,2010-03-11,1440,0,200.87152777777777,327.431342710701,0.3972222222222222,36.0,0.0,284.0,1,50-67,14:00:00,6.4,1.0,0.0,0.0,0.0,0.0,1.0,1.0,0.0,0.0,52.0,49.0,9.0,9.0,0.0,0.0,,,,,,,,,,,,,,,,,,,
adhd,adhd_14,2010-03-12,1440,0,179.0875,279.7904907830838,0.3590277777777778,36.0,0.0,251.25,1,50-67,14:00:00,6.4,1.0,0.0,0.0,0.0,0.0,1.0,1.0,0.0,0.0,52.0,49.0,9.0,9.0,0.0,0.0,,,,,,,,,,,,,,,,,,,
adhd,adhd_14,2010-03-13,1440,0,208.9986111111111,323.71059176414536,0.41805555555555557,31.0,0.0,336.0,1,50-67,14:00:00,6.4,1.0,0.0,0.0,0.0,0.0,1.0,1.0,0.0,0.0,52.0,49.0,9.0,9.0,0.0,0.0,,,,,,,,,,,,,,,,,,,
adhd,adhd_14,2010-03-14,1440,0,152.16458333333333,276.37610745764096,0.4326388888888889,12.0,0.0,175.0,1,50-67,14:00:00,6.4,1.0,0.0,0.0,0.0,0.0,1.0,1.0,0.0,0.0,52.0,49.0,9.0,9.0,0.0,0.0,,,,,,,,,,,,,,,,,,,
adhd,adhd_19,2009-06-30,1440,0,470.17569444444445,577.7522191825411,0.11736111111111111,268.0,19.0,733.0,2,40-49,11:00:00,7.1,1.0,1.0,1.0,0.0,0.0,0.0,0.0,0.0,,34.0,39.0,3.0,7.0,0.0,1.0,1.0,,,,,,,,,,,,,,,,,,
adhd,adhd_19,2009-07-01,1440,0,452.73125,693.7414148586663,0.25833333333333336,143.0,0.0,756.0,2,40-49,11:00:00,7.1,1.0,1.0,1.0,0.0,0.0,0.0,0.0,0.0,,34.0,39.0,3.0,7.0,0.0,1.0,1.0,,,,,,,,,,,,,,,,,,
adhd,adhd_19,2009-07-02,1440,0,301.8486111111111,410.770225880958,0.23680555555555555,96.5,3.0,515.0,2,40-49,11:00:00,7.1,1.0,1.0,1.0,0.0,0.0,0.0,0.0,0.0,,34.0,39.0,3.0,7.0,0.0,1.0,1.0,,,,,,,,,,,,,,,,,,
adhd,adhd_19,2009-07-03,1440,0,312.3958333333333,488.11635137806934,0.2972222222222222,82.0,0.0,468.0,2,40-49,11:00:00,7.1,1.0,1.0,1.0,0.0,0.0,0.0,0.0,0.0,,34.0,39.0,3.0,7.0,0.0,1.0,1.0,,,,,,,,,,,,,,,,,,
adhd,adhd_19,2009-07-04,1440,0,340.27569444444447,789.415368919948,0.3458333333333333,50.0,0.0,397.0,2,40-49,11:00:00,7.1,1.0,1.0,1.0,0.0,0.0,0.0,0.0,0.0,,34.0,39.0,3.0,7.0,0.0,1.0,1.0,,,,,,,,,,,,,,,,,,
adhd,adhd_19,2009-07-05,1440,0,311.70694444444445,407.7685723089579,0.2152777777777778,160.0,4.0,483.0,2,40-49,11:00:00,7.1,1.0,1.0,1.0,0.0,0.0,0.0,0.0,0.0,,34.0,39.0,3.0,7.0,0.0,1.0,1.0,,,,,,,,,,,,,,,,,,
adhd,adhd_2,2009-02-26,1440,0,215.53402777777777,356.0276970466379,0.3298611111111111,61.0,0.0,306.0,1,50-67,10:54:00,6.8,1.0,0.0,0.0,1.0,0.0,0.0,1.0,1.0,1.0,83.0,62.0,11.0,2.0,7.0,0.0,,,,,,,,,,,,,,,,,,,
adhd,adhd_2,2009-02-27,1440,0,113.46597222222222,205.88819500425552,0.4840277777777778,3.0,0.0,134.0,1,50-67,10:54:00,6.8,1.0,0.0,0.0,1.0,0.0,0.0,1.0,1.0,1.0,83.0,62.0,11.0,2.0,7.0,0.0,,,,,,,,,,,,,,,,,,,
adhd,adhd_2,2009-02-28,1440,0,183.15902777777777,287.0488907527568,0.3659722222222222,55.0,0.0,259.0,1,50-67,10:54:00,6.8,1.0,0.0,0.0,1.0,0.0,0.0,1.0,1.0,1.0,83.0,62.0,11.0,2.0,7.0,0.0,,,,,,,,,,,,,,,,,,,
adhd,adhd_2,2009-03-01,1440,0,139.59722222222223,230.31831594328452,0.4,21.0,0.0,178.0,1,50-67,10:54:00,6.8,1.0,0.0,0.0,1.0,0.0,0.0,1.0,1.0,1.0,83.0,62.0,11.0,2.0,7.0,0.0,,,,,,,,,,,,,,,,,,,
adhd,adhd_2,2009-03-02,1440,0,234.22430555555556,341.92863996147884,0.3763888888888889,61.0,0.0,373.0,1,50-67,10:54:00,6.8,1.0,0.0,0.0,1.0,0.0,0.0,1.0,1.0,1.0,83.0,62.0,11.0,2.0,7.0,0.0,,,,,,,,,,,,,,,,,,,
adhd,adhd_2,2009-03-03,1440,0,57.259027777777774,156.81077676666834,0.6756944444444445,0.0,0.0,35.0,1,50-67,10:54:00,6.8,1.0,0.0,0.0,1.0,0.0,0.0,1.0,1.0,1.0,83.0,62.0,11.0,2.0,7.0,0.0,,,,,,,,,,,,,,,,,,,
adhd,adhd_20,2009-06-24,1440,0,371.24444444444447,544.5259877710381,0.2743055555555556,166.0,0.0,550.0,1,30-39,15:00:00,7.8,1.0,0.0,0.0,1.0,0.0,0.0,0.0,1.0,1.0,52.0,42.0,5.0,10.0,0.0,0.0,,,,,,,,,,,,,,,,,,,
adhd,adhd_20,2009-06-25,1440,0,239.45208333333332,333.00059715260727,0.2722222222222222,96.0,0.0,386.0,1,30-39,15:00:00,7.8,1.0,0.0,0.0,1.0,0.0,0.0,0.0,1.0,1.0,52.0,42.0,5.0,10.0,0.0,0.0,,,,,,,,,,,,,,,,,,,
adhd,adhd_20,2009-06-26,1440,0,215.2576388888889,358.3928336414335,0.4409722222222222,5.0,0.0,308.75,1,30-39,15:00:00,7.8,1.0,0.0,0.0,1.0,0.0,0.0,0.0,1.0,1.0,52.0,42.0,5.0,10.0,0.0,0.0,,,,,,,,,,,,,,,,,,,
adhd,adhd_20,2009-06-27,1440,0,312.3465277777778,385.1996074211241,0.23055555555555557,154.0,3.0,537.25,1,30-39,15:00:00,7.8,1.0,0.0,0.0,1.0,0.0,0.0,0.0,1.0,1.0,52.0,42.0,5.0,10.0,0.0,0.0,,,,,,,,,,,,,,,,,,,
adhd,adhd_20,2009-06-28,1440,0,2.0840277777777776,2.312831453556815,0.3715277777777778,3.0,0.0,3.0,1,30-39,15:00:00,7.8,1.0,0.0,0.0,1.0,0.0,0.0,0.0,1.0,1.0,52.0,42.0,5.0,10.0,0.0,0.0,,,,,,,,,,,,,,,,,,,
adhd,adhd_20,2009-06-29,1440,0,136.48055555555555,280.2411702637613,0.34930555555555554,3.0,0.0,130.0,1,30-39,15:00:00,7.8,1.0,0.0,0.0,1.0,0.0,0.0,0.0,1.0,1.0,52.0,42.0,5.0,10.0,0.0,0.0,,,,,,,,,,,,,,,,,,,
adhd,adhd_20,2009-06-30,1440,0,157.82222222222222,281.42364823154185,0.4354166666666667,7.0,0.0,197.0,1,30-39,15:00:00,7.8,1.0,0.0,0.0,1.0,0.0,0.0,0.0,1.0,1.0,52.0,42.0,5.0,10.0,0.0,0.0,,,,,,,,,,,,,,,,,,,
adhd,adhd_21,2009-08-11,1440,0,193.62916666666666,269.13284614020597,0.3194444444444444,73.5,0.0,311.0,2,17-29,10:00:00,6.5,1.0,1.0,0.0,1.0,1.0,0.0,0.0,0.0,0.0,37.0,60.0,12.0,9.0,3.0,1.0,1.0,,,,,,,,,,,,,,,,,,
adhd,adhd_21,2009-08-12,1440,0,202.65972222222223,291.3703867358341,0.3375,66.0,0.0,302.0,2,17-29,10:00:00,6.5,1.0,1.0,0.0,1.0,1.0,0.0,0.0,0.0,0.0,37.0,60.0,12.0,9.0,3.0,1.0,1.0,,,,,,,,,,,,,,,,,,
adhd,adhd_21,2009-08-13,1440,0,226.57847222222222,374.8491855368848,0.38055555555555554,40.0,0.0,292.0,2,17-29,10:00:00,6.5,1.0,1.0,0.0,1.0,1.0,0.0,0.0,0.0,0.0,37.0,60.0,12.0,9.0,3.0,1.0,1.0,,,,,,,,,,,,,,,,,,
adhd,adhd_21,2009-08-14,1440,0,215.05972222222223,288.6773199341564,0.38819444444444445,84.5,0.0,354.0,2,17-29,10:00:00,6.5,1.0,1.0,0.0,1.0,1.0,0.0,0.0,0.0,0.0,37.0,60.0,12.0,9.0,3.0,1.0,1.0,,,,,,,,,,,,,,,,,,
adhd,adhd_21,2009-08-15,1440,0,233.61875,315.85984463681524,0.27361111111111114,127.0,0.0,332.0,2,17-29,10:00:00,6.5,1.0,1.0,0.0,1.0,1.0,0.0,0.0,0.0,0.0,37.0,60.0,12.0,9.0,3.0,1.0,1.0,,,,,,,,,,,,,,,,,,
adhd,adhd_26,2009-07-03,1440,0,318.83125,389.6369160956757,0.011805555555555555,191.0,27.0,452.0,2,30-39,15:30:00,2.2,1.0,0.0,1.0,0.0,1.0,1.0,0.0,1.0,1.0,57.0,46.0,9.0,9.0,10.0,0.0,,,,,,,,,,,,,,,,,,,
adhd,adhd_3,2009-02-21,1440,0,504.8222222222222,593.8469888555801,0.1423611111111111,326.0,6.0,805.0,2,30-39,15:28:00,7.2,1.0,0.0,1.0,0.0,0.0,1.0,0.0,0.0,0.0,72.0,60.0,6.0,8.0,0.0,0.0,,,,,,,,,,,,,,,,,,,
adhd,adhd_3,2009-02-22,1440,0,421.12291666666664,592.5697223649848,0.20277777777777778,183.0,7.0,643.0,2,30-39,15:28:00,7.2,1.0,0.0,1.0,0.0,0.0,1.0,0.0,0.0,0.0,72.0,60.0,6.0,8.0,0.0,0.0,,,,,,,,,,,,,,,,,,,
adhd,adhd_3,2009-02-23,1440,0,376.5486111111111,504.7674358589573,0.12083333333333333,205.0,24.0,482.0,2,30-39,15:28:00,7.2,1.0,0.0,1.0,0.0,0.0,1.0,0.0,0.0,0.0,72.0,60.0,6.0,8.0,0.0,0.0,,,,,,,,,,,,,,,,,,,
adhd,adhd_3,2009-02-24,1440,0,543.9194444444445,654.909540326603,0.21805555555555556,348.0,11.0,831.0,2,30-39,15:28:00,7.2,1.0,0.0,1.0,0.0,0.0,1.0,0.0,0.0,0.0,72.0,60.0,6.0,8.0,0.0,0.0,,,,,,,,,,,,,,,,,,,
adhd,adhd_3,2009-02-25,1440,0,618.5347222222222,796.7806849475446,0.3854166666666667,296.0,0.0,1078.5,2,30-39,15:28:00,7.2,1.0,0.0,1.0,0.0,0.0,1.0,0.0,0.0,0.0,72.0,60.0,6.0,8.0,0.0,0.0,,,,,,,,,,,,,,,,,,,
adhd,adhd_3,2009-02-26,1440,0,452.6375,592.3762134960959,0.18472222222222223,226.0,27.0,643.0,2,30-39,15:28:00,7.2,1.0,0.0,1.0,0.0,0.0,1.0,0.0,0.0,0.0,72.0,60.0,6.0,8.0,0.0,0.0,,,,,,,,,,,,,,,,,,,
adhd,adhd_41,2009-11-12,1440,0,400.1847222222222,504.42402581770926,0.3,232.0,0.0,571.75,1,30-39,12:26:00,6.9,1.0,0.0,0.0,0.0,0.0,0.0,1.0,0.0,0.0,88.0,54.0,15.0,11.0,6.0,0.0,,,,,,,,,,,,,,,,,,,
adhd,adhd_41,2009-11-13,1440,0,409.55902777777777,483.96405756597403,0.2638888888888889,258.0,0.0,605.0,1,30-39,12:26:00,6.9,1.0,0.0,0.0,0.0,0.0,0.0,1.0,0.0,0.0,88.0,54.0,15.0,11.0,6.0,0.0,,,,,,,,,,,,,,,,,,,
adhd,adhd_41,2009-11-14,1440,0,320.2472222222222,441.91925637943257,0.2923611111111111,147.0,0.0,483.0,1,30-39,12:26:00,6.9,1.0,0.0,0.0,0.0,0.0,0.0,1.0,0.0,0.0,88.0,54.0,15.0,11.0,6.0,0.0,,,,,,,,,,,,,,,,,,,
adhd,adhd_41,2009-11-15,1440,0,322.39444444444445,522.7758521926988,0.39444444444444443,76.0,0.0,438.0,1,30-39,12:26:00,6.9,1.0,0.0,0.0,0.0,0.0,0.0,1.0,0.0,0.0,88.0,54.0,15.0,11.0,6.0,0.0,,,,,,,,,,,,,,,,,,,
adhd,adhd_41,2009-11-16,1440,0,383.15486111111113,481.0921836950593,0.3277777777777778,216.0,0.0,586.0,1,30-39,12:26:00,6.9,1.0,0.0,0.0,0.0,0.0,0.0,1.0,0.0,0.0,88.0,54.0,15.0,11.0,6.0,0.0,,,,,,,,,,,,,,,,,,,
adhd,adhd_41,2009-11-17,1440,0,334.08958333333334,466.763812391406,0.3701388888888889,111.0,0.0,498.0,1,30-39,12:26:00,6.9,1.0,0.0,0.0,0.0,0.0,0.0,1.0,0.0,0.0,88.0,54.0,15.0,11.0,6.0,0.0,,,,,,,,,,,,,,,,,,,
adhd,adhd_43,2009-12-08,1440,0,206.50694444444446,254.67712392709066,0.26875,107.0,0.0,327.0,2,40-49,14:15:00,6.8,1.0,1.0,0.0,1.0,1.0,0.0,0.0,0.0,0.0,48.0,50.0,14.0,8.0,8.0,0.0,,,,,,,,,,,,,,,,,,,
adhd,adhd_43,2009-12-09,1440,0,210.13472222222222,294.8305208362755,0.26944444444444443,72.5,0.0,349.0,2,40-49,14:15:00,6.8,1.0,1.0,0.0,1.0,1.0,0.0,0.0,0.0,0.0,48.0,50.0,14.0,8.0,8.0,0.0,,,,,,,,,,,,,,,,,,,
adhd,adhd_43,2009-12-10,1440,0,231.09097222222223,332.2259491782484,0.29444444444444445,65.0,0.0,351.75,2,40-49,14:15:00,6.8,1.0,1.0,0.0,1.0,1.0,0.0,0.0,0.0,0.0,48.0,50.0,14.0,8.0,8.0,0.0,,,,,,,,,,,,,,,,,,,
adhd,adhd_43,2009-12-11,1440,0,270.04375,319.5880032728661,0.1625,166.0,6.0,424.0,2,40-49,14:15:00,6.8,1.0,1.0,0.0,1.0,1.0,0.0,0.0,0.0,0.0,48.0,50.0,14.0,8.0,8.0,0.0,,,,,,,,,,,,,,,,,,,
adhd,adhd_43,2009-12-12,1440,0,263.84444444444443,391.10206038296764,0.3486111111111111,51.5,0.0,424.0,2,40-49,14:15:00,6.8,1.0,1.0,0.0,1.0,1.0,0.0,0.0,0.0,0.0,48.0,50.0,14.0,8.0,8.0,0.0,,,,,,,,,,,,,,,,,,,
adhd,adhd_43,2009-12-13,1440,0,233.17152777777778,369.48514538686777,0.3506944444444444,43.0,0.0,351.75,2,40-49,14:15:00,6.8,1.0,1.0,0.0,1.0,1.0,0.0,0.0,0.0,0.0,48.0,50.0,14.0,8.0,8.0,0.0,,,,,,,,,,,,,,,,,,,
adhd,adhd_45,2009-12-17,1440,0,182.18958333333333,318.97724061503504,0.3548611111111111,47.0,0.0,232.0,1,17-29,13:30:00,6.6,1.0,1.0,0.0,1.0,0.0,0.0,1.0,0.0,0.0,64.0,53.0,12.0,14.0,3.0,0.0,,,,,,,,,,,,,,,,,,,
adhd,adhd_45,2009-12-18,1440,0,47.25069444444444,153.54683618458418,0.6604166666666667,0.0,0.0,14.0,1,17-29,13:30:00,6.6,1.0,1.0,0.0,1.0,0.0,0.0,1.0,0.0,0.0,64.0,53.0,12.0,14.0,3.0,0.0,,,,,,,,,,,,,,,,,,,
adhd,adhd_45,2009-12-19,1440,0,233.31944444444446,352.8578631210562,0.22013888888888888,72.0,3.75,332.0,1,17-29,13:30:00,6.6,1.0,1.0,0.0,1.0,0.0,0.0,1.0,0.0,0.0,64.0,53.0,12.0,14.0,3.0,0.0,,,,,,,,,,,,,,,,,,,
adhd,adhd_45,2009-12-20,1440,0,49.71805555555556,199.3096689035466,0.8194444444444444,0.0,0.0,0.0,1,17-29,13:30:00,6.6,1.0,1.0,0.0,1.0,0.0,0.0,1.0,0.0,0.0,64.0,53.0,12.0,14.0,3.0,0.0,,,,,,,,,,,,,,,,,,,
adhd,adhd_45,2009-12-21,1440,0,10.108333333333333,89.90734080460591,0.8888888888888888,0.0,0.0,0.0,1,17-29,13:30:00,6.6,1.0,1.0,0.0,1.0,0.0,0.0,1.0,0.0,0.0,64.0,53.0,12.0,14.0,3.0,0.0,,,,,,,,,,,,,,,,,,,
adhd,adhd_45,2009-12-22,1440,0,199.83958333333334,338.29505935375363,0.3715277777777778,27.0,0.0,256.0,1,17-29,13:30:00,6.6,1.0,1.0,0.0,1.0,0.0,0.0,1.0,0.0,0.0,64.0,53.0,12.0,14.0,3.0,0.0,,,,,,,,,,,,,,,,,,,
adhd,adhd_48,2009-12-15,1440,0,391.44652777777776,444.52334169016154,0.3333333333333333,219.0,0.0,712.0,2,17-29,13:30:00,7.2,1.0,0.0,0.0,1.0,1.0,1.0,1.0,1.0,0.0,50.0,40.0,12.0,15.0,4.0,0.0,,,,,,,,,,,,,,,,,,,
adhd,adhd_48,2009-12-16,1440,0,436.9423611111111,479.48129106703846,0.33402777777777776,242.0,0.0,809.0,2,17-29,13:30:00,7.2,1.0,0.0,0.0,1.0,1.0,1.0,1.0,1.0,0.0,50.0,40.0,12.0,15.0,4.0,0.0,,,,,,,,,,,,,,,,,,,
adhd,adhd_48,2009-12-17,1440,0,370.53333333333336,446.274504773812,0.28402777777777777,197.0,0.0,606.0,2,17-29,13:30:00,7.2,1.0,0.0,0.0,1.0,1.0,1.0,1.0,1.0,0.0,50.0,40.0,12.0,15.0,4.0,0.0,,,,,,,,,,,,,,,,,,,
adhd,adhd_48,2009-12-18,1440,0,386.52430555555554,454.2624204482055,0.3458333333333333,190.0,0.0,672.5,2,17-29,13:30:00,7.2,1.0,0.0,0.0,1.0,1.0,1.0,1.0,1.0,0.0,50.0,40.0,12.0,15.0,4.0,0.0,,,,,,,,,,,,,,,,,,,
adhd,adhd_48,2009-12-19,1440,0,342.0840277777778,409.5580450252297,0.28194444444444444,204.0,0.0,533.0,2,17-29,13:30:00,7.2,1.0,0.0,0.0,1.0,1.0,1.0,1.0,1.0,0.0,50.0,40.0,12.0,15.0,4.0,0.0,,,,,,,,,,,,,,,,,,,
adhd,adhd_48,2009-12-20,1440,0,271.82708333333335,436.95096656622667,0.43125,30.0,0.0,386.0,2,17-29,13:30:00,7.2,1.0,0.0,0.0,1.0,1.0,1.0,1.0,1.0,0.0,50.0,40.0,12.0,15.0,4.0,0.0,,,,,,,,,,,,,,,,,,,
adhd,adhd_49,2010-02-03,1440,0,303.0493055555556,426.78485138828177,0.2902777777777778,137.0,0.0,396.0,2,40-49,10:00:00,6.6,1.0,1.0,0.0,1.0,0.0,1.0,0.0,0.0,0.0,10.0,10.0,3.0,2.0,1.0,1.0,1.0,,,,,,,,,,,,,,,,,,
adhd,adhd_49,2010-02-04,1440,0,281.49861111111113,394.7894955940498,0.28125,126.0,0.0,372.0,2,40-49,10:00:00,6.6,1.0,1.0,0.0,1.0,0.0,1.0,0.0,0.0,0.0,10.0,10.0,3.0,2.0,1.0,1.0,1.0,,,,,,,,,,,,,,,,,,
adhd,adhd_49,2010-02-05,1440,0,296.9972222222222,384.3569286527759,0.30972222222222223,147.0,0.0,451.0,2,40-49,10:00:00,6.6,1.0,1.0,0.0,1.0,0.0,1.0,0.0,0.0,0.0,10.0,10.0,3.0,2.0,1.0,1.0,1.0,,,,,,,,,,,,,,,,,,
adhd,adhd_49,2010-02-06,1440,0,222.37430555555557,330.7346045477417,0.2847222222222222,88.0,0.0,304.0,2,40-49,10:00:00,6.6,1.0,1.0,0.0,1.0,0.0,1.0,0.0,0.0,0.0,10.0,10.0,3.0,2.0,1.0,1.0,1.0,,,,,,,,,,,,,,,,,,
adhd,adhd_49,2010-02-07,1440,0,253.3034722222222,360.37753196266164,0.27291666666666664,111.0,0.0,336.0,2,40-49,10:00:00,6.6,1.0,1.0,0.0,1.0,0.0,1.0,0.0,0.0,0.0,10.0,10.0,3.0,2.0,1.0,1.0,1.0,,,,,,,,,,,,,,,,,,
adhd,adhd_49,2010-02-08,1440,0,298.9291666666667,428.4565603994243,0.26458333333333334,126.0,0.0,384.0,2,40-49,10:00:00,6.6,1.0,1.0,0.0,1.0,0.0,1.0,0.0,0.0,0.0,10.0,10.0,3.0,2.0,1.0,1.0,1.0,,,,,,,,,,,,,,,,,,
adhd,adhd_5,2009-03-06,1440,0,93.03055555555555,107.51839847580725,0.12777777777777777,59.0,12.0,142.0,2,17-29,14:24:00,5.9,1.0,1.0,1.0,0.0,1.0,0.0,1.0,1.0,1.0,60.0,56.0,28.0,10.0,5.0,0.0,,,,,,,,,,,,,,,,,,,
adhd,adhd_5,2009-03-07,1440,0,24.584027777777777,61.2646458262957,0.7131944444444445,0.0,0.0,5.5,2,17-29,14:24:00,5.9,1.0,1.0,1.0,0.0,1.0,0.0,1.0,1.0,1.0,60.0,56.0,28.0,10.0,5.0,0.0,,,,,,,,,,,,,,,,,,,
adhd,adhd_5,2009-03-08,1440,0,60.34583333333333,94.64143507279933,0.4354166666666667,12.0,0.0,86.0,2,17-29,14:24:00,5.9,1.0,1.0,1.0,0.0,1.0,0.0,1.0,1.0,1.0,60.0,56.0,28.0,10.0,5.0,0.0,,,,,,,,,,,,,,,,,,,
adhd,adhd_5,2009-03-09,1440,0,72.3638888888889,97.54044503799373,0.2375,36.0,3.0,107.0,2,17-29,14:24:00,5.9,1.0,1.0,1.0,0.0,1.0,0.0,1.0,1.0,1.0,60.0,56.0,28.0,10.0,5.0,0.0,,,,,,,,,,,,,,,,,,,
adhd,adhd_5,2009-03-10,1440,0,55.77708333333333,84.8025625421501,0.36527777777777776,17.0,0.0,76.0,2,17-29,14:24:00,5.9,1.0,1.0,1.0,0.0,1.0,0.0,1.0,1.0,1.0,60.0,56.0,28.0,10.0,5.0,0.0,,,,,,,,,,,,,,,,,,,
adhd,adhd_51,2010-02-04,1440,0,215.99791666666667,397.2700758805075,0.30694444444444446,22.0,0.0,227.0,1,17-29,12:59:00,7.0,1.0,1.0,1.0,0.0,1.0,0.0,1.0,1.0,1.0,58.0,55.0,10.0,11.0,4.0,0.0,,,,,,,,,,,,,,,,,,,
adhd,adhd_51,2010-02-05,1440,0,219.39652777777778,377.5316548378564,0.08125,18.0,7.0,259.0,1,17-29,12:59:00,7.0,1.0,1.0,1.0,0.0,1.0,0.0,1.0,1.0,1.0,58.0,55.0,10.0,11.0,4.0,0.0,,,,,,,,,,,,,,,,,,,
adhd,adhd_51,2010-02-06,1440,0,134.39166666666668,281.502021775846,0.0798611111111111,9.0,3.0,107.0,1,17-29,12:59:00,7.0,1.0,1.0,1.0,0.0,1.0,0.0,1.0,1.0,1.0,58.0,55.0,10.0,11.0,4.0,0.0,,,,,,,,,,,,,,,,,,,
adhd,adhd_51,2010-02-07,1440,0,179.48958333333334,362.88361296448716,0.044444444444444446,16.0,7.0,143.0,1,17-29,12:59:00,7.0,1.0,1.0,1.0,0.0,1.0,0.0,1.0,1.0,1.0,58.0,55.0,10.0,11.0,4.0,0.0,,,,,,,,,,,,,,,,,,,
adhd,adhd_51,2010-02-08,1440,0,187.70277777777778,381.3505448374756,0.37569444444444444,15.0,0.0,134.0,1,17-29,12:59:00,7.0,1.0,1.0,1.0,0.0,1.0,0.0,1.0,1.0,1.0,58.0,55.0,10.0,11.0,4.0,0.0,,,,,,,,,,,,,,,,,,,
adhd,adhd_51,2010-02-09,1440,0,279.14375,435.105770381491,0.06944444444444445,59.0,7.0,410.0,1,17-29,12:59:00,7.0,1.0,1.0,1.0,0.0,1.0,0.0,1.0,1.0,1.0,58.0,55.0,10.0,11.0,4.0,0.0,,,,,,,,,,,,,,,,,,,
adhd,adhd_52,2010-01-28,1440,0,359.75208333333336,558.0312718323964,0.3055555555555556,121.0,0.0,498.0,1,17-29,17:03:00,6.9,1.0,1.0,1.0,0.0,0.0,0.0,0.0,1.0,0.0,41.0,42.0,29.0,14.0,5.0,0.0,,,,,,,,,,,,,,,,,,,
adhd,adhd_52,2010-01-29,1440,0,312.5173611111111,475.85241611324625,0.32013888888888886,100.0,0.0,438.0,1,17-29,17:03:00,6.9,1.0,1.0,1.0,0.0,0.0,0.0,0.0,1.0,0.0,41.0,42.0,29.0,14.0,5.0,0.0,,,,,,,,,,,,,,,,,,,
adhd,adhd_52,2010-01-30,1440,0,193.46805555555557,347.02209997122856,0.39444444444444443,41.0,0.0,227.75,1,17-29,17:03:00,6.9,1.0,1.0,1.0,0.0,0.0,0.0,0.0,1.0,0.0,41.0,42.0,29.0,14.0,5.0,0.0,,,,,,,,,,,,,,,,,,,
adhd,adhd_52,2010-01-31,1440,0,251.18819444444443,534.0245728840221,0.4395833333333333,9.0,0.0,219.0,1,17-29,17:03:00,6.9,1.0,1.0,1.0,0.0,0.0,0.0,0.0,1.0,0.0,41.0,42.0,29.0,14.0,5.0,0.0,,,,,,,,,,,,,,,,,,,
adhd,adhd_52,2010-02-01,1440,0,363.83958333333334,562.7840331925677,0.31875,112.0,0.0,466.0,1,17-29,17:03:00,6.9,1.0,1.0,1.0,0.0,0.0,0.0,0.0,1.0,0.0,41.0,42.0,29.0,14.0,5.0,0.0,,,,,,,,,,,,,,,,,,,
adhd,adhd_52,2010-02-02,1440,0,194.51458333333332,392.616038839466,0.4263888888888889,15.0,0.0,205.0,1,17-29,17:03:00,6.9,1.0,1.0,1.0,0.0,0.0,0.0,0.0,1.0,0.0,41.0,42.0,29.0,14.0,5.0,0.0,,,,,,,,,,,,,,,,,,,
adhd,adhd_55,2010-04-08,1440,0,196.5951388888889,316.0209545684741,0.3611111111111111,57.0,0.0,247.0,1,50-67,8:35:00,6.9,1.0,1.0,0.0,1.0,1.0,0.0,0.0,0.0,0.0,30.0,40.0,7.0,7.0,3.0,0.0,,,,,,,,,,,,,,,,,,,
adhd,adhd_55,2010-04-09,1440,0,216.17361111111111,341.4552237983512,0.36944444444444446,62.5,0.0,292.0,1,50-67,8:35:00,6.9,1.0,1.0,0.0,1.0,1.0,0.0,0.0,0.0,0.0,30.0,40.0,7.0,7.0,3.0,0.0,,,,,,,,,,,,,,,,,,,
adhd,adhd_55,2010-04-10,1440,0,216.97986111111112,282.3598231571093,0.32916666666666666,94.0,0.0,354.0,1,50-67,8:35:00,6.9,1.0,1.0,0.0,1.0,1.0,0.0,0.0,0.0,0.0,30.0,40.0,7.0,7.0,3.0,0.0,,,,,,,,,,,,,,,,,,,
adhd,adhd_55,2010-04-11,1440,0,188.01319444444445,314.473367920818,0.41875,34.0,0.0,256.0,1,50-67,8:35:00,6.9,1.0,1.0,0.0,1.0,1.0,0.0,0.0,0.0,0.0,30.0,40.0,7.0,7.0,3.0,0.0,,,,,,,,,,,,,,,,,,,
adhd,adhd_55,2010-04-12,1440,0,223.38888888888889,358.70351249540784,0.3263888888888889,64.0,0.0,292.0,1,50-67,8:35:00,6.9,1.0,1.0,0.0,1.0,1.0,0.0,0.0,0.0,0.0,30.0,40.0,7.0,7.0,3.0,0.0,,,,,,,,,,,,,,,,,,,
adhd,adhd_55,2010-04-13,1440,0,294.83819444444447,441.8186352541629,0.31527777777777777,81.0,0.0,415.0,1,50-67,8:35:00,6.9,1.0,1.0,0.0,1.0,1.0,0.0,0.0,0.0,0.0,30.0,40.0,7.0,7.0,3.0,0.0,,,,,,,,,,,,,,,,,,,
adhd,adhd_57,2010-04-20,1440,0,274.8013888888889,445.46912631300387,0.32916666666666666,54.0,0.0,372.0,1,17-29,10:55:00,3.3,1.0,0.0,0.0,1.0,1.0,0.0,0.0,1.0,0.0,62.0,35.0,,,,0.0,,,,,,,,,,,,,,,,,,,
adhd,adhd_57,2010-04-21,1440,0,219.93402777777777,396.0576195565198,0.4111111111111111,31.0,0.0,258.0,1,17-29,10:55:00,3.3,1.0,0.0,0.0,1.0,1.0,0.0,0.0,1.0,0.0,62.0,35.0,,,,0.0,,,,,,,,,,,,,,,,,,,
adhd,adhd_58,2010-03-12,1440,0,281.8875,465.1591512104874,0.31180555555555556,65.5,0.0,349.0,1,30-39,11:15:00,7.1,1.0,1.0,0.0,0.0,1.0,0.0,0.0,0.0,0.0,75.0,42.0,15.0,14.0,6.0,1.0,,,,1.0,,,,,,,,,,,,,,,
adhd,adhd_58,2010-03-13,1440,0,243.38194444444446,368.2826604760673,0.2590277777777778,44.0,0.0,361.0,1,30-39,11:15:00,7.1,1.0,1.0,0.0,0.0,1.0,0.0,0.0,0.0,0.0,75.0,42.0,15.0,14.0,6.0,1.0,,,,1.0,,,,,,,,,,,,,,,
adhd,adhd_58,2010-03-14,1440,0,314.84791666666666,525.7777425010959,0.24583333333333332,43.0,3.0,376.25,1,30-39,11:15:00,7.1,1.0,1.0,0.0,0.0,1.0,0.0,0.0,0.0,0.0,75.0,42.0,15.0,14.0,6.0,1.0,,,,1.0,,,,,,,,,,,,,,,
adhd,adhd_58,2010-03-15,1440,0,276.4715277777778,378.6240979159487,0.21736111111111112,94.0,3.0,469.0,1,30-39,11:15:00,7.1,1.0,1.0,0.0,0.0,1.0,0.0,0.0,0.0,0.0,75.0,42.0,15.0,14.0,6.0,1.0,,,,1.0,,,,,,,,,,,,,,,
adhd,adhd_58,2010-03-16,1440,0,239.55208333333334,390.18821321481613,0.1597222222222222,49.0,3.0,328.0,1,30-39,11:15:00,7.1,1.0,1.0,0.0,0.0,1.0,0.0,0.0,0.0,0.0,75.0,42.0,15.0,14.0,6.0,1.0,,,,1.0,,,,,,,,,,,,,,,
adhd,adhd_58,2010-03-17,1440,0,252.52916666666667,380.57468311368706,0.2,58.0,3.0,352.0,1,30-39,11:15:00,7.1,1.0,1.0,0.0,0.0,1.0,0.0,0.0,0.0,0.0,75.0,42.0,15.0,14.0,6.0,1.0,,,,1.0,,,,,,,,,,,,,,,
adhd,adhd_59,2010-04-22,1440,0,393.2104166666667,446.61877171991347,0.26319444444444445,260.5,0.0,629.0,1,17-29,15:00:00,2.9,1.0,0.0,1.0,0.0,0.0,0.0,0.0,0.0,1.0,53.0,55.0,5.0,7.0,0.0,0.0,,,,,,,,,,,,,,,,,,,
adhd,adhd_59,2010-04-23,1440,0,300.7965277777778,422.77916597484807,0.4263888888888889,76.5,0.0,472.0,1,17-29,15:00:00,2.9,1.0,0.0,1.0,0.0,0.0,0.0,0.0,0.0,1.0,53.0,55.0,5.0,7.0,0.0,0.0,,,,,,,,,,,,,,,,,,,
adhd,adhd_60,2010-04-21,1440,0,372.47083333333336,541.65558115259,0.3701388888888889,65.0,0.0,623.0,2,30-39,16:00:00,7.4,1.0,0.0,1.0,0.0,0.0,0.0,0.0,1.0,1.0,56.0,68.0,28.0,20.0,8.0,0.0,,,,,,,,,,,,,,,,,,,
adhd,adhd_60,2010-04-22,1440,0,295.05833333333334,453.12323953681005,0.43680555555555556,31.0,0.0,466.0,2,30-39,16:00:00,7.4,1.0,0.0,1.0,0.0,0.0,0.0,0.0,1.0,1.0,56.0,68.0,28.0,20.0,8.0,0.0,,,,,,,,,,,,,,,,,,,
adhd,adhd_60,2010-04-23,1440,0,239.04097222222222,402.1288735718512,0.48125,7.0,0.0,337.0,2,30-39,16:00:00,7.4,1.0,0.0,1.0,0.0,0.0,0.0,0.0,1.0,1.0,56.0,68.0,28.0,20.0,8.0,0.0,,,,,,,,,,,,,,,,,,,
adhd,adhd_60,2010-04-24,1440,0,271.8222222222222,523.6371759206683,0.42430555555555555,26.0,0.0,296.0,2,30-39,16:00:00,7.4,1.0,0.0,1.0,0.0,0.0,0.0,0.0,1.0,1.0,56.0,68.0,28.0,20.0,8.0,0.0,,,,,,,,,,,,,,,,,,,
adhd,adhd_60,2010-04-25,1440,0,123.07986111111111,267.45349519949286,0.5368055555555555,0.0,0.0,117.0,2,30-39,16:00:00,7.4,1.0,0.0,1.0,0.0,0.0,0.0,0.0,1.0,1.0,56.0,68.0,28.0,20.0,8.0,0.0,,,,,,,,,,,,,,,,,,,
adhd,adhd_60,2010-04-26,1440,0,252.9763888888889,413.9206489282482,0.38263888888888886,44.0,0.0,384.0,2,30-39,16:00:00,7.4,1.0,0.0,1.0,0.0,0.0,0.0,0.0,1.0,1.0,56.0,68.0,28.0,20.0,8.0,0.0,,,,,,,,,,,,,,,,,,,
adhd,adhd_60,2010-04-27,1440,0,249.79861111111111,398.4919868820227,0.35555555555555557,40.0,0.0,384.0,2,30-39,16:00:00,7.4,1.0,0.0,1.0,0.0,0.0,0.0,0.0,1.0,1.0,56.0,68.0,28.0,20.0,8.0,0.0,,,,,,,,,,,,,,,,,,,
adhd,adhd_63,2010-05-12,1440,0,214.19027777777777,346.13465373549286,0.35625,55.0,0.0,275.5,2,40-49,14:15:00,7.7,1.0,1.0,0.0,0.0,0.0,0.0,0.0,1.0,0.0,25.0,49.0,5.0,5.0,0.0,0.0,,,,,,,,,,,,,,,,,,,
adhd,adhd_63,2010-05-13,1440,0,240.24027777777778,379.0550118238931,0.39305555555555555,30.0,0.0,354.0,2,40-49,14:15:00,7.7,1.0,1.0,0.0,0.0,0.0,0.0,0.0,1.0,0.0,25.0,49.0,5.0,5.0,0.0,0.0,,,,,,,,,,,,,,,,,,,
adhd,adhd_63,2010-05-14,1440,0,157.20486111111111,260.37902203376234,0.3715277777777778,31.0,0.0,197.0,2,40-49,14:15:00,7.7,1.0,1.0,0.0,0.0,0.0,0.0,0.0,1.0,0.0,25.0,49.0,5.0,5.0,0.0,0.0,,,,,,,,,,,,,,,,,,,
adhd,adhd_63,2010-05-15,1440,0,315.66805555555555,452.35947275442743,0.33125,96.0,0.0,487.0,2,40-49,14:15:00,7.7,1.0,1.0,0.0,0.0,0.0,0.0,0.0,1.0,0.0,25.0,49.0,5.0,5.0,0.0,0.0,,,,,,,,,,,,,,,,,,,
adhd,adhd_63,2010-05-16,1440,0,173.5611111111111,316.87027732862697,0.51875,0.0,0.0,234.0,2,40-49,14:15:00,7.7,1.0,1.0,0.0,0.0,0.0,0.0,0.0,1.0,0.0,25.0,49.0,5.0,5.0,0.0,0.0,,,,,,,,,,,,,,,,,,,
adhd,adhd_63,2010-05-17,1440,0,246.40208333333334,367.9354866777202,0.42777777777777776,13.5,0.0,405.25,2,40-49,14:15:00,7.7,1.0,1.0,0.0,0.0,0.0,0.0,0.0,1.0,0.0,25.0,49.0,5.0,5.0,0.0,0.0,,,,,,,,,,,,,,,,,,,
adhd,adhd_63,2010-05-18,1440,0,192.84305555555557,331.1621482355689,0.44583333333333336,12.5,0.0,234.0,2,40-49,14:15:00,7.7,1.0,1.0,0.0,0.0,0.0,0.0,0.0,1.0,0.0,25.0,49.0,5.0,5.0,0.0,0.0,,,,,,,,,,,,,,,,,,,
adhd,adhd_65,2010-06-29,1440,0,186.45208333333332,314.05535903296794,0.4201388888888889,35.5,0.0,223.0,2,17-29,10:15:00,7.0,1.0,1.0,0.0,0.0,0.0,0.0,0.0,0.0,0.0,34.0,38.0,0.0,5.0,2.0,0.0,,,,,,,,,,,,,,,,,,,
adhd,adhd_65,2010-06-30,1440,0,303.2875,480.7988007349794,0.3013888888888889,142.0,0.0,451.0,2,17-29,10:15:00,7.0,1.0,1.0,0.0,0.0,0.0,0.0,0.0,0.0,0.0,34.0,38.0,0.0,5.0,2.0,0.0,,,,,,,,,,,,,,,,,,,
adhd,adhd_65,2010-07-01,1440,0,277.5284722222222,394.1889976343825,0.33055555555555555,126.0,0.0,424.0,2,17-29,10:15:00,7.0,1.0,1.0,0.0,0.0,0.0,0.0,0.0,0.0,0.0,34.0,38.0,0.0,5.0,2.0,0.0,,,,,,,,,,,,,,,,,,,
adhd,adhd_65,2010-07-02,1440,0,272.18333333333334,363.6442721488497,0.3284722222222222,102.0,0.0,451.0,2,17-29,10:15:00,7.0,1.0,1.0,0.0,0.0,0.0,0.0,0.0,0.0,0.0,34.0,38.0,0.0,5.0,2.0,0.0,,,,,,,,,,,,,,,,,,,
adhd,adhd_65,2010-07-03,1440,0,382.8541666666667,578.4332858961687,0.3326388888888889,131.0,0.0,533.0,2,17-29,10:15:00,7.0,1.0,1.0,0.0,0.0,0.0,0.0,0.0,0.0,0.0,34.0,38.0,0.0,5.0,2.0,0.0,,,,,,,,,,,,,,,,,,,
adhd,adhd_65,2010-07-04,1440,0,456.11597222222224,626.6463868796601,0.3034722222222222,195.0,0.0,711.0,2,17-29,10:15:00,7.0,1.0,1.0,0.0,0.0,0.0,0.0,0.0,0.0,0.0,34.0,38.0,0.0,5.0,2.0,0.0,,,,,,,,,,,,,,,,,,,
adhd,adhd_67,2010-07-07,1440,0,100.14027777777778,239.48623490930322,0.5444444444444444,0.0,0.0,68.0,1,40-49,10:30:00,7.0,1.0,0.0,0.0,0.0,0.0,0.0,0.0,1.0,,,52.0,,,,0.0,,,,,,,,,,,,,,,,,,,
adhd,adhd_67,2010-07-08,1440,0,153.89305555555555,259.6033667103149,0.44027777777777777,28.5,0.0,205.0,1,40-49,10:30:00,7.0,1.0,0.0,0.0,0.0,0.0,0.0,0.0,1.0,,,52.0,,,,0.0,,,,,,,,,,,,,,,,,,,
adhd,adhd_67,2010-07-09,1440,0,145.75972222222222,256.237700062376,0.4076388888888889,32.0,0.0,197.0,1,40-49,10:30:00,7.0,1.0,0.0,0.0,0.0,0.0,0.0,0.0,1.0,,,52.0,,,,0.0,,,,,,,,,,,,,,,,,,,
adhd,adhd_67,2010-07-10,1440,0,153.53333333333333,302.44309198407706,0.4013888888888889,28.0,0.0,197.0,1,40-49,10:30:00,7.0,1.0,0.0,0.0,0.0,0.0,0.0,0.0,1.0,,,52.0,,,,0.0,,,,,,,,,,,,,,,,,,,
adhd,adhd_67,2010-07-11,1440,0,113.08402777777778,243.4529854690162,0.45,10.0,0.0,125.0,1,40-49,10:30:00,7.0,1.0,0.0,0.0,0.0,0.0,0.0,0.0,1.0,,,52.0,,,,0.0,,,,,,,,,,,,,,,,,,,
adhd,adhd_67,2010-07-12,1440,0,105.41319444444444,231.09913569797504,0.5229166666666667,0.0,0.0,107.0,1,40-49,10:30:00,7.0,1.0,0.0,0.0,0.0,0.0,0.0,0.0,1.0,,,52.0,,,,0.0,,,,,,,,,,,,,,,,,,,
adhd,adhd_68,2010-06-12,1440,0,313.28680555555553,406.46350504936817,0.26944444444444443,143.0,0.0,468.0,2,50-67,11:30:00,7.1,1.0,1.0,0.0,1.0,0.0,0.0,0.0,1.0,1.0,48.0,39.0,22.0,9.0,12.0,0.0,,,,,,,,,,,,,,,,,,,
adhd,adhd_68,2010-06-13,1440,0,199.36041666666668,342.355581823025,0.3958333333333333,32.0,0.0,250.0,2,50-67,11:30:00,7.1,1.0,1.0,0.0,1.0,0.0,0.0,0.0,1.0,1.0,48.0,39.0,22.0,9.0,12.0,0.0,,,,,,,,,,,,,,,,,,,
adhd,adhd_68,2010-06-14,1440,0,269.375,356.5406236594148,0.30625,121.0,0.0,410.0,2,50-67,11:30:00,7.1,1.0,1.0,0.0,1.0,0.0,0.0,0.0,1.0,1.0,48.0,39.0,22.0,9.0,12.0,0.0,,,,,,,,,,,,,,,,,,,
adhd,adhd_68,2010-06-15,1440,0,214.95069444444445,287.6690704555148,0.3645833333333333,79.0,0.0,349.0,2,50-67,11:30:00,7.1,1.0,1.0,0.0,1.0,0.0,0.0,0.0,1.0,1.0,48.0,39.0,22.0,9.0,12.0,0.0,,,,,,,,,,,,,,,,,,,
adhd,adhd_68,2010-06-16,1440,0,167.19583333333333,245.35558489301695,0.3236111111111111,59.0,0.0,241.0,2,50-67,11:30:00,7.1,1.0,1.0,0.0,1.0,0.0,0.0,0.0,1.0,1.0,48.0,39.0,22.0,9.0,12.0,0.0,,,,,,,,,,,,,,,,,,,
adhd,adhd_68,2010-06-17,1440,0,217.75555555555556,325.42120564008565,0.33819444444444446,57.5,0.0,316.0,2,50-67,11:30:00,7.1,1.0,1.0,0.0,1.0,0.0,0.0,0.0,1.0,1.0,48.0,39.0,22.0,9.0,12.0,0.0,,,,,,,,,,,,,,,,,,,
adhd,adhd_71,2010-08-31,1440,0,160.31180555555557,318.62056958179716,0.24722222222222223,53.0,2.0,168.5,2,30-39,15:00:00,7.2,1.0,1.0,0.0,1.0,1.0,0.0,0.0,0.0,0.0,45.0,38.0,11.0,8.0,6.0,1.0,,,,,1.0,,,,,,,,,,,,,,
adhd,adhd_71,2010-09-01,1440,0,314.0576388888889,449.7400346434502,0.25069444444444444,127.0,0.0,415.0,2,30-39,15:00:00,7.2,1.0,1.0,0.0,1.0,1.0,0.0,0.0,0.0,0.0,45.0,38.0,11.0,8.0,6.0,1.0,,,,,1.0,,,,,,,,,,,,,,
adhd,adhd_71,2010-09-02,1440,0,289.77986111111113,477.4019207124964,0.23402777777777778,75.0,2.0,342.0,2,30-39,15:00:00,7.2,1.0,1.0,0.0,1.0,1.0,0.0,0.0,0.0,0.0,45.0,38.0,11.0,8.0,6.0,1.0,,,,,1.0,,,,,,,,,,,,,,
adhd,adhd_71,2010-09-03,1440,0,285.79375,446.04423807740034,0.28958333333333336,92.0,0.0,354.0,2,30-39,15:00:00,7.2,1.0,1.0,0.0,1.0,1.0,0.0,0.0,0.0,0.0,45.0,38.0,11.0,8.0,6.0,1.0,,,,,1.0,,,,,,,,,,,,,,
adhd,adhd_71,2010-09-04,1440,0,203.9375,302.80487663835964,0.30069444444444443,43.0,0.0,311.0,2,30-39,15:00:00,7.2,1.0,1.0,0.0,1.0,1.0,0.0,0.0,0.0,0.0,45.0,38.0,11.0,8.0,6.0,1.0,,,,,1.0,,,,,,,,,,,,,,
adhd,adhd_71,2010-09-05,1440,0,140.2888888888889,250.79483068589238,0.3875,24.0,0.0,155.0,2,30-39,15:00:00,7.2,1.0,1.0,0.0,1.0,1.0,0.0,0.0,0.0,0.0,45.0,38.0,11.0,8.0,6.0,1.0,,,,,1.0,,,,,,,,,,,,,,
adhd,adhd_72,2010-06-19,1440,0,158.86527777777778,285.3774618620253,0.44583333333333336,22.0,0.0,197.0,2,30-39,9:00:00,7.6,1.0,0.0,0.0,0.0,0.0,1.0,0.0,0.0,0.0,25.0,28.0,10.0,5.0,5.0,1.0,1.0,,,,,,,,,,,,,,,,,,
adhd,adhd_72,2010-06-20,1440,0,112.83888888888889,230.13260763908585,0.5368055555555555,0.0,0.0,120.0,2,30-39,9:00:00,7.6,1.0,0.0,0.0,0.0,0.0,1.0,0.0,0.0,0.0,25.0,28.0,10.0,5.0,5.0,1.0,1.0,,,,,,,,,,,,,,,,,,
adhd,adhd_72,2010-06-21,1440,0,151.3527777777778,286.08008395679764,0.45069444444444445,21.0,0.0,190.0,2,30-39,9:00:00,7.6,1.0,0.0,0.0,0.0,0.0,1.0,0.0,0.0,0.0,25.0,28.0,10.0,5.0,5.0,1.0,1.0,,,,,,,,,,,,,,,,,,
adhd,adhd_72,2010-06-22,1440,0,243.19375,315.58648768750777,0.11041666666666666,143.0,43.0,317.0,2,30-39,9:00:00,7.6,1.0,0.0,0.0,0.0,0.0,1.0,0.0,0.0,0.0,25.0,28.0,10.0,5.0,5.0,1.0,1.0,,,,,,,,,,,,,,,,,,
adhd,adhd_72,2010-06-23,1440,0,317.20416666666665,383.74135710046363,0.25972222222222224,204.0,0.0,454.0,2,30-39,9:00:00,7.6,1.0,0.0,0.0,0.0,0.0,1.0,0.0,0.0,0.0,25.0,28.0,10.0,5.0,5.0,1.0,1.0,,,,,,,,,,,,,,,,,,
adhd,adhd_72,2010-06-24,1440,0,262.0048611111111,322.8009243820797,0.09930555555555555,145.5,47.0,328.0,2,30-39,9:00:00,7.6,1.0,0.0,0.0,0.0,0.0,1.0,0.0,0.0,0.0,25.0,28.0,10.0,5.0,5.0,1.0,1.0,,,,,,,,,,,,,,,,,,
adhd,adhd_72,2010-06-25,1440,0,266.72013888888887,388.25402821832836,0.32569444444444445,111.0,0.0,386.0,2,30-39,9:00:00,7.6,1.0,0.0,0.0,0.0,0.0,1.0,0.0,0.0,0.0,25.0,28.0,10.0,5.0,5.0,1.0,1.0,,,,,,,,,,,,,,,,,,
adhd,adhd_74,2010-06-11,1440,0,247.21527777777777,410.36176050993316,0.4847222222222222,5.0,0.0,384.0,1,30-39,10:00:00,7.2,1.0,1.0,0.0,1.0,0.0,0.0,0.0,0.0,0.0,40.0,42.0,9.0,3.0,2.0,0.0,,,,,,,,,,,,,,,,,,,
adhd,adhd_74,2010-06-12,1440,0,233.16597222222222,411.62365441005466,0.49166666666666664,3.0,0.0,294.0,1,30-39,10:00:00,7.2,1.0,1.0,0.0,1.0,0.0,0.0,0.0,0.0,0.0,40.0,42.0,9.0,3.0,2.0,0.0,,,,,,,,,,,,,,,,,,,
adhd,adhd_74,2010-06-13,1440,0,227.1875,364.7536358197818,0.3638888888888889,55.0,0.0,294.0,1,30-39,10:00:00,7.2,1.0,1.0,0.0,1.0,0.0,0.0,0.0,0.0,0.0,40.0,42.0,9.0,3.0,2.0,0.0,,,,,,,,,,,,,,,,,,,
adhd,adhd_74,2010-06-14,1440,0,232.96180555555554,508.86689545615405,0.45625,10.0,0.0,216.0,1,30-39,10:00:00,7.2,1.0,1.0,0.0,1.0,0.0,0.0,0.0,0.0,0.0,40.0,42.0,9.0,3.0,2.0,0.0,,,,,,,,,,,,,,,,,,,
adhd,adhd_74,2010-06-15,1440,0,245.77847222222223,347.9390495121864,0.3638888888888889,76.0,0.0,384.0,1,30-39,10:00:00,7.2,1.0,1.0,0.0,1.0,0.0,0.0,0.0,0.0,0.0,40.0,42.0,9.0,3.0,2.0,0.0,,,,,,,,,,,,,,,,,,,
adhd,adhd_74,2010-06-16,1440,0,226.3840277777778,358.04425222372123,0.4263888888888889,31.0,0.0,348.0,1,30-39,10:00:00,7.2,1.0,1.0,0.0,1.0,0.0,0.0,0.0,0.0,0.0,40.0,42.0,9.0,3.0,2.0,0.0,,,,,,,,,,,,,,,,,,,
adhd,adhd_75,2010-10-05,1440,0,285.3847222222222,366.0416214796869,0.30694444444444446,137.0,0.0,438.0,1,17-29,11:45:00,5.5,1.0,0.0,0.0,0.0,1.0,0.0,0.0,1.0,0.0,60.0,51.0,11.0,8.0,2.0,0.0,,,,,,,,,,,,,,,,,,,
adhd,adhd_75,2010-10-06,1440,0,349.96180555555554,417.2694347541805,0.2986111111111111,192.0,0.0,586.0,1,17-29,11:45:00,5.5,1.0,0.0,0.0,0.0,1.0,0.0,0.0,1.0,0.0,60.0,51.0,11.0,8.0,2.0,0.0,,,,,,,,,,,,,,,,,,,
adhd,adhd_75,2010-10-07,1440,0,282.4347222222222,589.2278079212662,0.39375,43.0,0.0,284.0,1,17-29,11:45:00,5.5,1.0,0.0,0.0,0.0,1.0,0.0,0.0,1.0,0.0,60.0,51.0,11.0,8.0,2.0,0.0,,,,,,,,,,,,,,,,,,,
adhd,adhd_75,2010-10-08,1440,0,354.69444444444446,434.9966136167323,0.3597222222222222,189.0,0.0,550.0,1,17-29,11:45:00,5.5,1.0,0.0,0.0,0.0,1.0,0.0,0.0,1.0,0.0,60.0,51.0,11.0,8.0,2.0,0.0,,,,,,,,,,,,,,,,,,,
adhd,adhd_77,2010-10-19,1440,0,195.4736111111111,256.9134811636527,0.34444444444444444,100.0,0.0,292.0,1,30-39,13:15:00,6.3,1.0,1.0,0.0,0.0,0.0,0.0,0.0,1.0,1.0,21.0,40.0,4.0,6.0,5.0,0.0,,,,,,,,,,,,,,,,,,,
adhd,adhd_77,2010-10-20,1440,0,247.3361111111111,283.3153221263248,0.2951388888888889,146.0,0.0,402.0,1,30-39,13:15:00,6.3,1.0,1.0,0.0,0.0,0.0,0.0,0.0,1.0,1.0,21.0,40.0,4.0,6.0,5.0,0.0,,,,,,,,,,,,,,,,,,,
adhd,adhd_77,2010-10-21,1440,0,76.24861111111112,214.96919514009932,0.7625,0.0,0.0,0.0,1,30-39,13:15:00,6.3,1.0,1.0,0.0,0.0,0.0,0.0,0.0,1.0,1.0,21.0,40.0,4.0,6.0,5.0,0.0,,,,,,,,,,,,,,,,,,,
adhd,adhd_77,2010-10-22,1440,0,198.30694444444444,264.38535943790083,0.39444444444444443,83.0,0.0,321.0,1,30-39,13:15:00,6.3,1.0,1.0,0.0,0.0,0.0,0.0,0.0,1.0,1.0,21.0,40.0,4.0,6.0,5.0,0.0,,,,,,,,,,,,,,,,,,,
adhd,adhd_77,2010-10-23,1440,0,249.575,308.89006258520016,0.3138888888888889,107.0,0.0,429.0,1,30-39,13:15:00,6.3,1.0,1.0,0.0,0.0,0.0,0.0,0.0,1.0,1.0,21.0,40.0,4.0,6.0,5.0,0.0,,,,,,,,,,,,,,,,,,,
adhd,adhd_8,2009-04-04,1440,0,181.64513888888888,246.45496498962297,0.2652777777777778,92.0,0.0,267.0,1,30-39,12:00:00,4.3,1.0,0.0,1.0,0.0,1.0,1.0,1.0,1.0,1.0,70.0,63.0,19.0,17.0,4.0,1.0,,,,1.0,,,,,,,,,,,,,,,
adhd,adhd_8,2009-04-05,1440,0,145.79236111111112,285.5517453058253,0.4486111111111111,9.0,0.0,162.5,1,30-39,12:00:00,4.3,1.0,0.0,1.0,0.0,1.0,1.0,1.0,1.0,1.0,70.0,63.0,19.0,17.0,4.0,1.0,,,,1.0,,,,,,,,,,,,,,,
adhd,adhd_8,2009-04-06,1440,0,124.95,216.7861599979728,0.39305555555555555,15.0,0.0,161.0,1,30-39,12:00:00,4.3,1.0,0.0,1.0,0.0,1.0,1.0,1.0,1.0,1.0,70.0,63.0,19.0,17.0,4.0,1.0,,,,1.0,,,,,,,,,,,,,,,
adhd,adhd_83,2010-11-25,1440,0,301.0152777777778,442.9643323864683,0.30972222222222223,94.0,0.0,427.5,2,50-67,10:50:00,7.1,1.0,1.0,1.0,0.0,1.0,0.0,0.0,1.0,1.0,43.0,37.0,25.0,17.0,7.0,1.0,1.0,,,,,,,,,,,,,,,,,,
adhd,adhd_83,2010-11-26,1440,0,354.1951388888889,493.7624781587608,0.33819444444444446,149.0,0.0,515.0,2,50-67,10:50:00,7.1,1.0,1.0,1.0,0.0,1.0,0.0,0.0,1.0,1.0,43.0,37.0,25.0,17.0,7.0,1.0,1.0,,,,,,,,,,,,,,,,,,
adhd,adhd_83,2010-11-27,1440,0,344.68055555555554,481.9104408033166,0.3159722222222222,121.0,0.0,586.0,2,50-67,10:50:00,7.1,1.0,1.0,1.0,0.0,1.0,0.0,0.0,1.0,1.0,43.0,37.0,25.0,17.0,7.0,1.0,1.0,,,,,,,,,,,,,,,,,,
adhd,adhd_83,2010-11-28,1440,0,312.59722222222223,615.5082906229754,0.4375,22.0,0.0,360.0,2,50-67,10:50:00,7.1,1.0,1.0,1.0,0.0,1.0,0.0,0.0,1.0,1.0,43.0,37.0,25.0,17.0,7.0,1.0,1.0,,,,,,,,,,,,,,,,,,
adhd,adhd_83,2010-11-29,1440,0,261.08125,453.44888653958895,0.43125,32.0,0.0,327.0,2,50-67,10:50:00,7.1,1.0,1.0,1.0,0.0,1.0,0.0,0.0,1.0,1.0,43.0,37.0,25.0,17.0,7.0,1.0,1.0,,,,,,,,,,,,,,,,,,
adhd,adhd_83,2010-11-30,1440,0,401.1138888888889,556.8784111519307,0.3263888888888889,166.0,0.0,605.0,2,50-67,10:50:00,7.1,1.0,1.0,1.0,0.0,1.0,0.0,0.0,1.0,1.0,43.0,37.0,25.0,17.0,7.0,1.0,1.0,,,,,,,,,,,,,,,,,,
adhd,adhd_84,2010-09-17,1440,0,88.3548611111111,134.6996650628214,0.25763888888888886,41.0,0.0,112.0,2,40-49,17:01:00,10.1,1.0,0.0,0.0,0.0,0.0,1.0,0.0,0.0,0.0,30.0,44.0,18.0,10.0,3.0,0.0,,,,,,,,,,,,,,,,,,,
adhd,adhd_84,2010-09-18,1440,0,4.98125,26.738970905855123,0.9020833333333333,0.0,0.0,0.0,2,40-49,17:01:00,10.1,1.0,0.0,0.0,0.0,0.0,1.0,0.0,0.0,0.0,30.0,44.0,18.0,10.0,3.0,0.0,,,,,,,,,,,,,,,,,,,
adhd,adhd_84,2010-09-19,1440,0,62.25347222222222,100.97133972705824,0.1673611111111111,26.0,7.0,65.75,2,40-49,17:01:00,10.1,1.0,0.0,0.0,0.0,0.0,1.0,0.0,0.0,0.0,30.0,44.0,18.0,10.0,3.0,0.0,,,,,,,,,,,,,,,,,,,
adhd,adhd_84,2010-09-20,1440,0,205.46805555555557,194.55162934180854,0.06111111111111111,155.0,57.0,286.0,2,40-49,17:01:00,10.1,1.0,0.0,0.0,0.0,0.0,1.0,0.0,0.0,0.0,30.0,44.0,18.0,10.0,3.0,0.0,,,,,,,,,,,,,,,,,,,
adhd,adhd_84,2010-09-21,1440,0,145.41319444444446,161.2759349283635,0.09027777777777778,88.0,29.5,205.0,2,40-49,17:01:00,10.1,1.0,0.0,0.0,0.0,0.0,1.0,0.0,0.0,0.0,30.0,44.0,18.0,10.0,3.0,0.0,,,,,,,,,,,,,,,,,,,
adhd,adhd_84,2010-09-22,1440,0,31.94236111111111,80.69960680740395,0.6958333333333333,0.0,0.0,14.0,2,40-49,17:01:00,10.1,1.0,0.0,0.0,0.0,0.0,1.0,0.0,0.0,0.0,30.0,44.0,18.0,10.0,3.0,0.0,,,,,,,,,,,,,,,,,,,
adhd,adhd_84,2010-09-23,1440,0,44.232638888888886,86.22948655401817,0.6375,0.0,0.0,51.0,2,40-49,17:01:00,10.1,1.0,0.0,0.0,0.0,0.0,1.0,0.0,0.0,0.0,30.0,44.0,18.0,10.0,3.0,0.0,,,,,,,,,,,,,,,,,,,
adhd,adhd_84,2010-09-24,1440,0,108.13263888888889,126.77622911270184,0.18888888888888888,77.0,11.0,155.0,2,40-49,17:01:00,10.1,1.0,0.0,0.0,0.0,0.0,1.0,0.0,0.0,0.0,30.0,44.0,18.0,10.0,3.0,0.0,,,,,,,,,,,,,,,,,,,
adhd,adhd_84,2010-09-25,1440,0,76.41597222222222,116.16423907267057,0.08541666666666667,46.0,16.0,95.0,2,40-49,17:01:00,10.1,1.0,0.0,0.0,0.0,0.0,1.0,0.0,0.0,0.0,30.0,44.0,18.0,10.0,3.0,0.0,,,,,,,,,,,,,,,,,,,
adhd,adhd_85,2011-01-12,1440,0,146.81458333333333,236.49678687879262,0.38472222222222224,40.0,0.0,189.0,2,40-49,11:42:00,6.0,1.0,1.0,1.0,0.0,0.0,0.0,0.0,1.0,1.0,62.0,57.0,18.0,12.0,13.0,0.0,,,,,,,,,,,,,,,,,,,
adhd,adhd_85,2011-01-13,1440,0,161.72569444444446,216.9387596786398,0.2534722222222222,69.0,0.0,232.0,2,40-49,11:42:00,6.0,1.0,1.0,1.0,0.0,0.0,0.0,0.0,1.0,1.0,62.0,57.0,18.0,12.0,13.0,0.0,,,,,,,,,,,,,,,,,,,
adhd,adhd_85,2011-01-14,1440,0,100.26736111111111,202.96168232023132,0.4673611111111111,5.0,0.0,93.0,2,40-49,11:42:00,6.0,1.0,1.0,1.0,0.0,0.0,0.0,0.0,1.0,1.0,62.0,57.0,18.0,12.0,13.0,0.0,,,,,,,,,,,,,,,,,,,
adhd,adhd_85,2011-01-15,1440,0,131.8388888888889,222.55358690259268,0.39861111111111114,26.0,0.0,168.0,2,40-49,11:42:00,6.0,1.0,1.0,1.0,0.0,0.0,0.0,0.0,1.0,1.0,62.0,57.0,18.0,12.0,13.0,0.0,,,,,,,,,,,,,,,,,,,
adhd,adhd_85,2011-01-16,1440,0,149.95208333333332,241.66485587504062,0.41805555555555557,29.0,0.0,216.0,2,40-49,11:42:00,6.0,1.0,1.0,1.0,0.0,0.0,0.0,0.0,1.0,1.0,62.0,57.0,18.0,12.0,13.0,0.0,,,,,,,,,,,,,,,,,,,
adhd,adhd_87,2011-01-19,1440,0,157.83541666666667,312.15278710218126,0.5006944444444444,0.0,0.0,184.0,1,17-29,11:00:00,7.1,1.0,1.0,0.0,1.0,1.0,1.0,0.0,1.0,0.0,36.0,42.0,23.0,8.0,6.0,0.0,,,,,,,,,,,,,,,,,,,
adhd,adhd_87,2011-01-20,1440,0,247.16180555555556,401.62166872715477,0.34791666666666665,85.0,0.0,328.0,1,17-29,11:00:00,7.1,1.0,1.0,0.0,1.0,1.0,1.0,0.0,1.0,0.0,36.0,42.0,23.0,8.0,6.0,0.0,,,,,,,,,,,,,,,,,,,
adhd,adhd_87,2011-01-21,1440,0,292.09166666666664,434.65677383616907,0.31875,107.0,0.0,411.0,1,17-29,11:00:00,7.1,1.0,1.0,0.0,1.0,1.0,1.0,0.0,1.0,0.0,36.0,42.0,23.0,8.0,6.0,0.0,,,,,,,,,,,,,,,,,,,
adhd,adhd_87,2011-01-22,1440,0,280.0444444444444,405.10199260628207,0.3375,107.0,0.0,439.0,1,17-29,11:00:00,7.1,1.0,1.0,0.0,1.0,1.0,1.0,0.0,1.0,0.0,36.0,42.0,23.0,8.0,6.0,0.0,,,,,,,,,,,,,,,,,,,
adhd,adhd_87,2011-01-23,1440,0,233.51944444444445,374.4157109709922,0.425,33.0,0.0,349.0,1,17-29,11:00:00,7.1,1.0,1.0,0.0,1.0,1.0,1.0,0.0,1.0,0.0,36.0,42.0,23.0,8.0,6.0,0.0,,,,,,,,,,,,,,,,,,,
adhd,adhd_87,2011-01-24,1440,0,270.37847222222223,399.92548501481195,0.3590277777777778,107.0,0.0,386.0,1,17-29,11:00:00,7.1,1.0,1.0,0.0,1.0,1.0,1.0,0.0,1.0,0.0,36.0,42.0,23.0,8.0,6.0,0.0,,,,,,,,,,,,,,,,,,,
adhd,adhd_88,2010-10-13,1440,0,134.84652777777777,212.8924661436413,0.3770833333333333,28.0,0.0,184.0,2,50-67,17:00:00,7.1,1.0,0.0,0.0,1.0,1.0,1.0,0.0,1.0,1.0,88.0,62.0,16.0,16.0,12.0,1.0,,,,1.0,,,,,,,,,,,,,,,
adhd,adhd_88,2010-10-14,1440,0,208.09027777777777,276.0703567026399,0.21597222222222223,99.0,7.0,306.0,2,50-67,17:00:00,7.1,1.0,0.0,0.0,1.0,1.0,1.0,0.0,1.0,1.0,88.0,62.0,16.0,16.0,12.0,1.0,,,,1.0,,,,,,,,,,,,,,,
adhd,adhd_88,2010-10-15,1440,0,150.5048611111111,208.97538060401237,0.325,68.0,0.0,227.0,2,50-67,17:00:00,7.1,1.0,0.0,0.0,1.0,1.0,1.0,0.0,1.0,1.0,88.0,62.0,16.0,16.0,12.0,1.0,,,,1.0,,,,,,,,,,,,,,,
adhd,adhd_88,2010-10-16,1440,0,142.02152777777778,271.89347680847226,0.4236111111111111,13.0,0.0,166.0,2,50-67,17:00:00,7.1,1.0,0.0,0.0,1.0,1.0,1.0,0.0,1.0,1.0,88.0,62.0,16.0,16.0,12.0,1.0,,,,1.0,,,,,,,,,,,,,,,
adhd,adhd_88,2010-10-17,1440,0,135.92361111111111,304.9588628874828,0.5493055555555556,0.0,0.0,94.0,2,50-67,17:00:00,7.1,1.0,0.0,0.0,1.0,1.0,1.0,0.0,1.0,1.0,88.0,62.0,16.0,16.0,12.0,1.0,,,,1.0,,,,,,,,,,,,,,,
adhd,adhd_88,2010-10-18,1440,0,118.74097222222223,255.94110973935065,0.5159722222222223,0.0,0.0,121.0,2,50-67,17:00:00,7.1,1.0,0.0,0.0,1.0,1.0,1.0,0.0,1.0,1.0,88.0,62.0,16.0,16.0,12.0,1.0,,,,1.0,,,,,,,,,,,,,,,
adhd,adhd_91,2011-03-10,1440,0,178.6576388888889,254.2817938931851,0.30694444444444446,68.0,0.0,268.0,2,40-49,14:30:00,7.4,1.0,1.0,1.0,0.0,1.0,1.0,0.0,1.0,1.0,59.0,46.0,22.0,14.0,9.0,0.0,,,,,,,,,,,,,,,,,,,
adhd,adhd_91,2011-03-11,1440,0,182.84583333333333,234.53957521866113,0.30833333333333335,89.5,0.0,285.0,2,40-49,14:30:00,7.4,1.0,1.0,1.0,0.0,1.0,1.0,0.0,1.0,1.0,59.0,46.0,22.0,14.0,9.0,0.0,,,,,,,,,,,,,,,,,,,
adhd,adhd_91,2011-03-12,1440,0,192.08680555555554,305.54702328286186,0.30486111111111114,68.0,0.0,241.0,2,40-49,14:30:00,7.4,1.0,1.0,1.0,0.0,1.0,1.0,0.0,1.0,1.0,59.0,46.0,22.0,14.0,9.0,0.0,,,,,,,,,,,,,,,,,,,
adhd,adhd_91,2011-03-13,1440,0,160.67916666666667,248.5199826738173,0.3,43.5,0.0,219.0,2,40-49,14:30:00,7.4,1.0,1.0,1.0,0.0,1.0,1.0,0.0,1.0,1.0,59.0,46.0,22.0,14.0,9.0,0.0,,,,,,,,,,,,,,,,,,,
adhd,adhd_91,2011-03-14,1440,0,191.20347222222222,299.01619867705665,0.35208333333333336,47.0,0.0,285.0,2,40-49,14:30:00,7.4,1.0,1.0,1.0,0.0,1.0,1.0,0.0,1.0,1.0,59.0,46.0,22.0,14.0,9.0,0.0,,,,,,,,,,,,,,,,,,,
adhd,adhd_91,2011-03-15,1440,0,144.88333333333333,217.12441134059523,0.3159722222222222,56.0,0.0,205.0,2,40-49,14:30:00,7.4,1.0,1.0,1.0,0.0,1.0,1.0,0.0,1.0,1.0,59.0,46.0,22.0,14.0,9.0,0.0,,,,,,,,,,,,,,,,,,,
adhd,adhd_91,2011-03-16,1440,0,180.48125,315.65082181914903,0.46944444444444444,12.5,0.0,212.0,2,40-49,14:30:00,7.4,1.0,1.0,1.0,0.0,1.0,1.0,0.0,1.0,1.0,59.0,46.0,22.0,14.0,9.0,0.0,,,,,,,,,,,,,,,,,,,
adhd,adhd_92,2011-01-21,1440,0,262.2736111111111,369.41842261897716,0.325,80.5,0.0,424.0,2,30-39,16:35:00,6.7,1.0,0.0,1.0,0.0,1.0,0.0,0.0,1.0,1.0,60.0,54.0,9.0,12.0,0.0,0.0,,,,,,,,,,,,,,,,,,,
adhd,adhd_92,2011-01-22,1440,0,172.02291666666667,322.6874974376977,0.5361111111111111,0.0,0.0,178.0,2,30-39,16:35:00,6.7,1.0,0.0,1.0,0.0,1.0,0.0,0.0,1.0,1.0,60.0,54.0,9.0,12.0,0.0,0.0,,,,,,,,,,,,,,,,,,,
adhd,adhd_92,2011-01-23,1440,0,204.15347222222223,317.63597163113434,0.3277777777777778,65.0,0.0,285.0,2,30-39,16:35:00,6.7,1.0,0.0,1.0,0.0,1.0,0.0,0.0,1.0,1.0,60.0,54.0,9.0,12.0,0.0,0.0,,,,,,,,,,,,,,,,,,,
adhd,adhd_92,2011-01-24,1440,0,260.7701388888889,447.46715344689784,0.36319444444444443,59.0,0.0,360.0,2,30-39,16:35:00,6.7,1.0,0.0,1.0,0.0,1.0,0.0,0.0,1.0,1.0,60.0,54.0,9.0,12.0,0.0,0.0,,,,,,,,,,,,,,,,,,,
adhd,adhd_92,2011-01-25,1440,0,251.16944444444445,386.53120710540054,0.38472222222222224,65.0,0.0,349.0,2,30-39,16:35:00,6.7,1.0,0.0,1.0,0.0,1.0,0.0,0.0,1.0,1.0,60.0,54.0,9.0,12.0,0.0,0.0,,,,,,,,,,,,,,,,,,,
adhd,adhd_92,2011-01-26,1440,0,217.84375,403.67501010142047,0.47638888888888886,9.0,0.0,277.0,2,30-39,16:35:00,6.7,1.0,0.0,1.0,0.0,1.0,0.0,0.0,1.0,1.0,60.0,54.0,9.0,12.0,0.0,0.0,,,,,,,,,,,,,,,,,,,
adhd,adhd_94,2011-01-21,1440,0,253.82222222222222,371.06598740139583,0.3972222222222222,53.0,0.0,424.0,2,40-49,18:00:00,6.0,1.0,0.0,0.0,0.0,0.0,0.0,0.0,0.0,0.0,83.0,59.0,21.0,18.0,12.0,1.0,1.0,,,,,,,,,,,,,,,,,,
adhd,adhd_94,2011-01-22,1440,0,207.21875,312.3574320276083,0.37083333333333335,59.0,0.0,315.0,2,40-49,18:00:00,6.0,1.0,0.0,0.0,0.0,0.0,0.0,0.0,0.0,0.0,83.0,59.0,21.0,18.0,12.0,1.0,1.0,,,,,,,,,,,,,,,,,,
adhd,adhd_94,2011-01-23,1440,0,93.89861111111111,221.2324274208359,0.5444444444444444,0.0,0.0,66.0,2,40-49,18:00:00,6.0,1.0,0.0,0.0,0.0,0.0,0.0,0.0,0.0,0.0,83.0,59.0,21.0,18.0,12.0,1.0,1.0,,,,,,,,,,,,,,,,,,
adhd,adhd_94,2011-01-24,1440,0,214.88333333333333,343.4255867158286,0.39652777777777776,34.0,0.0,284.0,2,40-49,18:00:00,6.0,1.0,0.0,0.0,0.0,0.0,0.0,0.0,0.0,0.0,83.0,59.0,21.0,18.0,12.0,1.0,1.0,,,,,,,,,,,,,,,,,,
adhd,adhd_94,2011-01-25,1440,0,219.75972222222222,355.2739600801527,0.38333333333333336,40.0,0.0,294.0,2,40-49,18:00:00,6.0,1.0,0.0,0.0,0.0,0.0,0.0,0.0,0.0,0.0,83.0,59.0,21.0,18.0,12.0,1.0,1.0,,,,,,,,,,,,,,,,,,
adhd,adhd_95,2011-03-30,1440,0,206.13125,332.0865936621112,0.4083333333333333,29.0,0.0,306.0,2,30-39,11:57:00,7.4,1.0,1.0,1.0,0.0,0.0,0.0,0.0,1.0,1.0,26.0,55.0,14.0,9.0,4.0,0.0,,,,,,,,,,,,,,,,,,,
adhd,adhd_95,2011-03-31,1440,0,202.61805555555554,305.5511413033417,0.40069444444444446,40.0,0.0,308.5,2,30-39,11:57:00,7.4,1.0,1.0,1.0,0.0,0.0,0.0,0.0,1.0,1.0,26.0,55.0,14.0,9.0,4.0,0.0,,,,,,,,,,,,,,,,,,,
adhd,adhd_95,2011-04-01,1440,0,325.61597222222224,378.3916811033528,0.35694444444444445,184.0,0.0,586.0,2,30-39,11:57:00,7.4,1.0,1.0,1.0,0.0,0.0,0.0,0.0,1.0,1.0,26.0,55.0,14.0,9.0,4.0,0.0,,,,,,,,,,,,,,,,,,,
adhd,adhd_95,2011-04-02,1440,0,309.93402777777777,378.51701188527153,0.35555555555555557,197.0,0.0,531.0,2,30-39,11:57:00,7.4,1.0,1.0,1.0,0.0,0.0,0.0,0.0,1.0,1.0,26.0,55.0,14.0,9.0,4.0,0.0,,,,,,,,,,,,,,,,,,,
adhd,adhd_95,2011-04-03,1440,0,185.29722222222222,260.5093605549106,0.40902777777777777,37.0,0.0,298.5,2,30-39,11:57:00,7.4,1.0,1.0,1.0,0.0,0.0,0.0,0.0,1.0,1.0,26.0,55.0,14.0,9.0,4.0,0.0,,,,,,,,,,,,,,,,,,,
adhd,adhd_95,2011-04-04,1440,0,147.93333333333334,256.9846050296053,0.46111111111111114,4.0,0.0,191.75,2,30-39,11:57:00,7.4,1.0,1.0,1.0,0.0,0.0,0.0,0.0,1.0,1.0,26.0,55.0,14.0,9.0,4.0,0.0,,,,,,,,,,,,,,,,,,,
adhd,adhd_97,2011-03-31,1440,0,194.85486111111112,320.3865337651323,0.4673611111111111,9.0,0.0,277.0,1,30-39,12:08:00,7.5,1.0,1.0,0.0,1.0,0.0,0.0,0.0,1.0,0.0,63.0,63.0,7.0,4.0,0.0,0.0,,,,,,,,,,,,,,,,,,,
adhd,adhd_97,2011-04-01,1440,0,153.44861111111112,294.17155590509856,0.4076388888888889,17.5,0.0,144.25,1,30-39,12:08:00,7.5,1.0,1.0,0.0,1.0,0.0,0.0,0.0,1.0,0.0,63.0,63.0,7.0,4.0,0.0,0.0,,,,,,,,,,,,,,,,,,,
adhd,adhd_97,2011-04-02,1440,0,172.02708333333334,282.4309010179771,0.4409722222222222,15.0,0.0,235.0,1,30-39,12:08:00,7.5,1.0,1.0,0.0,1.0,0.0,0.0,0.0,1.0,0.0,63.0,63.0,7.0,4.0,0.0,0.0,,,,,,,,,,,,,,,,,,,
adhd,adhd_97,2011-04-03,1440,0,144.07361111111112,289.6316005304821,0.5229166666666667,0.0,0.0,140.0,1,30-39,12:08:00,7.5,1.0,1.0,0.0,1.0,0.0,0.0,0.0,1.0,0.0,63.0,63.0,7.0,4.0,0.0,0.0,,,,,,,,,,,,,,,,,,,
adhd,adhd_97,2011-04-04,1440,0,168.38958333333332,304.9354513250737,0.4305555555555556,15.0,0.0,197.0,1,30-39,12:08:00,7.5,1.0,1.0,0.0,1.0,0.0,0.0,0.0,1.0,0.0,63.0,63.0,7.0,4.0,0.0,0.0,,,,,,,,,,,,,,,,,,,
adhd,adhd_97,2011-04-05,1440,0,183.08541666666667,265.43122473647327,0.41458333333333336,34.0,0.0,296.0,1,30-39,12:08:00,7.5,1.0,1.0,0.0,1.0,0.0,0.0,0.0,1.0,0.0,63.0,63.0,7.0,4.0,0.0,0.0,,,,,,,,,,,,,,,,,,,
adhd,adhd_98,2011-02-10,1440,0,148.97083333333333,221.925195065502,0.4,40.0,0.0,240.0,1,40-49,15:00:00,6.9,1.0,0.0,1.0,0.0,0.0,0.0,0.0,1.0,0.0,77.0,48.0,14.0,,,0.0,,,,,,,,,,,,,,,,,,,
adhd,adhd_98,2011-02-11,1440,0,175.22916666666666,276.61380566168225,0.4576388888888889,22.0,0.0,275.0,1,40-49,15:00:00,6.9,1.0,0.0,1.0,0.0,0.0,0.0,0.0,1.0,0.0,77.0,48.0,14.0,,,0.0,,,,,,,,,,,,,,,,,,,
adhd,adhd_98,2011-02-12,1440,0,167.1611111111111,300.8374245130654,0.4951388888888889,3.0,0.0,242.25,1,40-49,15:00:00,6.9,1.0,0.0,1.0,0.0,0.0,0.0,0.0,1.0,0.0,77.0,48.0,14.0,,,0.0,,,,,,,,,,,,,,,,,,,
adhd,adhd_98,2011-02-13,1440,0,141.04722222222222,257.10840070776794,0.49722222222222223,3.0,0.0,175.0,1,40-49,15:00:00,6.9,1.0,0.0,1.0,0.0,0.0,0.0,0.0,1.0,0.0,77.0,48.0,14.0,,,0.0,,,,,,,,,,,,,,,,,,,
adhd,adhd_98,2011-02-14,1440,0,118.57291666666667,251.07882829201878,0.5527777777777778,0.0,0.0,107.0,1,40-49,15:00:00,6.9,1.0,0.0,1.0,0.0,0.0,0.0,0.0,1.0,0.0,77.0,48.0,14.0,,,0.0,,,,,,,,,,,,,,,,,,,
adhd,adhd_98,2011-02-15,1440,0,157.1125,355.8818622011383,0.5215277777777778,0.0,0.0,131.0,1,40-49,15:00:00,6.9,1.0,0.0,1.0,0.0,0.0,0.0,0.0,1.0,0.0,77.0,48.0,14.0,,,0.0,,,,,,,,,,,,,,,,,,,
clinical,clinical_10,2009-04-25,1440,0,106.78819444444444,113.31556968418363,0.12222222222222222,80.0,22.0,157.0,2,40-49,9:46:00,9.0,0.0,0.0,0.0,0.0,1.0,1.0,1.0,0.0,0.0,42.0,38.0,16.0,10.0,5.0,0.0,,,,,,,,,,,,,,,,,,,
clinical,clinical_10,2009-04-26,1440,0,54.87708333333333,127.6525482939432,0.4486111111111111,3.0,0.0,62.0,2,40-49,9:46:00,9.0,0.0,0.0,0.0,0.0,1.0,1.0,1.0,0.0,0.0,42.0,38.0,16.0,10.0,5.0,0.0,,,,,,,,,,,,,,,,,,,
clinical,clinical_10,2009-04-27,1440,0,5.278472222222222,21.56726127205321,0.6104166666666667,0.0,0.0,3.0,2,40-49,9:46:00,9.0,0.0,0.0,0.0,0.0,1.0,1.0,1.0,0.0,0.0,42.0,38.0,16.0,10.0,5.0,0.0,,,,,,,,,,,,,,,,,,,
clinical,clinical_10,2009-04-28,1440,0,71.06388888888888,99.82180693832436,0.11736111111111111,7.0,3.0,121.0,2,40-49,9:46:00,9.0,0.0,0.0,0.0,0.0,1.0,1.0,1.0,0.0,0.0,42.0,38.0,16.0,10.0,5.0,0.0,,,,,,,,,,,,,,,,,,,
clinical,clinical_10,2009-04-29,1440,0,64.5201388888889,105.86873888076184,0.49444444444444446,3.0,0.0,100.0,2,40-49,9:46:00,9.0,0.0,0.0,0.0,0.0,1.0,1.0,1.0,0.0,0.0,42.0,38.0,16.0,10.0,5.0,0.0,,,,,,,,,,,,,,,,,,,
clinical,clinical_10,2009-04-30,1440,0,81.15694444444445,87.51767492339427,0.16597222222222222,59.0,12.0,116.0,2,40-49,9:46:00,9.0,0.0,0.0,0.0,0.0,1.0,1.0,1.0,0.0,0.0,42.0,38.0,16.0,10.0,5.0,0.0,,,,,,,,,,,,,,,,,,,
clinical,clinical_10,2009-05-01,1440,0,29.429166666666667,68.45814199100873,0.69375,0.0,0.0,16.0,2,40-49,9:46:00,9.0,0.0,0.0,0.0,0.0,1.0,1.0,1.0,0.0,0.0,42.0,38.0,16.0,10.0,5.0,0.0,,,,,,,,,,,,,,,,,,,
clinical,clinical_10,2009-05-02,1440,0,89.83888888888889,158.63132182968184,0.5034722222222222,0.0,0.0,147.0,2,40-49,9:46:00,9.0,0.0,0.0,0.0,0.0,1.0,1.0,1.0,0.0,0.0,42.0,38.0,16.0,10.0,5.0,0.0,,,,,,,,,,,,,,,,,,,
clinical,clinical_101,2011-05-03,1440,0,197.5236111111111,328.07115716676105,0.4534722222222222,12.0,0.0,296.0,2,17-29,14:30:00,6.6,0.0,0.0,1.0,0.0,1.0,1.0,0.0,1.0,0.0,6.0,46.0,10.0,15.0,11.0,0.0,,,,,,,,,,,,,,,,,,,
clinical,clinical_101,2011-05-04,1440,0,246.47569444444446,374.97713184838346,0.36180555555555555,62.0,0.0,397.0,2,17-29,14:30:00,6.6,0.0,0.0,1.0,0.0,1.0,1.0,0.0,1.0,0.0,6.0,46.0,10.0,15.0,11.0,0.0,,,,,,,,,,,,,,,,,,,
clinical,clinical_101,2011-05-05,1440,0,213.27569444444444,392.7532742183571,0.46319444444444446,15.0,0.0,279.0,2,17-29,14:30:00,6.6,0.0,0.0,1.0,0.0,1.0,1.0,0.0,1.0,0.0,6.0,46.0,10.0,15.0,11.0,0.0,,,,,,,,,,,,,,,,,,,
clinical,clinical_101,2011-05-06,1440,0,303.2416666666667,466.71158853728923,0.39375,74.0,0.0,471.75,2,17-29,14:30:00,6.6,0.0,0.0,1.0,0.0,1.0,1.0,0.0,1.0,0.0,6.0,46.0,10.0,15.0,11.0,0.0,,,,,,,,,,,,,,,,,,,
clinical,clinical_101,2011-05-07,1440,0,268.76875,374.4164107070774,0.31180555555555556,112.0,0.0,424.0,2,17-29,14:30:00,6.6,0.0,0.0,1.0,0.0,1.0,1.0,0.0,1.0,0.0,6.0,46.0,10.0,15.0,11.0,0.0,,,,,,,,,,,,,,,,,,,
clinical,clinical_101,2011-05-08,1440,0,233.92569444444445,372.59274856636694,0.3548611111111111,85.0,0.0,316.0,2,17-29,14:30:00,6.6,0.0,0.0,1.0,0.0,1.0,1.0,0.0,1.0,0.0,6.0,46.0,10.0,15.0,11.0,0.0,,,,,,,,,,,,,,,,,,,
clinical,clinical_104,2011-04-16,1440,0,334.1222222222222,416.93864663968054,0.3263888888888889,134.0,0.0,567.0,1,30-39,12:08:00,7.3,0.0,0.0,1.0,0.0,1.0,0.0,0.0,1.0,1.0,32.0,49.0,10.0,8.0,2.0,0.0,,,,,,,,,,,,,,,,,,,
clinical,clinical_104,2011-04-17,1440,0,234.42777777777778,357.99854368970637,0.38333333333333336,50.0,0.0,348.0,1,30-39,12:08:00,7.3,0.0,0.0,1.0,0.0,1.0,0.0,0.0,1.0,1.0,32.0,49.0,10.0,8.0,2.0,0.0,,,,,,,,,,,,,,,,,,,
clinical,clinical_104,2011-04-18,1440,0,403.43125,493.4124916741611,0.3423611111111111,189.0,0.0,711.0,1,30-39,12:08:00,7.3,0.0,0.0,1.0,0.0,1.0,0.0,0.0,1.0,1.0,32.0,49.0,10.0,8.0,2.0,0.0,,,,,,,,,,,,,,,,,,,
clinical,clinical_104,2011-04-19,1440,0,356.05069444444445,423.94479732634215,0.2534722222222222,209.0,0.0,550.0,1,30-39,12:08:00,7.3,0.0,0.0,1.0,0.0,1.0,0.0,0.0,1.0,1.0,32.0,49.0,10.0,8.0,2.0,0.0,,,,,,,,,,,,,,,,,,,
clinical,clinical_104,2011-04-20,1440,0,307.93194444444447,404.3747757431591,0.31319444444444444,142.0,0.0,486.75,1,30-39,12:08:00,7.3,0.0,0.0,1.0,0.0,1.0,0.0,0.0,1.0,1.0,32.0,49.0,10.0,8.0,2.0,0.0,,,,,,,,,,,,,,,,,,,
clinical,clinical_104,2011-04-21,1440,0,356.65416666666664,452.71220145225817,0.3055555555555556,163.0,0.0,567.0,1,30-39,12:08:00,7.3,0.0,0.0,1.0,0.0,1.0,0.0,0.0,1.0,1.0,32.0,49.0,10.0,8.0,2.0,0.0,,,,,,,,,,,,,,,,,,,
clinical,clinical_105,2011-05-11,1440,0,351.5416666666667,535.2098533778856,0.44583333333333336,37.5,0.0,586.0,2,50-67,12:30:00,6.4,0.0,0.0,0.0,1.0,1.0,1.0,0.0,0.0,0.0,35.0,22.0,20.0,9.0,5.0,1.0,1.0,,,,,,,,,,,,,,,,,,
clinical,clinical_105,2011-05-12,1440,0,241.75,459.0096025986578,0.4486111111111111,19.0,0.0,285.0,2,50-67,12:30:00,6.4,0.0,0.0,0.0,1.0,1.0,1.0,0.0,0.0,0.0,35.0,22.0,20.0,9.0,5.0,1.0,1.0,,,,,,,,,,,,,,,,,,
clinical,clinical_105,2011-05-13,1440,0,251.74583333333334,431.5063979947651,0.48680555555555555,3.0,0.0,372.0,2,50-67,12:30:00,6.4,0.0,0.0,0.0,1.0,1.0,1.0,0.0,0.0,0.0,35.0,22.0,20.0,9.0,5.0,1.0,1.0,,,,,,,,,,,,,,,,,,
clinical,clinical_105,2011-05-14,1440,0,271.70694444444445,537.9620470985303,0.4701388888888889,9.0,0.0,327.0,2,50-67,12:30:00,6.4,0.0,0.0,0.0,1.0,1.0,1.0,0.0,0.0,0.0,35.0,22.0,20.0,9.0,5.0,1.0,1.0,,,,,,,,,,,,,,,,,,
clinical,clinical_105,2011-05-15,1440,0,293.46805555555557,507.2805536295114,0.46319444444444446,10.0,0.0,410.0,2,50-67,12:30:00,6.4,0.0,0.0,0.0,1.0,1.0,1.0,0.0,0.0,0.0,35.0,22.0,20.0,9.0,5.0,1.0,1.0,,,,,,,,,,,,,,,,,,
clinical,clinical_15,2009-06-16,1440,0,401.86805555555554,452.30502930556503,0.10833333333333334,294.0,3.0,666.0,1,40-49,11:00:00,6.9,0.0,0.0,1.0,0.0,1.0,0.0,0.0,1.0,0.0,59.0,46.0,19.0,17.0,7.0,0.0,,,,,,,,,,,,,,,,,,,
clinical,clinical_15,2009-06-17,1440,0,406.25416666666666,403.93167994844407,0.0,348.0,9.0,666.0,1,40-49,11:00:00,6.9,0.0,0.0,1.0,0.0,1.0,0.0,0.0,1.0,0.0,59.0,46.0,19.0,17.0,7.0,0.0,,,,,,,,,,,,,,,,,,,
clinical,clinical_15,2009-06-18,1440,0,451.50347222222223,415.47139557796186,0.0,410.0,23.5,733.0,1,40-49,11:00:00,6.9,0.0,0.0,1.0,0.0,1.0,0.0,0.0,1.0,0.0,59.0,46.0,19.0,17.0,7.0,0.0,,,,,,,,,,,,,,,,,,,
clinical,clinical_15,2009-06-19,1440,0,353.22430555555553,385.3747297448376,0.0,236.0,14.0,605.0,1,40-49,11:00:00,6.9,0.0,0.0,1.0,0.0,1.0,0.0,0.0,1.0,0.0,59.0,46.0,19.0,17.0,7.0,0.0,,,,,,,,,,,,,,,,,,,
clinical,clinical_15,2009-06-20,1440,0,331.68888888888887,415.76674368487073,0.0,121.0,7.0,567.0,1,40-49,11:00:00,6.9,0.0,0.0,1.0,0.0,1.0,0.0,0.0,1.0,0.0,59.0,46.0,19.0,17.0,7.0,0.0,,,,,,,,,,,,,,,,,,,
clinical,clinical_15,2009-06-21,1440,0,365.99583333333334,385.49414354158625,0.0,244.5,26.0,605.0,1,40-49,11:00:00,6.9,0.0,0.0,1.0,0.0,1.0,0.0,0.0,1.0,0.0,59.0,46.0,19.0,17.0,7.0,0.0,,,,,,,,,,,,,,,,,,,
clinical,clinical_18,2009-05-06,1440,0,336.02916666666664,399.64510017483013,0.18472222222222223,197.0,4.75,520.0,1,30-39,10:00:00,8.1,0.0,0.0,1.0,0.0,1.0,0.0,0.0,1.0,1.0,43.0,52.0,37.0,11.0,13.0,1.0,1.0,,,,,,,,,,,,,,,,,,
clinical,clinical_18,2009-05-07,1440,0,197.69583333333333,269.01108348578214,0.31527777777777777,92.0,0.0,292.0,1,30-39,10:00:00,8.1,0.0,0.0,1.0,0.0,1.0,0.0,0.0,1.0,1.0,43.0,52.0,37.0,11.0,13.0,1.0,1.0,,,,,,,,,,,,,,,,,,
clinical,clinical_18,2009-05-08,1440,0,121.3236111111111,227.0584958851497,0.4131944444444444,9.0,0.0,132.0,1,30-39,10:00:00,8.1,0.0,0.0,1.0,0.0,1.0,0.0,0.0,1.0,1.0,43.0,52.0,37.0,11.0,13.0,1.0,1.0,,,,,,,,,,,,,,,,,,
clinical,clinical_18,2009-05-09,1440,0,81.55972222222222,196.52997874209237,0.49166666666666664,2.0,0.0,51.0,1,30-39,10:00:00,8.1,0.0,0.0,1.0,0.0,1.0,0.0,0.0,1.0,1.0,43.0,52.0,37.0,11.0,13.0,1.0,1.0,,,,,,,,,,,,,,,,,,
clinical,clinical_18,2009-05-10,1440,0,228.32569444444445,353.9221118893816,0.2923611111111111,65.0,0.0,292.0,1,30-39,10:00:00,8.1,0.0,0.0,1.0,0.0,1.0,0.0,0.0,1.0,1.0,43.0,52.0,37.0,11.0,13.0,1.0,1.0,,,,,,,,,,,,,,,,,,
clinical,clinical_18,2009-05-11,1440,0,172.96319444444444,271.4364938123259,0.4527777777777778,9.0,0.0,265.0,1,30-39,10:00:00,8.1,0.0,0.0,1.0,0.0,1.0,0.0,0.0,1.0,1.0,43.0,52.0,37.0,11.0,13.0,1.0,1.0,,,,,,,,,,,,,,,,,,
clinical,clinical_18,2009-05-12,1440,0,223.21944444444443,315.7095609007364,0.35208333333333336,38.0,0.0,377.0,1,30-39,10:00:00,8.1,0.0,0.0,1.0,0.0,1.0,0.0,0.0,1.0,1.0,43.0,52.0,37.0,11.0,13.0,1.0,1.0,,,,,,,,,,,,,,,,,,
clinical,clinical_22,2009-06-17,1440,0,164.06041666666667,255.33265032511727,0.33611111111111114,53.5,0.0,212.0,2,40-49,16:00:00,6.8,0.0,0.0,0.0,0.0,1.0,0.0,0.0,0.0,0.0,5.0,6.0,12.0,3.0,3.0,1.0,,,,1.0,1.0,,,,,,,,,,,,,,
clinical,clinical_22,2009-06-18,1440,0,139.39513888888888,256.9554789663261,0.39375,33.0,0.0,166.0,2,40-49,16:00:00,6.8,0.0,0.0,0.0,0.0,1.0,0.0,0.0,0.0,0.0,5.0,6.0,12.0,3.0,3.0,1.0,,,,1.0,1.0,,,,,,,,,,,,,,
clinical,clinical_22,2009-06-19,1440,0,168.35208333333333,283.0680479802099,0.31875,49.0,0.0,204.0,2,40-49,16:00:00,6.8,0.0,0.0,0.0,0.0,1.0,0.0,0.0,0.0,0.0,5.0,6.0,12.0,3.0,3.0,1.0,,,,1.0,1.0,,,,,,,,,,,,,,
clinical,clinical_22,2009-06-20,1440,0,232.07569444444445,381.5997346235916,0.3798611111111111,47.0,0.0,286.0,2,40-49,16:00:00,6.8,0.0,0.0,0.0,0.0,1.0,0.0,0.0,0.0,0.0,5.0,6.0,12.0,3.0,3.0,1.0,,,,1.0,1.0,,,,,,,,,,,,,,
clinical,clinical_22,2009-06-21,1440,0,94.79930555555555,201.5112400354602,0.5375,0.0,0.0,107.0,2,40-49,16:00:00,6.8,0.0,0.0,0.0,0.0,1.0,0.0,0.0,0.0,0.0,5.0,6.0,12.0,3.0,3.0,1.0,,,,1.0,1.0,,,,,,,,,,,,,,
clinical,clinical_22,2009-06-22,1440,0,126.77152777777778,220.90009970673094,0.30277777777777776,49.0,0.0,148.0,2,40-49,16:00:00,6.8,0.0,0.0,0.0,0.0,1.0,0.0,0.0,0.0,0.0,5.0,6.0,12.0,3.0,3.0,1.0,,,,1.0,1.0,,,,,,,,,,,,,,
clinical,clinical_23,2009-08-18,1440,0,417.2673611111111,427.6694352875213,0.2423611111111111,316.0,3.75,708.0,2,30-39,10:45:00,7.4,0.0,0.0,1.0,0.0,1.0,0.0,0.0,1.0,1.0,56.0,43.0,24.0,7.0,12.0,1.0,,1.0,,,,,,,,,,,,,,,,,
clinical,clinical_23,2009-08-19,1440,0,485.6673611111111,515.0091002877011,0.2375,348.0,9.0,805.0,2,30-39,10:45:00,7.4,0.0,0.0,1.0,0.0,1.0,0.0,0.0,1.0,1.0,56.0,43.0,24.0,7.0,12.0,1.0,,1.0,,,,,,,,,,,,,,,,,
clinical,clinical_23,2009-08-20,1440,0,376.4611111111111,414.7611861580226,0.24305555555555555,242.0,4.0,623.0,2,30-39,10:45:00,7.4,0.0,0.0,1.0,0.0,1.0,0.0,0.0,1.0,1.0,56.0,43.0,24.0,7.0,12.0,1.0,,1.0,,,,,,,,,,,,,,,,,
clinical,clinical_23,2009-08-21,1440,0,359.5722222222222,391.4780365707429,0.19722222222222222,233.0,35.5,566.0,2,30-39,10:45:00,7.4,0.0,0.0,1.0,0.0,1.0,0.0,0.0,1.0,1.0,56.0,43.0,24.0,7.0,12.0,1.0,,1.0,,,,,,,,,,,,,,,,,
clinical,clinical_23,2009-08-22,1440,0,202.90555555555557,298.7256349380411,0.28194444444444444,93.0,0.0,267.0,2,30-39,10:45:00,7.4,0.0,0.0,1.0,0.0,1.0,0.0,0.0,1.0,1.0,56.0,43.0,24.0,7.0,12.0,1.0,,1.0,,,,,,,,,,,,,,,,,
clinical,clinical_23,2009-08-23,1440,0,184.45069444444445,286.59879828790855,0.4125,45.0,0.0,276.0,2,30-39,10:45:00,7.4,0.0,0.0,1.0,0.0,1.0,0.0,0.0,1.0,1.0,56.0,43.0,24.0,7.0,12.0,1.0,,1.0,,,,,,,,,,,,,,,,,
clinical,clinical_24,2009-06-24,1440,0,52.54236111111111,64.19316236504596,0.025,32.0,13.0,74.0,2,50-67,12:00:00,6.1,0.0,0.0,0.0,0.0,1.0,0.0,0.0,0.0,0.0,16.0,29.0,12.0,0.0,1.0,0.0,,,,,,,,,,,,,,,,,,,
clinical,clinical_24,2009-06-25,1440,0,27.04513888888889,74.36185955800967,0.7111111111111111,0.0,0.0,10.0,2,50-67,12:00:00,6.1,0.0,0.0,0.0,0.0,1.0,0.0,0.0,0.0,0.0,16.0,29.0,12.0,0.0,1.0,0.0,,,,,,,,,,,,,,,,,,,
clinical,clinical_24,2009-06-26,1440,0,19.661805555555556,58.709479521018224,0.6402777777777777,0.0,0.0,3.0,2,50-67,12:00:00,6.1,0.0,0.0,0.0,0.0,1.0,0.0,0.0,0.0,0.0,16.0,29.0,12.0,0.0,1.0,0.0,,,,,,,,,,,,,,,,,,,
clinical,clinical_24,2009-06-27,1440,0,51.25694444444444,80.59964903147478,0.34791666666666665,17.0,0.0,71.75,2,50-67,12:00:00,6.1,0.0,0.0,0.0,0.0,1.0,0.0,0.0,0.0,0.0,16.0,29.0,12.0,0.0,1.0,0.0,,,,,,,,,,,,,,,,,,,
clinical,clinical_24,2009-06-28,1440,0,71.24791666666667,80.839237300499,0.1736111111111111,48.0,9.0,104.0,2,50-67,12:00:00,6.1,0.0,0.0,0.0,0.0,1.0,0.0,0.0,0.0,0.0,16.0,29.0,12.0,0.0,1.0,0.0,,,,,,,,,,,,,,,,,,,
clinical,clinical_27,2009-08-12,1440,0,207.35902777777778,256.1905396903495,0.25069444444444444,118.0,0.0,317.0,1,17-29,11:45:00,8.5,0.0,0.0,1.0,0.0,,,,,,,,,,,0.0,,,,,,,,,,,,,,,,,,,
clinical,clinical_27,2009-08-13,1440,0,294.5444444444444,280.9917297561585,0.07430555555555556,204.0,73.0,454.0,1,17-29,11:45:00,8.5,0.0,0.0,1.0,0.0,,,,,,,,,,,0.0,,,,,,,,,,,,,,,,,,,
clinical,clinical_27,2009-08-14,1440,0,227.525,257.85910922116625,0.20902777777777778,148.0,15.0,349.0,1,17-29,11:45:00,8.5,0.0,0.0,1.0,0.0,,,,,,,,,,,0.0,,,,,,,,,,,,,,,,,,,
clinical,clinical_27,2009-08-15,1440,0,425.80902777777777,371.9810894262253,0.06527777777777778,361.0,166.0,587.0,1,17-29,11:45:00,8.5,0.0,0.0,1.0,0.0,,,,,,,,,,,0.0,,,,,,,,,,,,,,,,,,,
clinical,clinical_27,2009-08-16,1440,0,216.4152777777778,294.6737952379255,0.28194444444444444,102.0,0.0,308.75,1,17-29,11:45:00,8.5,0.0,0.0,1.0,0.0,,,,,,,,,,,0.0,,,,,,,,,,,,,,,,,,,
clinical,clinical_27,2009-08-17,1440,0,211.3048611111111,407.9287359177834,0.5055555555555555,0.0,0.0,277.0,1,17-29,11:45:00,8.5,0.0,0.0,1.0,0.0,,,,,,,,,,,0.0,,,,,,,,,,,,,,,,,,,
clinical,clinical_27,2009-08-18,1440,0,201.69305555555556,295.04180769021195,0.40902777777777777,61.0,0.0,308.75,1,17-29,11:45:00,8.5,0.0,0.0,1.0,0.0,,,,,,,,,,,0.0,,,,,,,,,,,,,,,,,,,
clinical,clinical_27,2009-08-19,1440,0,173.61111111111111,257.52534425197604,0.36319444444444443,55.0,0.0,250.0,1,17-29,11:45:00,8.5,0.0,0.0,1.0,0.0,,,,,,,,,,,0.0,,,,,,,,,,,,,,,,,,,
clinical,clinical_30,2009-09-18,1440,0,198.29861111111111,244.02032531069548,0.31319444444444444,99.0,0.0,316.0,2,40-49,11:01:00,7.1,0.0,0.0,0.0,1.0,1.0,0.0,0.0,1.0,0.0,30.0,15.0,28.0,13.0,13.0,1.0,,1.0,,,,,,,,,,,,,,,,,
clinical,clinical_30,2009-09-19,1440,0,202.34583333333333,257.24804795582673,0.35347222222222224,94.0,0.0,337.0,2,40-49,11:01:00,7.1,0.0,0.0,0.0,1.0,1.0,0.0,0.0,1.0,0.0,30.0,15.0,28.0,13.0,13.0,1.0,,1.0,,,,,,,,,,,,,,,,,
clinical,clinical_30,2009-09-20,1440,0,168.5888888888889,237.8448879204187,0.3576388888888889,65.0,0.0,259.0,2,40-49,11:01:00,7.1,0.0,0.0,0.0,1.0,1.0,0.0,0.0,1.0,0.0,30.0,15.0,28.0,13.0,13.0,1.0,,1.0,,,,,,,,,,,,,,,,,
clinical,clinical_30,2009-09-21,1440,0,168.75416666666666,235.9355799774709,0.3819444444444444,59.0,0.0,277.0,2,40-49,11:01:00,7.1,0.0,0.0,0.0,1.0,1.0,0.0,0.0,1.0,0.0,30.0,15.0,28.0,13.0,13.0,1.0,,1.0,,,,,,,,,,,,,,,,,
clinical,clinical_30,2009-09-22,1440,0,143.0638888888889,224.77163429773904,0.45625,18.0,0.0,219.0,2,40-49,11:01:00,7.1,0.0,0.0,0.0,1.0,1.0,0.0,0.0,1.0,0.0,30.0,15.0,28.0,13.0,13.0,1.0,,1.0,,,,,,,,,,,,,,,,,
clinical,clinical_30,2009-09-23,1440,0,172.65902777777777,253.9643779464385,0.3402777777777778,50.0,0.0,241.0,2,40-49,11:01:00,7.1,0.0,0.0,0.0,1.0,1.0,0.0,0.0,1.0,0.0,30.0,15.0,28.0,13.0,13.0,1.0,,1.0,,,,,,,,,,,,,,,,,
clinical,clinical_31,2009-10-14,1440,0,179.16458333333333,251.13402518729086,0.3159722222222222,91.5,0.0,258.0,1,40-49,13:12:00,9.6,0.0,0.0,0.0,0.0,0.0,0.0,1.0,0.0,0.0,28.0,53.0,4.0,2.0,1.0,0.0,,,,,,,,,,,,,,,,,,,
clinical,clinical_31,2009-10-15,1440,0,93.49513888888889,192.21271124787373,0.6534722222222222,0.0,0.0,73.75,1,40-49,13:12:00,9.6,0.0,0.0,0.0,0.0,0.0,0.0,1.0,0.0,0.0,28.0,53.0,4.0,2.0,1.0,0.0,,,,,,,,,,,,,,,,,,,
clinical,clinical_31,2009-10-16,1440,0,166.4013888888889,238.54045195792938,0.23333333333333334,62.0,5.0,223.0,1,40-49,13:12:00,9.6,0.0,0.0,0.0,0.0,0.0,0.0,1.0,0.0,0.0,28.0,53.0,4.0,2.0,1.0,0.0,,,,,,,,,,,,,,,,,,,
clinical,clinical_31,2009-10-17,1440,0,83.37430555555555,188.4471618571576,0.6416666666666667,0.0,0.0,59.0,1,40-49,13:12:00,9.6,0.0,0.0,0.0,0.0,0.0,0.0,1.0,0.0,0.0,28.0,53.0,4.0,2.0,1.0,0.0,,,,,,,,,,,,,,,,,,,
clinical,clinical_31,2009-10-18,1440,0,169.46527777777777,212.77453877267092,0.2,86.0,10.0,258.0,1,40-49,13:12:00,9.6,0.0,0.0,0.0,0.0,0.0,0.0,1.0,0.0,0.0,28.0,53.0,4.0,2.0,1.0,0.0,,,,,,,,,,,,,,,,,,,
clinical,clinical_31,2009-10-19,1440,0,334.3284722222222,394.9064706715015,0.29930555555555555,165.5,0.0,567.0,1,40-49,13:12:00,9.6,0.0,0.0,0.0,0.0,0.0,0.0,1.0,0.0,0.0,28.0,53.0,4.0,2.0,1.0,0.0,,,,,,,,,,,,,,,,,,,
clinical,clinical_31,2009-10-20,1440,0,226.72222222222223,381.1306797697194,0.5326388888888889,0.0,0.0,304.0,1,40-49,13:12:00,9.6,0.0,0.0,0.0,0.0,0.0,0.0,1.0,0.0,0.0,28.0,53.0,4.0,2.0,1.0,0.0,,,,,,,,,,,,,,,,,,,
clinical,clinical_31,2009-10-21,1440,0,227.28680555555556,365.46362730299467,0.3423611111111111,80.0,0.0,277.25,1,40-49,13:12:00,9.6,0.0,0.0,0.0,0.0,0.0,0.0,1.0,0.0,0.0,28.0,53.0,4.0,2.0,1.0,0.0,,,,,,,,,,,,,,,,,,,
clinical,clinical_31,2009-10-22,1440,0,201.1125,335.6791000004071,0.34652777777777777,52.0,0.0,249.0,1,40-49,13:12:00,9.6,0.0,0.0,0.0,0.0,0.0,0.0,1.0,0.0,0.0,28.0,53.0,4.0,2.0,1.0,0.0,,,,,,,,,,,,,,,,,,,
clinical,clinical_32,2009-10-10,1440,0,175.95763888888888,255.39513832052185,0.4152777777777778,36.5,0.0,267.0,1,17-29,10:00:00,7.3,0.0,0.0,0.0,1.0,0.0,0.0,1.0,1.0,0.0,34.0,39.0,,10.0,7.0,0.0,,,,,,,,,,,,,,,,,,,
clinical,clinical_32,2009-10-11,1440,0,125.22083333333333,230.07496630778365,0.46458333333333335,7.0,0.0,139.5,1,17-29,10:00:00,7.3,0.0,0.0,0.0,1.0,0.0,0.0,1.0,1.0,0.0,34.0,39.0,,10.0,7.0,0.0,,,,,,,,,,,,,,,,,,,
clinical,clinical_32,2009-10-12,1440,0,168.9111111111111,245.90261258584306,0.3763888888888889,54.0,0.0,267.0,1,17-29,10:00:00,7.3,0.0,0.0,0.0,1.0,0.0,0.0,1.0,1.0,0.0,34.0,39.0,,10.0,7.0,0.0,,,,,,,,,,,,,,,,,,,
clinical,clinical_32,2009-10-13,1440,0,118.8125,260.4328439975244,0.7118055555555556,0.0,0.0,71.75,1,17-29,10:00:00,7.3,0.0,0.0,0.0,1.0,0.0,0.0,1.0,1.0,0.0,34.0,39.0,,10.0,7.0,0.0,,,,,,,,,,,,,,,,,,,
clinical,clinical_32,2009-10-14,1440,0,255.9909722222222,317.1351675576718,0.3736111111111111,114.5,0.0,438.0,1,17-29,10:00:00,7.3,0.0,0.0,0.0,1.0,0.0,0.0,1.0,1.0,0.0,34.0,39.0,,10.0,7.0,0.0,,,,,,,,,,,,,,,,,,,
clinical,clinical_32,2009-10-15,1440,0,72.85277777777777,173.72001497638394,0.7479166666666667,0.0,0.0,3.0,1,17-29,10:00:00,7.3,0.0,0.0,0.0,1.0,0.0,0.0,1.0,1.0,0.0,34.0,39.0,,10.0,7.0,0.0,,,,,,,,,,,,,,,,,,,
clinical,clinical_33,2009-10-09,1440,0,97.69791666666667,247.9160470492957,0.5888888888888889,0.0,0.0,46.25,2,30-39,10:47:00,7.1,0.0,0.0,0.0,1.0,1.0,1.0,0.0,0.0,0.0,32.0,32.0,25.0,16.0,6.0,1.0,1.0,,1.0,,,,,,,,,,,,,,,,
clinical,clinical_33,2009-10-10,1440,0,143.48402777777778,298.78334499246796,0.47708333333333336,6.0,0.0,134.0,2,30-39,10:47:00,7.1,0.0,0.0,0.0,1.0,1.0,1.0,0.0,0.0,0.0,32.0,32.0,25.0,16.0,6.0,1.0,1.0,,1.0,,,,,,,,,,,,,,,,
clinical,clinical_33,2009-10-11,1440,0,94.27777777777777,223.87701374627682,0.15902777777777777,15.0,12.0,38.0,2,30-39,10:47:00,7.1,0.0,0.0,0.0,1.0,1.0,1.0,0.0,0.0,0.0,32.0,32.0,25.0,16.0,6.0,1.0,1.0,,1.0,,,,,,,,,,,,,,,,
clinical,clinical_33,2009-10-12,1440,0,121.58888888888889,259.18335238653157,0.26319444444444445,22.0,0.0,71.0,2,30-39,10:47:00,7.1,0.0,0.0,0.0,1.0,1.0,1.0,0.0,0.0,0.0,32.0,32.0,25.0,16.0,6.0,1.0,1.0,,1.0,,,,,,,,,,,,,,,,
clinical,clinical_33,2009-10-13,1440,0,131.30902777777777,252.12728746640232,0.4,18.0,0.0,129.0,2,30-39,10:47:00,7.1,0.0,0.0,0.0,1.0,1.0,1.0,0.0,0.0,0.0,32.0,32.0,25.0,16.0,6.0,1.0,1.0,,1.0,,,,,,,,,,,,,,,,
clinical,clinical_33,2009-10-14,1440,0,138.25069444444443,246.31026123810682,0.2777777777777778,19.0,0.0,149.0,2,30-39,10:47:00,7.1,0.0,0.0,0.0,1.0,1.0,1.0,0.0,0.0,0.0,32.0,32.0,25.0,16.0,6.0,1.0,1.0,,1.0,,,,,,,,,,,,,,,,
clinical,clinical_34,2009-10-15,1440,0,82.07013888888889,159.38432307365545,0.51875,0.0,0.0,82.75,1,50-67,14:32:00,7.2,0.0,0.0,1.0,0.0,0.0,0.0,0.0,0.0,0.0,5.0,21.0,6.0,1.0,4.0,1.0,,,,,,,,,,,,,,,,,,,
clinical,clinical_34,2009-10-16,1440,0,103.7298611111111,176.004592577336,0.33055555555555555,27.0,0.0,112.0,1,50-67,14:32:00,7.2,0.0,0.0,1.0,0.0,0.0,0.0,0.0,0.0,0.0,5.0,21.0,6.0,1.0,4.0,1.0,,,,,,,,,,,,,,,,,,,
clinical,clinical_34,2009-10-17,1440,0,143.03194444444443,212.04253132488205,0.3229166666666667,43.0,0.0,197.0,1,50-67,14:32:00,7.2,0.0,0.0,1.0,0.0,0.0,0.0,0.0,0.0,0.0,5.0,21.0,6.0,1.0,4.0,1.0,,,,,,,,,,,,,,,,,,,
clinical,clinical_34,2009-10-18,1440,0,157.2888888888889,192.53330487906325,0.29375,72.5,0.0,259.0,1,50-67,14:32:00,7.2,0.0,0.0,1.0,0.0,0.0,0.0,0.0,0.0,0.0,5.0,21.0,6.0,1.0,4.0,1.0,,,,,,,,,,,,,,,,,,,
clinical,clinical_34,2009-10-19,1440,0,150.13055555555556,211.89408952934278,0.32708333333333334,56.0,0.0,212.0,1,50-67,14:32:00,7.2,0.0,0.0,1.0,0.0,0.0,0.0,0.0,0.0,0.0,5.0,21.0,6.0,1.0,4.0,1.0,,,,,,,,,,,,,,,,,,,
clinical,clinical_34,2009-10-20,1440,0,164.29236111111112,291.4323319542875,0.3090277777777778,62.0,0.0,205.0,1,50-67,14:32:00,7.2,0.0,0.0,1.0,0.0,0.0,0.0,0.0,0.0,0.0,5.0,21.0,6.0,1.0,4.0,1.0,,,,,,,,,,,,,,,,,,,
clinical,clinical_35,2009-10-15,1440,0,299.5340277777778,402.0807291216519,0.3645833333333333,91.0,0.0,517.0,1,50-67,14:15:00,6.9,0.0,0.0,0.0,1.0,1.0,0.0,1.0,0.0,0.0,57.0,43.0,17.0,17.0,9.0,1.0,1.0,,,1.0,,,,,,,,,,,,,,,
clinical,clinical_35,2009-10-16,1440,0,239.2097222222222,319.06998825567786,0.35208333333333336,91.0,0.0,386.0,1,50-67,14:15:00,6.9,0.0,0.0,0.0,1.0,1.0,0.0,1.0,0.0,0.0,57.0,43.0,17.0,17.0,9.0,1.0,1.0,,,1.0,,,,,,,,,,,,,,,
clinical,clinical_35,2009-10-17,1440,0,280.2104166666667,380.973155626692,0.28541666666666665,134.0,0.0,411.0,1,50-67,14:15:00,6.9,0.0,0.0,0.0,1.0,1.0,0.0,1.0,0.0,0.0,57.0,43.0,17.0,17.0,9.0,1.0,1.0,,,1.0,,,,,,,,,,,,,,,
clinical,clinical_35,2009-10-18,1440,0,221.00625,343.21580203494864,0.45902777777777776,23.0,0.0,349.0,1,50-67,14:15:00,6.9,0.0,0.0,0.0,1.0,1.0,0.0,1.0,0.0,0.0,57.0,43.0,17.0,17.0,9.0,1.0,1.0,,,1.0,,,,,,,,,,,,,,,
clinical,clinical_35,2009-10-19,1440,0,285.3298611111111,388.0990408352009,0.34930555555555554,98.0,0.0,473.0,1,50-67,14:15:00,6.9,0.0,0.0,0.0,1.0,1.0,0.0,1.0,0.0,0.0,57.0,43.0,17.0,17.0,9.0,1.0,1.0,,,1.0,,,,,,,,,,,,,,,
clinical,clinical_35,2009-10-20,1440,0,237.92708333333334,319.2609492420542,0.3229166666666667,83.5,0.0,398.0,1,50-67,14:15:00,6.9,0.0,0.0,0.0,1.0,1.0,0.0,1.0,0.0,0.0,57.0,43.0,17.0,17.0,9.0,1.0,1.0,,,1.0,,,,,,,,,,,,,,,
clinical,clinical_36,2009-11-13,1440,0,244.85694444444445,403.3447420309293,0.46319444444444446,9.0,0.0,337.0,1,17-29,15:00:00,7.2,0.0,0.0,1.0,0.0,1.0,1.0,1.0,1.0,1.0,40.0,32.0,15.0,12.0,8.0,0.0,,,,,,,,,,,,,,,,,,,
clinical,clinical_36,2009-11-14,1440,0,107.43333333333334,279.645961192203,0.6986111111111111,0.0,0.0,32.0,1,17-29,15:00:00,7.2,0.0,0.0,1.0,0.0,1.0,1.0,1.0,1.0,1.0,40.0,32.0,15.0,12.0,8.0,0.0,,,,,,,,,,,,,,,,,,,
clinical,clinical_36,2009-11-15,1440,0,246.48194444444445,470.0866923080338,0.4097222222222222,10.0,0.0,227.0,1,17-29,15:00:00,7.2,0.0,0.0,1.0,0.0,1.0,1.0,1.0,1.0,1.0,40.0,32.0,15.0,12.0,8.0,0.0,,,,,,,,,,,,,,,,,,,
clinical,clinical_36,2009-11-16,1440,0,306.4736111111111,460.90349601295054,0.23819444444444443,59.0,3.0,438.0,1,17-29,15:00:00,7.2,0.0,0.0,1.0,0.0,1.0,1.0,1.0,1.0,1.0,40.0,32.0,15.0,12.0,8.0,0.0,,,,,,,,,,,,,,,,,,,
clinical,clinical_36,2009-11-17,1440,0,232.10972222222222,377.34149787240403,0.45625,7.0,0.0,360.0,1,17-29,15:00:00,7.2,0.0,0.0,1.0,0.0,1.0,1.0,1.0,1.0,1.0,40.0,32.0,15.0,12.0,8.0,0.0,,,,,,,,,,,,,,,,,,,
clinical,clinical_36,2009-11-18,1440,0,298.5236111111111,425.42894791056847,0.043055555555555555,85.0,7.0,453.0,1,17-29,15:00:00,7.2,0.0,0.0,1.0,0.0,1.0,1.0,1.0,1.0,1.0,40.0,32.0,15.0,12.0,8.0,0.0,,,,,,,,,,,,,,,,,,,
clinical,clinical_37,2009-10-27,1440,0,133.86875,229.6027762392494,0.40694444444444444,24.0,0.0,175.0,2,30-39,10:52:00,6.9,0.0,0.0,1.0,0.0,1.0,0.0,1.0,1.0,0.0,50.0,55.0,16.0,14.0,9.0,1.0,1.0,,,,,,,,,,,,,,,,,,
clinical,clinical_37,2009-10-28,1440,0,138.35208333333333,231.3517831465843,0.47638888888888886,10.0,0.0,189.0,2,30-39,10:52:00,6.9,0.0,0.0,1.0,0.0,1.0,0.0,1.0,1.0,0.0,50.0,55.0,16.0,14.0,9.0,1.0,1.0,,,,,,,,,,,,,,,,,,
clinical,clinical_37,2009-10-29,1440,0,131.60208333333333,234.49291181207198,0.4618055555555556,10.0,0.0,168.0,2,30-39,10:52:00,6.9,0.0,0.0,1.0,0.0,1.0,0.0,1.0,1.0,0.0,50.0,55.0,16.0,14.0,9.0,1.0,1.0,,,,,,,,,,,,,,,,,,
clinical,clinical_37,2009-10-30,1440,0,148.01666666666668,239.1567355661694,0.3701388888888889,34.0,0.0,202.0,2,30-39,10:52:00,6.9,0.0,0.0,1.0,0.0,1.0,0.0,1.0,1.0,0.0,50.0,55.0,16.0,14.0,9.0,1.0,1.0,,,,,,,,,,,,,,,,,,
clinical,clinical_37,2009-10-31,1440,0,122.68819444444445,219.3310394372599,0.45555555555555555,16.0,0.0,147.0,2,30-39,10:52:00,6.9,0.0,0.0,1.0,0.0,1.0,0.0,1.0,1.0,0.0,50.0,55.0,16.0,14.0,9.0,1.0,1.0,,,,,,,,,,,,,,,,,,
clinical,clinical_37,2009-11-01,1440,0,123.20694444444445,225.0357908733562,0.45208333333333334,16.0,0.0,137.0,2,30-39,10:52:00,6.9,0.0,0.0,1.0,0.0,1.0,0.0,1.0,1.0,0.0,50.0,55.0,16.0,14.0,9.0,1.0,1.0,,,,,,,,,,,,,,,,,,
clinical,clinical_39,2009-11-10,1440,0,261.00138888888887,379.6649747522499,0.2708333333333333,94.0,0.0,384.0,1,17-29,11:55:00,6.7,0.0,0.0,1.0,0.0,1.0,0.0,0.0,1.0,1.0,38.0,57.0,16.0,11.0,1.0,0.0,,,,,,,,,,,,,,,,,,,
clinical,clinical_39,2009-11-11,1440,0,202.56319444444443,406.41327680332705,0.43472222222222223,15.0,0.0,212.0,1,17-29,11:55:00,6.7,0.0,0.0,1.0,0.0,1.0,0.0,0.0,1.0,1.0,38.0,57.0,16.0,11.0,1.0,0.0,,,,,,,,,,,,,,,,,,,
clinical,clinical_39,2009-11-12,1440,0,171.46180555555554,353.87674005548246,0.18125,32.0,4.0,172.0,1,17-29,11:55:00,6.7,0.0,0.0,1.0,0.0,1.0,0.0,0.0,1.0,1.0,38.0,57.0,16.0,11.0,1.0,0.0,,,,,,,,,,,,,,,,,,,
clinical,clinical_39,2009-11-13,1440,0,222.84930555555556,343.91110396448863,0.25972222222222224,68.0,0.0,296.0,1,17-29,11:55:00,6.7,0.0,0.0,1.0,0.0,1.0,0.0,0.0,1.0,1.0,38.0,57.0,16.0,11.0,1.0,0.0,,,,,,,,,,,,,,,,,,,
clinical,clinical_39,2009-11-14,1440,0,162.30208333333334,285.17302446856473,0.30833333333333335,26.0,0.0,227.0,1,17-29,11:55:00,6.7,0.0,0.0,1.0,0.0,1.0,0.0,0.0,1.0,1.0,38.0,57.0,16.0,11.0,1.0,0.0,,,,,,,,,,,,,,,,,,,
clinical,clinical_39,2009-11-15,1440,0,212.40069444444444,369.3057862388806,0.2388888888888889,62.0,3.0,241.0,1,17-29,11:55:00,6.7,0.0,0.0,1.0,0.0,1.0,0.0,0.0,1.0,1.0,38.0,57.0,16.0,11.0,1.0,0.0,,,,,,,,,,,,,,,,,,,
clinical,clinical_42,2009-11-18,1440,0,283.7625,350.35913794019194,0.36527777777777776,143.0,0.0,483.0,2,40-49,11:00:00,6.6,0.0,0.0,1.0,0.0,1.0,0.0,0.0,1.0,,19.0,37.0,15.0,11.0,4.0,1.0,1.0,1.0,,,,,,,,,,,,,,,,,
clinical,clinical_42,2009-11-19,1440,0,459.2006944444444,614.9585120374345,0.26805555555555555,250.0,0.0,709.0,2,40-49,11:00:00,6.6,0.0,0.0,1.0,0.0,1.0,0.0,0.0,1.0,,19.0,37.0,15.0,11.0,4.0,1.0,1.0,1.0,,,,,,,,,,,,,,,,,
clinical,clinical_42,2009-11-20,1440,0,310.9972222222222,412.7993476026492,0.3888888888888889,99.0,0.0,531.0,2,40-49,11:00:00,6.6,0.0,0.0,1.0,0.0,1.0,0.0,0.0,1.0,,19.0,37.0,15.0,11.0,4.0,1.0,1.0,1.0,,,,,,,,,,,,,,,,,
clinical,clinical_42,2009-11-21,1440,0,256.0097222222222,343.9252238898749,0.3645833333333333,85.0,0.0,424.0,2,40-49,11:00:00,6.6,0.0,0.0,1.0,0.0,1.0,0.0,0.0,1.0,,19.0,37.0,15.0,11.0,4.0,1.0,1.0,1.0,,,,,,,,,,,,,,,,,
clinical,clinical_42,2009-11-22,1440,0,183.42777777777778,305.8127178438819,0.4527777777777778,10.0,0.0,268.0,2,40-49,11:00:00,6.6,0.0,0.0,1.0,0.0,1.0,0.0,0.0,1.0,,19.0,37.0,15.0,11.0,4.0,1.0,1.0,1.0,,,,,,,,,,,,,,,,,
clinical,clinical_42,2009-11-23,1440,0,343.53194444444443,453.4781757968038,0.3590277777777778,160.0,0.0,566.0,2,40-49,11:00:00,6.6,0.0,0.0,1.0,0.0,1.0,0.0,0.0,1.0,,19.0,37.0,15.0,11.0,4.0,1.0,1.0,1.0,,,,,,,,,,,,,,,,,
clinical,clinical_44,2009-11-14,1440,0,305.97222222222223,485.2749799575901,0.48055555555555557,7.0,0.0,485.0,1,30-39,10:00:00,7.3,0.0,0.0,1.0,0.0,1.0,0.0,1.0,0.0,0.0,20.0,9.0,5.0,13.0,1.0,0.0,,,,,,,,,,,,,,,,,,,
clinical,clinical_44,2009-11-15,1440,0,306.4513888888889,487.24310937863436,0.41805555555555557,44.0,0.0,485.0,1,30-39,10:00:00,7.3,0.0,0.0,1.0,0.0,1.0,0.0,1.0,0.0,0.0,20.0,9.0,5.0,13.0,1.0,0.0,,,,,,,,,,,,,,,,,,,
clinical,clinical_44,2009-11-16,1440,0,289.49791666666664,340.21132729214344,0.34930555555555554,160.0,0.0,500.0,1,30-39,10:00:00,7.3,0.0,0.0,1.0,0.0,1.0,0.0,1.0,0.0,0.0,20.0,9.0,5.0,13.0,1.0,0.0,,,,,,,,,,,,,,,,,,,
clinical,clinical_44,2009-11-17,1440,0,381.52222222222224,452.5090693450311,0.2916666666666667,212.0,0.0,646.0,1,30-39,10:00:00,7.3,0.0,0.0,1.0,0.0,1.0,0.0,1.0,0.0,0.0,20.0,9.0,5.0,13.0,1.0,0.0,,,,,,,,,,,,,,,,,,,
clinical,clinical_44,2009-11-18,1440,0,344.3173611111111,436.7205214611039,0.3541666666666667,130.0,0.0,606.0,1,30-39,10:00:00,7.3,0.0,0.0,1.0,0.0,1.0,0.0,1.0,0.0,0.0,20.0,9.0,5.0,13.0,1.0,0.0,,,,,,,,,,,,,,,,,,,
clinical,clinical_44,2009-11-19,1440,0,323.75138888888887,384.9622537387614,0.3625,148.0,0.0,587.0,1,30-39,10:00:00,7.3,0.0,0.0,1.0,0.0,1.0,0.0,1.0,0.0,0.0,20.0,9.0,5.0,13.0,1.0,0.0,,,,,,,,,,,,,,,,,,,
clinical,clinical_46,2009-11-18,1440,0,182.0326388888889,318.98448397694244,0.3458333333333333,47.0,0.0,234.0,2,50-67,16:00:00,6.7,0.0,0.0,0.0,1.0,1.0,1.0,1.0,0.0,0.0,7.0,41.0,11.0,16.0,2.0,0.0,,,,,,,,,,,,,,,,,,,
clinical,clinical_46,2009-11-19,1440,0,46.96388888888889,153.56564403967766,0.6722222222222223,0.0,0.0,14.0,2,50-67,16:00:00,6.7,0.0,0.0,0.0,1.0,1.0,1.0,1.0,0.0,0.0,7.0,41.0,11.0,16.0,2.0,0.0,,,,,,,,,,,,,,,,,,,
clinical,clinical_46,2009-11-20,1440,0,233.92291666666668,352.5036607805872,0.21041666666666667,75.0,4.0,332.0,2,50-67,16:00:00,6.7,0.0,0.0,0.0,1.0,1.0,1.0,1.0,0.0,0.0,7.0,41.0,11.0,16.0,2.0,0.0,,,,,,,,,,,,,,,,,,,
clinical,clinical_46,2009-11-21,1440,0,51.07013888888889,199.43738908206154,0.7972222222222223,0.0,0.0,0.0,2,50-67,16:00:00,6.7,0.0,0.0,0.0,1.0,1.0,1.0,1.0,0.0,0.0,7.0,41.0,11.0,16.0,2.0,0.0,,,,,,,,,,,,,,,,,,,
clinical,clinical_46,2009-11-22,1440,0,5.615277777777778,49.00306725015118,0.9131944444444444,0.0,0.0,0.0,2,50-67,16:00:00,6.7,0.0,0.0,0.0,1.0,1.0,1.0,1.0,0.0,0.0,7.0,41.0,11.0,16.0,2.0,0.0,,,,,,,,,,,,,,,,,,,
clinical,clinical_46,2009-11-23,1440,0,169.29375,327.79110762605393,0.44583333333333336,7.0,0.0,151.0,2,50-67,16:00:00,6.7,0.0,0.0,0.0,1.0,1.0,1.0,1.0,0.0,0.0,7.0,41.0,11.0,16.0,2.0,0.0,,,,,,,,,,,,,,,,,,,
clinical,clinical_47,2010-01-05,1440,0,366.8652777777778,504.2293913211972,0.26875,178.0,0.0,513.0,2,30-39,9:52:00,7.0,0.0,0.0,1.0,0.0,0.0,0.0,0.0,1.0,1.0,14.0,34.0,2.0,5.0,1.0,0.0,,,,,,,,,,,,,,,,,,,
clinical,clinical_47,2010-01-06,1440,0,36.84930555555555,171.72191728057823,0.8868055555555555,0.0,0.0,0.0,2,30-39,9:52:00,7.0,0.0,0.0,1.0,0.0,0.0,0.0,0.0,1.0,1.0,14.0,34.0,2.0,5.0,1.0,0.0,,,,,,,,,,,,,,,,,,,
clinical,clinical_47,2010-01-07,1440,0,340.8465277777778,456.50828540205214,0.35,144.0,0.0,530.0,2,30-39,9:52:00,7.0,0.0,0.0,1.0,0.0,0.0,0.0,0.0,1.0,1.0,14.0,34.0,2.0,5.0,1.0,0.0,,,,,,,,,,,,,,,,,,,
clinical,clinical_47,2010-01-08,1440,0,295.65833333333336,426.6925902769138,0.36875,138.0,0.0,424.0,2,30-39,9:52:00,7.0,0.0,0.0,1.0,0.0,0.0,0.0,0.0,1.0,1.0,14.0,34.0,2.0,5.0,1.0,0.0,,,,,,,,,,,,,,,,,,,
clinical,clinical_47,2010-01-09,1440,0,376.8027777777778,655.2215963092652,0.35208333333333336,88.0,0.0,482.0,2,30-39,9:52:00,7.0,0.0,0.0,1.0,0.0,0.0,0.0,0.0,1.0,1.0,14.0,34.0,2.0,5.0,1.0,0.0,,,,,,,,,,,,,,,,,,,
clinical,clinical_47,2010-01-10,1440,0,379.3222222222222,515.6664178576814,0.3333333333333333,161.0,0.0,548.0,2,30-39,9:52:00,7.0,0.0,0.0,1.0,0.0,0.0,0.0,0.0,1.0,1.0,14.0,34.0,2.0,5.0,1.0,0.0,,,,,,,,,,,,,,,,,,,
clinical,clinical_50,2010-01-13,1440,0,216.17222222222222,412.6332219963169,0.39861111111111114,16.0,0.0,219.0,1,17-29,15:00:00,7.1,0.0,0.0,0.0,1.0,1.0,0.0,1.0,0.0,0.0,47.0,35.0,15.0,10.0,14.0,1.0,1.0,,1.0,,,,,,,,,,,,,,,,
clinical,clinical_50,2010-01-14,1440,0,250.2375,449.0625271785347,0.14930555555555555,19.0,6.0,259.0,1,17-29,15:00:00,7.1,0.0,0.0,0.0,1.0,1.0,0.0,1.0,0.0,0.0,47.0,35.0,15.0,10.0,14.0,1.0,1.0,,1.0,,,,,,,,,,,,,,,,
clinical,clinical_50,2010-01-15,1440,0,154.82708333333332,318.9439496471019,0.35625,7.0,0.0,129.0,1,17-29,15:00:00,7.1,0.0,0.0,0.0,1.0,1.0,0.0,1.0,0.0,0.0,47.0,35.0,15.0,10.0,14.0,1.0,1.0,,1.0,,,,,,,,,,,,,,,,
clinical,clinical_50,2010-01-16,1440,0,177.40277777777777,485.4325007352327,0.37777777777777777,7.0,0.0,121.0,1,17-29,15:00:00,7.1,0.0,0.0,0.0,1.0,1.0,0.0,1.0,0.0,0.0,47.0,35.0,15.0,10.0,14.0,1.0,1.0,,1.0,,,,,,,,,,,,,,,,
clinical,clinical_50,2010-01-17,1440,0,139.68402777777777,271.3712699122311,0.32916666666666666,25.5,0.0,172.0,1,17-29,15:00:00,7.1,0.0,0.0,0.0,1.0,1.0,0.0,1.0,0.0,0.0,47.0,35.0,15.0,10.0,14.0,1.0,1.0,,1.0,,,,,,,,,,,,,,,,
clinical,clinical_50,2010-01-18,1440,0,174.29375,322.89931431199994,0.07916666666666666,15.0,10.0,190.0,1,17-29,15:00:00,7.1,0.0,0.0,0.0,1.0,1.0,0.0,1.0,0.0,0.0,47.0,35.0,15.0,10.0,14.0,1.0,1.0,,1.0,,,,,,,,,,,,,,,,
clinical,clinical_53,2010-03-25,1440,0,184.04375,324.53329122559256,0.49166666666666664,4.0,0.0,267.0,1,17-29,9:51:00,7.5,0.0,0.0,1.0,0.0,1.0,0.0,0.0,1.0,0.0,,,13.0,5.0,6.0,0.0,,,,,,,,,,,,,,,,,,,
clinical,clinical_53,2010-03-26,1440,0,225.5013888888889,411.8780749313832,0.2951388888888889,74.0,0.0,267.0,1,17-29,9:51:00,7.5,0.0,0.0,1.0,0.0,1.0,0.0,0.0,1.0,0.0,,,13.0,5.0,6.0,0.0,,,,,,,,,,,,,,,,,,,
clinical,clinical_53,2010-03-27,1440,0,386.60833333333335,460.23497704674975,0.31666666666666665,215.5,0.0,623.0,1,17-29,9:51:00,7.5,0.0,0.0,1.0,0.0,1.0,0.0,0.0,1.0,0.0,,,13.0,5.0,6.0,0.0,,,,,,,,,,,,,,,,,,,
clinical,clinical_53,2010-03-28,1440,0,273.9145833333333,415.87080700700756,0.42777777777777776,47.0,0.0,410.0,1,17-29,9:51:00,7.5,0.0,0.0,1.0,0.0,1.0,0.0,0.0,1.0,0.0,,,13.0,5.0,6.0,0.0,,,,,,,,,,,,,,,,,,,
clinical,clinical_53,2010-03-29,1440,0,194.72291666666666,299.693156091626,0.36180555555555555,51.0,0.0,259.0,1,17-29,9:51:00,7.5,0.0,0.0,1.0,0.0,1.0,0.0,0.0,1.0,0.0,,,13.0,5.0,6.0,0.0,,,,,,,,,,,,,,,,,,,
clinical,clinical_53,2010-03-30,1440,0,196.28194444444443,319.3312038143978,0.46111111111111114,16.0,0.0,286.0,1,17-29,9:51:00,7.5,0.0,0.0,1.0,0.0,1.0,0.0,0.0,1.0,0.0,,,13.0,5.0,6.0,0.0,,,,,,,,,,,,,,,,,,,
clinical,clinical_56,2010-02-10,1440,0,258.1638888888889,417.98541086500575,0.3770833333333333,52.5,0.0,360.0,1,30-39,16:01:00,7.0,0.0,0.0,1.0,0.0,0.0,0.0,0.0,1.0,1.0,18.0,23.0,18.0,12.0,5.0,0.0,,,,,,,,,,,,,,,,,,,
clinical,clinical_56,2010-02-11,1440,0,374.75347222222223,586.1879495014559,0.29097222222222224,138.0,0.0,498.0,1,30-39,16:01:00,7.0,0.0,0.0,1.0,0.0,0.0,0.0,0.0,1.0,1.0,18.0,23.0,18.0,12.0,5.0,0.0,,,,,,,,,,,,,,,,,,,
clinical,clinical_56,2010-02-12,1440,0,194.1125,357.4714419197629,0.36527777777777776,41.0,0.0,242.0,1,30-39,16:01:00,7.0,0.0,0.0,1.0,0.0,0.0,0.0,0.0,1.0,1.0,18.0,23.0,18.0,12.0,5.0,0.0,,,,,,,,,,,,,,,,,,,
clinical,clinical_56,2010-02-13,1440,0,265.625,525.2912310619278,0.3638888888888889,57.0,0.0,267.0,1,30-39,16:01:00,7.0,0.0,0.0,1.0,0.0,0.0,0.0,0.0,1.0,1.0,18.0,23.0,18.0,12.0,5.0,0.0,,,,,,,,,,,,,,,,,,,
clinical,clinical_56,2010-02-14,1440,0,275.06875,559.6411897329036,0.4673611111111111,6.5,0.0,242.0,1,30-39,16:01:00,7.0,0.0,0.0,1.0,0.0,0.0,0.0,0.0,1.0,1.0,18.0,23.0,18.0,12.0,5.0,0.0,,,,,,,,,,,,,,,,,,,
clinical,clinical_56,2010-02-15,1440,0,326.7340277777778,507.64177216035955,0.2777777777777778,112.0,0.0,410.0,1,30-39,16:01:00,7.0,0.0,0.0,1.0,0.0,0.0,0.0,0.0,1.0,1.0,18.0,23.0,18.0,12.0,5.0,0.0,,,,,,,,,,,,,,,,,,,
clinical,clinical_61,2010-06-29,1440,0,246.89791666666667,392.54364406478385,0.40694444444444444,43.0,0.0,337.0,2,30-39,10:45:00,7.5,0.0,0.0,0.0,0.0,0.0,0.0,0.0,1.0,1.0,27.0,48.0,2.0,2.0,0.0,0.0,,,,,,,,,,,,,,,,,,,
clinical,clinical_61,2010-06-30,1440,0,361.65486111111113,452.20067253406256,0.26944444444444443,172.0,0.0,623.0,2,30-39,10:45:00,7.5,0.0,0.0,0.0,0.0,0.0,0.0,0.0,1.0,1.0,27.0,48.0,2.0,2.0,0.0,0.0,,,,,,,,,,,,,,,,,,,
clinical,clinical_61,2010-07-01,1440,0,245.36875,330.7064651723199,0.3013888888888889,104.0,0.0,397.0,2,30-39,10:45:00,7.5,0.0,0.0,0.0,0.0,0.0,0.0,0.0,1.0,1.0,27.0,48.0,2.0,2.0,0.0,0.0,,,,,,,,,,,,,,,,,,,
clinical,clinical_61,2010-07-02,1440,0,277.8847222222222,382.5995702499918,0.31666666666666665,95.0,0.0,438.0,2,30-39,10:45:00,7.5,0.0,0.0,0.0,0.0,0.0,0.0,0.0,1.0,1.0,27.0,48.0,2.0,2.0,0.0,0.0,,,,,,,,,,,,,,,,,,,
clinical,clinical_61,2010-07-03,1440,0,170.70555555555555,270.9449015784538,0.38819444444444445,35.0,0.0,233.0,2,30-39,10:45:00,7.5,0.0,0.0,0.0,0.0,0.0,0.0,0.0,1.0,1.0,27.0,48.0,2.0,2.0,0.0,0.0,,,,,,,,,,,,,,,,,,,
clinical,clinical_61,2010-07-04,1440,0,218.02083333333334,299.6652639184354,0.3402777777777778,63.0,0.0,371.0,2,30-39,10:45:00,7.5,0.0,0.0,0.0,0.0,0.0,0.0,0.0,1.0,1.0,27.0,48.0,2.0,2.0,0.0,0.0,,,,,,,,,,,,,,,,,,,
clinical,clinical_64,2010-04-28,1440,0,160.29375,226.224751113783,0.3763888888888889,61.0,0.0,235.0,1,50-67,12:08:00,7.0,0.0,0.0,1.0,0.0,1.0,0.0,1.0,0.0,0.0,24.0,29.0,11.0,10.0,10.0,0.0,,,,,,,,,,,,,,,,,,,
clinical,clinical_64,2010-04-29,1440,0,179.9013888888889,245.67601180385674,0.3590277777777778,67.0,0.0,296.0,1,50-67,12:08:00,7.0,0.0,0.0,1.0,0.0,1.0,0.0,1.0,0.0,0.0,24.0,29.0,11.0,10.0,10.0,0.0,,,,,,,,,,,,,,,,,,,
clinical,clinical_64,2010-04-30,1440,0,223.23125,325.2972999103944,0.3701388888888889,58.0,0.0,349.0,1,50-67,12:08:00,7.0,0.0,0.0,1.0,0.0,1.0,0.0,1.0,0.0,0.0,24.0,29.0,11.0,10.0,10.0,0.0,,,,,,,,,,,,,,,,,,,
clinical,clinical_64,2010-05-01,1440,0,188.525,290.4474841372648,0.4465277777777778,18.0,0.0,296.0,1,50-67,12:08:00,7.0,0.0,0.0,1.0,0.0,1.0,0.0,1.0,0.0,0.0,24.0,29.0,11.0,10.0,10.0,0.0,,,,,,,,,,,,,,,,,,,
clinical,clinical_64,2010-05-02,1440,0,202.98680555555555,309.0973313417204,0.3611111111111111,61.0,0.0,306.0,1,50-67,12:08:00,7.0,0.0,0.0,1.0,0.0,1.0,0.0,1.0,0.0,0.0,24.0,29.0,11.0,10.0,10.0,0.0,,,,,,,,,,,,,,,,,,,
clinical,clinical_64,2010-05-03,1440,0,210.8972222222222,329.24902217530587,0.38958333333333334,55.0,0.0,306.0,1,50-67,12:08:00,7.0,0.0,0.0,1.0,0.0,1.0,0.0,1.0,0.0,0.0,24.0,29.0,11.0,10.0,10.0,0.0,,,,,,,,,,,,,,,,,,,
clinical,clinical_7,2009-03-13,1440,0,50.265972222222224,80.48741763571431,0.42569444444444443,9.0,0.0,73.0,1,40-49,14:30:00,8.0,0.0,0.0,0.0,0.0,0.0,0.0,1.0,0.0,0.0,31.0,21.0,2.0,4.0,0.0,0.0,,,,,,,,,,,,,,,,,,,
clinical,clinical_7,2009-03-14,1440,0,31.947916666666668,88.60647664811562,0.7270833333333333,0.0,0.0,6.0,1,40-49,14:30:00,8.0,0.0,0.0,0.0,0.0,0.0,0.0,1.0,0.0,0.0,31.0,21.0,2.0,4.0,0.0,0.0,,,,,,,,,,,,,,,,,,,
clinical,clinical_7,2009-03-15,1440,0,63.02708333333333,116.12231920045798,0.5854166666666667,0.0,0.0,85.0,1,40-49,14:30:00,8.0,0.0,0.0,0.0,0.0,0.0,0.0,1.0,0.0,0.0,31.0,21.0,2.0,4.0,0.0,0.0,,,,,,,,,,,,,,,,,,,
clinical,clinical_7,2009-03-16,1440,0,92.24513888888889,108.86522779837381,0.2263888888888889,58.0,5.0,143.0,1,40-49,14:30:00,8.0,0.0,0.0,0.0,0.0,0.0,0.0,1.0,0.0,0.0,31.0,21.0,2.0,4.0,0.0,0.0,,,,,,,,,,,,,,,,,,,
clinical,clinical_7,2009-03-17,1440,0,37.299305555555556,88.34088803899215,0.48194444444444445,3.0,0.0,29.25,1,40-49,14:30:00,8.0,0.0,0.0,0.0,0.0,0.0,0.0,1.0,0.0,0.0,31.0,21.0,2.0,4.0,0.0,0.0,,,,,,,,,,,,,,,,,,,
clinical,clinical_7,2009-03-18,1440,0,7.91875,42.55517247048889,0.9076388888888889,0.0,0.0,0.0,1,40-49,14:30:00,8.0,0.0,0.0,0.0,0.0,0.0,0.0,1.0,0.0,0.0,31.0,21.0,2.0,4.0,0.0,0.0,,,,,,,,,,,,,,,,,,,
clinical,clinical_7,2009-03-19,1440,0,42.700694444444444,87.18879578609202,0.6472222222222223,0.0,0.0,55.0,1,40-49,14:30:00,8.0,0.0,0.0,0.0,0.0,0.0,0.0,1.0,0.0,0.0,31.0,21.0,2.0,4.0,0.0,0.0,,,,,,,,,,,,,,,,,,,
clinical,clinical_70,2010-06-15,1440,0,202.09930555555556,498.7533617258646,0.6479166666666667,0.0,0.0,156.5,1,17-29,13:00:00,6.1,0.0,0.0,1.0,0.0,1.0,0.0,1.0,1.0,1.0,33.0,34.0,16.0,9.0,6.0,0.0,,,,,,,,,,,,,,,,,,,
clinical,clinical_70,2010-06-16,1440,0,77.38333333333334,235.66394446801195,0.74375,0.0,0.0,4.0,1,17-29,13:00:00,6.1,0.0,0.0,1.0,0.0,1.0,0.0,1.0,1.0,1.0,33.0,34.0,16.0,9.0,6.0,0.0,,,,,,,,,,,,,,,,,,,
clinical,clinical_70,2010-06-17,1440,0,67.61180555555555,225.02785629923434,0.8347222222222223,0.0,0.0,0.0,1,17-29,13:00:00,6.1,0.0,0.0,1.0,0.0,1.0,0.0,1.0,1.0,1.0,33.0,34.0,16.0,9.0,6.0,0.0,,,,,,,,,,,,,,,,,,,
clinical,clinical_70,2010-06-18,1440,0,30.555555555555557,118.30179613655832,0.8986111111111111,0.0,0.0,0.0,1,17-29,13:00:00,6.1,0.0,0.0,1.0,0.0,1.0,0.0,1.0,1.0,1.0,33.0,34.0,16.0,9.0,6.0,0.0,,,,,,,,,,,,,,,,,,,
clinical,clinical_70,2010-06-19,1440,0,102.54444444444445,288.5161332331391,0.7034722222222223,0.0,0.0,36.0,1,17-29,13:00:00,6.1,0.0,0.0,1.0,0.0,1.0,0.0,1.0,1.0,1.0,33.0,34.0,16.0,9.0,6.0,0.0,,,,,,,,,,,,,,,,,,,
clinical,clinical_73,2010-09-23,1440,0,346.6166666666667,514.4067796987127,0.36527777777777776,113.5,0.0,567.0,1,17-29,10:27:00,6.0,0.0,0.0,0.0,0.0,1.0,0.0,1.0,1.0,0.0,28.0,33.0,8.0,,,0.0,,,,,,,,,,,,,,,,,,,
clinical,clinical_73,2010-09-24,1440,0,303.1333333333333,353.0899283468731,0.325,163.0,0.0,550.0,1,17-29,10:27:00,6.0,0.0,0.0,0.0,0.0,1.0,0.0,1.0,1.0,0.0,28.0,33.0,8.0,,,0.0,,,,,,,,,,,,,,,,,,,
clinical,clinical_73,2010-09-25,1440,0,279.7972222222222,358.7786387996791,0.3506944444444444,121.0,0.0,451.0,1,17-29,10:27:00,6.0,0.0,0.0,0.0,0.0,1.0,0.0,1.0,1.0,0.0,28.0,33.0,8.0,,,0.0,,,,,,,,,,,,,,,,,,,
clinical,clinical_73,2010-09-26,1440,0,181.70763888888888,392.2717240602526,0.5625,0.0,0.0,203.75,1,17-29,10:27:00,6.0,0.0,0.0,0.0,0.0,1.0,0.0,1.0,1.0,0.0,28.0,33.0,8.0,,,0.0,,,,,,,,,,,,,,,,,,,
clinical,clinical_73,2010-09-27,1440,0,351.0777777777778,438.59102318365336,0.3263888888888889,152.0,0.0,605.0,1,17-29,10:27:00,6.0,0.0,0.0,0.0,0.0,1.0,0.0,1.0,1.0,0.0,28.0,33.0,8.0,,,0.0,,,,,,,,,,,,,,,,,,,
clinical,clinical_78,2010-08-28,1440,0,295.93125,521.3795190763888,0.3486111111111111,57.5,0.0,397.0,2,30-39,10:00:00,6.1,0.0,0.0,1.0,0.0,1.0,0.0,1.0,1.0,,19.0,29.0,34.0,15.0,9.0,1.0,,,,1.0,,,,,,,,,,,,,,,
clinical,clinical_78,2010-08-29,1440,0,309.7375,536.7166803655714,0.38680555555555557,37.0,0.0,424.0,2,30-39,10:00:00,6.1,0.0,0.0,1.0,0.0,1.0,0.0,1.0,1.0,,19.0,29.0,34.0,15.0,9.0,1.0,,,,1.0,,,,,,,,,,,,,,,
clinical,clinical_78,2010-08-30,1440,0,264.65486111111113,476.75714865727394,0.4152777777777778,13.0,0.0,349.0,2,30-39,10:00:00,6.1,0.0,0.0,1.0,0.0,1.0,0.0,1.0,1.0,,19.0,29.0,34.0,15.0,9.0,1.0,,,,1.0,,,,,,,,,,,,,,,
clinical,clinical_78,2010-08-31,1440,0,336.6138888888889,462.24154439281455,0.25555555555555554,129.0,0.0,503.0,2,30-39,10:00:00,6.1,0.0,0.0,1.0,0.0,1.0,0.0,1.0,1.0,,19.0,29.0,34.0,15.0,9.0,1.0,,,,1.0,,,,,,,,,,,,,,,
clinical,clinical_78,2010-09-01,1440,0,224.18541666666667,408.49061553696777,0.4888888888888889,3.0,0.0,296.0,2,30-39,10:00:00,6.1,0.0,0.0,1.0,0.0,1.0,0.0,1.0,1.0,,19.0,29.0,34.0,15.0,9.0,1.0,,,,1.0,,,,,,,,,,,,,,,
clinical,clinical_79,2010-11-09,1440,0,110.84027777777777,264.99837953368393,0.49722222222222223,3.0,0.0,73.0,2,40-49,13:30:00,7.4,0.0,0.0,0.0,1.0,0.0,0.0,0.0,1.0,0.0,5.0,27.0,10.0,4.0,10.0,1.0,,1.0,,,,,,,,,,,,,,,,,
clinical,clinical_79,2010-11-10,1440,0,215.6340277777778,423.1129266557823,0.3527777777777778,20.0,0.0,191.75,2,40-49,13:30:00,7.4,0.0,0.0,0.0,1.0,0.0,0.0,0.0,1.0,0.0,5.0,27.0,10.0,4.0,10.0,1.0,,1.0,,,,,,,,,,,,,,,,,
clinical,clinical_79,2010-11-11,1440,0,76.07083333333334,196.74981782957823,0.58125,0.0,0.0,35.0,2,40-49,13:30:00,7.4,0.0,0.0,0.0,1.0,0.0,0.0,0.0,1.0,0.0,5.0,27.0,10.0,4.0,10.0,1.0,,1.0,,,,,,,,,,,,,,,,,
clinical,clinical_79,2010-11-12,1440,0,188.72430555555556,342.34969689601814,0.3423611111111111,34.0,0.0,235.0,2,40-49,13:30:00,7.4,0.0,0.0,0.0,1.0,0.0,0.0,0.0,1.0,0.0,5.0,27.0,10.0,4.0,10.0,1.0,,1.0,,,,,,,,,,,,,,,,,
clinical,clinical_79,2010-11-13,1440,0,224.8125,340.2238268313229,0.2916666666666667,58.0,0.0,308.75,2,40-49,13:30:00,7.4,0.0,0.0,0.0,1.0,0.0,0.0,0.0,1.0,0.0,5.0,27.0,10.0,4.0,10.0,1.0,,1.0,,,,,,,,,,,,,,,,,
clinical,clinical_79,2010-11-14,1440,0,213.5402777777778,331.7332697613996,0.3472222222222222,41.0,0.0,328.0,2,40-49,13:30:00,7.4,0.0,0.0,0.0,1.0,0.0,0.0,0.0,1.0,0.0,5.0,27.0,10.0,4.0,10.0,1.0,,1.0,,,,,,,,,,,,,,,,,
clinical,clinical_81,2010-11-03,1440,0,191.94722222222222,285.43300681801475,0.3819444444444444,43.0,0.0,296.0,2,40-49,14:13:00,7.8,0.0,0.0,1.0,0.0,0.0,0.0,0.0,1.0,1.0,17.0,34.0,16.0,9.0,6.0,1.0,,1.0,,,,,,,,,,,,,,,,,
clinical,clinical_81,2010-11-04,1440,0,171.57569444444445,278.6985724225208,0.42986111111111114,25.0,0.0,234.0,2,40-49,14:13:00,7.8,0.0,0.0,1.0,0.0,0.0,0.0,0.0,1.0,1.0,17.0,34.0,16.0,9.0,6.0,1.0,,1.0,,,,,,,,,,,,,,,,,
clinical,clinical_81,2010-11-05,1440,0,198.40972222222223,306.85075573373985,0.4152777777777778,28.0,0.0,298.5,2,40-49,14:13:00,7.8,0.0,0.0,1.0,0.0,0.0,0.0,0.0,1.0,1.0,17.0,34.0,16.0,9.0,6.0,1.0,,1.0,,,,,,,,,,,,,,,,,
clinical,clinical_81,2010-11-06,1440,0,144.56875,246.32339176171038,0.44513888888888886,18.0,0.0,184.0,2,40-49,14:13:00,7.8,0.0,0.0,1.0,0.0,0.0,0.0,0.0,1.0,1.0,17.0,34.0,16.0,9.0,6.0,1.0,,1.0,,,,,,,,,,,,,,,,,
clinical,clinical_81,2010-11-07,1440,0,165.625,257.41995182429474,0.32222222222222224,59.0,0.0,219.0,2,40-49,14:13:00,7.8,0.0,0.0,1.0,0.0,0.0,0.0,0.0,1.0,1.0,17.0,34.0,16.0,9.0,6.0,1.0,,1.0,,,,,,,,,,,,,,,,,
clinical,clinical_81,2010-11-08,1440,0,141.15,267.55160665229096,0.5076388888888889,0.0,0.0,150.25,2,40-49,14:13:00,7.8,0.0,0.0,1.0,0.0,0.0,0.0,0.0,1.0,1.0,17.0,34.0,16.0,9.0,6.0,1.0,,1.0,,,,,,,,,,,,,,,,,
clinical,clinical_81,2010-11-09,1440,0,164.7138888888889,294.1741619940074,0.49236111111111114,3.0,0.0,212.0,2,40-49,14:13:00,7.8,0.0,0.0,1.0,0.0,0.0,0.0,0.0,1.0,1.0,17.0,34.0,16.0,9.0,6.0,1.0,,1.0,,,,,,,,,,,,,,,,,
clinical,clinical_82,2010-09-29,1440,0,362.87430555555557,393.5714747395756,0.05763888888888889,242.0,64.0,568.0,2,30-39,15:00:00,6.5,0.0,0.0,0.0,0.0,1.0,1.0,0.0,0.0,0.0,28.0,25.0,20.0,,,0.0,,,,,,,,,,,,,,,,,,,
clinical,clinical_82,2010-09-30,1440,0,300.8833333333333,326.76498775453626,0.19027777777777777,212.0,26.75,485.0,2,30-39,15:00:00,6.5,0.0,0.0,0.0,0.0,1.0,1.0,0.0,0.0,0.0,28.0,25.0,20.0,,,0.0,,,,,,,,,,,,,,,,,,,
clinical,clinical_82,2010-10-01,1440,0,511.5159722222222,362.3567261237334,0.03680555555555556,469.0,235.0,712.0,2,30-39,15:00:00,6.5,0.0,0.0,0.0,0.0,1.0,1.0,0.0,0.0,0.0,28.0,25.0,20.0,,,0.0,,,,,,,,,,,,,,,,,,,
clinical,clinical_82,2010-10-02,1440,0,402.81944444444446,354.4004611229164,0.1951388888888889,373.0,64.0,626.0,2,30-39,15:00:00,6.5,0.0,0.0,0.0,0.0,1.0,1.0,0.0,0.0,0.0,28.0,25.0,20.0,,,0.0,,,,,,,,,,,,,,,,,,,
clinical,clinical_82,2010-10-03,1440,0,440.43055555555554,371.1183072218978,0.07847222222222222,411.0,143.0,626.0,2,30-39,15:00:00,6.5,0.0,0.0,0.0,0.0,1.0,1.0,0.0,0.0,0.0,28.0,25.0,20.0,,,0.0,,,,,,,,,,,,,,,,,,,
clinical,clinical_82,2010-10-04,1440,0,351.8020833333333,389.457693282301,0.16180555555555556,242.0,38.0,533.0,2,30-39,15:00:00,6.5,0.0,0.0,0.0,0.0,1.0,1.0,0.0,0.0,0.0,28.0,25.0,20.0,,,0.0,,,,,,,,,,,,,,,,,,,
clinical,clinical_89,2011-02-22,1440,0,386.37430555555557,487.37201400392286,0.375,129.0,0.0,733.0,1,17-29,9:16:00,6.6,0.0,0.0,0.0,1.0,1.0,0.0,0.0,0.0,0.0,16.0,23.0,4.0,8.0,0.0,1.0,1.0,,,,,,,,,,,,,,,,,,
clinical,clinical_89,2011-02-23,1440,0,392.2923611111111,530.7564334120821,0.36319444444444443,129.0,0.0,665.0,1,17-29,9:16:00,6.6,0.0,0.0,0.0,1.0,1.0,0.0,0.0,0.0,0.0,16.0,23.0,4.0,8.0,0.0,1.0,1.0,,,,,,,,,,,,,,,,,,
clinical,clinical_89,2011-02-24,1440,0,313.4201388888889,470.28330322144075,0.45625,16.0,0.0,549.0,1,17-29,9:16:00,6.6,0.0,0.0,0.0,1.0,1.0,0.0,0.0,0.0,0.0,16.0,23.0,4.0,8.0,0.0,1.0,1.0,,,,,,,,,,,,,,,,,,
clinical,clinical_89,2011-02-25,1440,0,393.03263888888887,517.923068789857,0.37569444444444444,94.0,0.0,756.0,1,17-29,9:16:00,6.6,0.0,0.0,0.0,1.0,1.0,0.0,0.0,0.0,0.0,16.0,23.0,4.0,8.0,0.0,1.0,1.0,,,,,,,,,,,,,,,,,,
clinical,clinical_89,2011-02-26,1440,0,189.17152777777778,331.4292854783142,0.5131944444444444,0.0,0.0,241.0,1,17-29,9:16:00,6.6,0.0,0.0,0.0,1.0,1.0,0.0,0.0,0.0,0.0,16.0,23.0,4.0,8.0,0.0,1.0,1.0,,,,,,,,,,,,,,,,,,
clinical,clinical_89,2011-02-27,1440,0,209.05972222222223,319.5336498362897,0.3763888888888889,41.0,0.0,306.0,1,17-29,9:16:00,6.6,0.0,0.0,0.0,1.0,1.0,0.0,0.0,0.0,0.0,16.0,23.0,4.0,8.0,0.0,1.0,1.0,,,,,,,,,,,,,,,,,,
clinical,clinical_9,2009-03-26,1440,0,86.48055555555555,97.02416457152553,0.17152777777777778,49.0,12.0,143.0,2,17-29,14:05:00,10.0,0.0,0.0,0.0,0.0,0.0,0.0,1.0,1.0,0.0,61.0,33.0,6.0,6.0,2.0,0.0,,,,,,,,,,,,,,,,,,,
clinical,clinical_9,2009-03-27,1440,0,15.781944444444445,58.652919379811706,0.85,0.0,0.0,0.0,2,17-29,14:05:00,10.0,0.0,0.0,0.0,0.0,0.0,0.0,1.0,1.0,0.0,61.0,33.0,6.0,6.0,2.0,0.0,,,,,,,,,,,,,,,,,,,
clinical,clinical_9,2009-03-28,1440,0,4.907638888888889,27.399370379680846,0.9381944444444444,0.0,0.0,0.0,2,17-29,14:05:00,10.0,0.0,0.0,0.0,0.0,0.0,0.0,1.0,1.0,0.0,61.0,33.0,6.0,6.0,2.0,0.0,,,,,,,,,,,,,,,,,,,
clinical,clinical_9,2009-03-29,1440,0,108.11736111111111,134.0018894092859,0.1638888888888889,52.0,9.0,160.0,2,17-29,14:05:00,10.0,0.0,0.0,0.0,0.0,0.0,0.0,1.0,1.0,0.0,61.0,33.0,6.0,6.0,2.0,0.0,,,,,,,,,,,,,,,,,,,
clinical,clinical_9,2009-03-30,1440,0,122.16041666666666,138.99898067109763,0.18125,73.0,15.0,179.5,2,17-29,14:05:00,10.0,0.0,0.0,0.0,0.0,0.0,0.0,1.0,1.0,0.0,61.0,33.0,6.0,6.0,2.0,0.0,,,,,,,,,,,,,,,,,,,
clinical,clinical_9,2009-03-31,1440,0,32.83611111111111,68.14786477774217,0.6354166666666666,0.0,0.0,34.25,2,17-29,14:05:00,10.0,0.0,0.0,0.0,0.0,0.0,0.0,1.0,1.0,0.0,61.0,33.0,6.0,6.0,2.0,0.0,,,,,,,,,,,,,,,,,,,
clinical,clinical_9,2009-04-01,1440,0,6.1409722222222225,39.71833454533037,0.9354166666666667,0.0,0.0,0.0,2,17-29,14:05:00,10.0,0.0,0.0,0.0,0.0,0.0,0.0,1.0,1.0,0.0,61.0,33.0,6.0,6.0,2.0,0.0,,,,,,,,,,,,,,,,,,,
clinical,clinical_9,2009-04-02,1440,0,83.6,115.8337697833504,0.38819444444444445,30.0,0.0,139.0,2,17-29,14:05:00,10.0,0.0,0.0,0.0,0.0,0.0,0.0,1.0,1.0,0.0,61.0,33.0,6.0,6.0,2.0,0.0,,,,,,,,,,,,,,,,,,,
clinical,clinical_9,2009-04-03,1440,0,133.24027777777778,117.96078345474047,0.10694444444444444,102.0,49.0,190.0,2,17-29,14:05:00,10.0,0.0,0.0,0.0,0.0,0.0,0.0,1.0,1.0,0.0,61.0,33.0,6.0,6.0,2.0,0.0,,,,,,,,,,,,,,,,,,,
clinical,clinical_90,2010-11-02,1440,0,245.51875,367.3484603412735,0.4173611111111111,42.0,0.0,387.0,2,40-49,17:00:00,6.8,0.0,0.0,0.0,0.0,0.0,0.0,1.0,,,,,19.0,14.0,9.0,0.0,,,,,,,,,,,,,,,,,,,
clinical,clinical_90,2010-11-03,1440,0,226.77708333333334,366.2965702699017,0.41041666666666665,31.0,0.0,325.0,2,40-49,17:00:00,6.8,0.0,0.0,0.0,0.0,0.0,0.0,1.0,,,,,19.0,14.0,9.0,0.0,,,,,,,,,,,,,,,,,,,
clinical,clinical_90,2010-11-04,1440,0,182.08541666666667,340.5144907319474,0.4465277777777778,19.0,0.0,209.0,2,40-49,17:00:00,6.8,0.0,0.0,0.0,0.0,0.0,0.0,1.0,,,,,19.0,14.0,9.0,0.0,,,,,,,,,,,,,,,,,,,
clinical,clinical_90,2010-11-05,1440,0,153.39583333333334,266.1738445794298,0.4395833333333333,22.0,0.0,190.5,2,40-49,17:00:00,6.8,0.0,0.0,0.0,0.0,0.0,0.0,1.0,,,,,19.0,14.0,9.0,0.0,,,,,,,,,,,,,,,,,,,
clinical,clinical_90,2010-11-06,1440,0,202.15277777777777,363.6019939333171,0.44027777777777777,24.0,0.0,232.0,2,40-49,17:00:00,6.8,0.0,0.0,0.0,0.0,0.0,0.0,1.0,,,,,19.0,14.0,9.0,0.0,,,,,,,,,,,,,,,,,,,
clinical,clinical_90,2010-11-07,1440,0,185.0548611111111,359.52608917269697,0.46597222222222223,9.0,0.0,168.0,2,40-49,17:00:00,6.8,0.0,0.0,0.0,0.0,0.0,0.0,1.0,,,,,19.0,14.0,9.0,0.0,,,,,,,,,,,,,,,,,,,
clinical,clinical_93,2011-03-10,1440,0,253.16458333333333,442.50666818088587,0.3548611111111111,76.0,0.0,294.0,1,17-29,11:51:00,6.9,0.0,0.0,0.0,1.0,0.0,0.0,0.0,0.0,0.0,41.0,24.0,2.0,7.0,0.0,0.0,,,,,,,,,,,,,,,,,,,
clinical,clinical_93,2011-03-11,1440,0,222.93472222222223,353.2618184937036,0.39791666666666664,45.0,0.0,315.0,1,17-29,11:51:00,6.9,0.0,0.0,0.0,1.0,0.0,0.0,0.0,0.0,0.0,41.0,24.0,2.0,7.0,0.0,0.0,,,,,,,,,,,,,,,,,,,
clinical,clinical_93,2011-03-12,1440,0,332.38402777777776,434.28398017810025,0.3298611111111111,175.0,0.0,515.0,1,17-29,11:51:00,6.9,0.0,0.0,0.0,1.0,0.0,0.0,0.0,0.0,0.0,41.0,24.0,2.0,7.0,0.0,0.0,,,,,,,,,,,,,,,,,,,
clinical,clinical_93,2011-03-13,1440,0,226.23055555555555,380.0274016578311,0.3729166666666667,62.0,0.0,275.0,1,17-29,11:51:00,6.9,0.0,0.0,0.0,1.0,0.0,0.0,0.0,0.0,0.0,41.0,24.0,2.0,7.0,0.0,0.0,,,,,,,,,,,,,,,,,,,
clinical,clinical_93,2011-03-14,1440,0,296.4375,415.1480144135677,0.39791666666666664,88.0,0.0,483.0,1,17-29,11:51:00,6.9,0.0,0.0,0.0,1.0,0.0,0.0,0.0,0.0,0.0,41.0,24.0,2.0,7.0,0.0,0.0,,,,,,,,,,,,,,,,,,,
clinical,clinical_93,2011-03-15,1440,0,237.67430555555555,396.3501645652574,0.39444444444444443,55.0,0.0,304.0,1,17-29,11:51:00,6.9,0.0,0.0,0.0,1.0,0.0,0.0,0.0,0.0,0.0,41.0,24.0,2.0,7.0,0.0,0.0,,,,,,,,,,,,,,,,,,,
clinical,clinical_96,2011-03-25,1440,0,113.79097222222222,188.90935892835338,0.37430555555555556,25.0,0.0,147.0,2,30-39,14:13:00,8.3,0.0,0.0,1.0,0.0,0.0,0.0,0.0,1.0,1.0,29.0,39.0,15.0,15.0,10.0,0.0,,,,,,,,,,,,,,,,,,,
clinical,clinical_96,2011-03-26,1440,0,112.47430555555556,204.31505670251295,0.28680555555555554,36.0,0.0,126.0,2,30-39,14:13:00,8.3,0.0,0.0,1.0,0.0,0.0,0.0,0.0,1.0,1.0,29.0,39.0,15.0,15.0,10.0,0.0,,,,,,,,,,,,,,,,,,,
clinical,clinical_96,2011-03-27,1440,0,81.73333333333333,145.44245139114872,0.2847222222222222,29.0,0.0,93.0,2,30-39,14:13:00,8.3,0.0,0.0,1.0,0.0,0.0,0.0,0.0,1.0,1.0,29.0,39.0,15.0,15.0,10.0,0.0,,,,,,,,,,,,,,,,,,,
clinical,clinical_96,2011-03-28,1440,0,140.07916666666668,250.49322037704155,0.2875,45.0,0.0,152.0,2,30-39,14:13:00,8.3,0.0,0.0,1.0,0.0,0.0,0.0,0.0,1.0,1.0,29.0,39.0,15.0,15.0,10.0,0.0,,,,,,,,,,,,,,,,,,,
clinical,clinical_96,2011-03-29,1440,0,126.12847222222223,234.75848587289144,0.3111111111111111,33.0,0.0,126.0,2,30-39,14:13:00,8.3,0.0,0.0,1.0,0.0,0.0,0.0,0.0,1.0,1.0,29.0,39.0,15.0,15.0,10.0,0.0,,,,,,,,,,,,,,,,,,,
clinical,clinical_96,2011-03-30,1440,0,144.59166666666667,234.20545630682668,0.2965277777777778,43.0,0.0,169.75,2,30-39,14:13:00,8.3,0.0,0.0,1.0,0.0,0.0,0.0,0.0,1.0,1.0,29.0,39.0,15.0,15.0,10.0,0.0,,,,,,,,,,,,,,,,,,,
clinical,clinical_96,2011-03-31,1440,0,97.64236111111111,187.16769593062983,0.3625,22.0,0.0,107.0,2,30-39,14:13:00,8.3,0.0,0.0,1.0,0.0,0.0,0.0,0.0,1.0,1.0,29.0,39.0,15.0,15.0,10.0,0.0,,,,,,,,,,,,,,,,,,,
depression,depression_1,2003-05-08,1440,0,156.24722222222223,229.030210872461,0.40902777777777777,27.0,0.0,252.25,2,35-39,12:00:00,11.0,,,,,,,,,,,,,,,,,,,,,,2.0,2.0,2.0,1.0,2.0,19.0,19.0,1,,,,,
depression,depression_1,2003-05-09,1440,0,124.13541666666667,211.16791731040792,0.4618055555555556,14.0,0.0,172.0,2,35-39,12:00:00,11.0,,,,,,,,,,,,,,,,,,,,,,2.0,2.0,2.0,1.0,2.0,19.0,19.0,1,,,,,
depression,depression_1,2003-05-10,1440,0,134.96180555555554,230.87452535490155,0.37430555555555556,33.0,0.0,184.0,2,35-39,12:00:00,11.0,,,,,,,,,,,,,,,,,,,,,,2.0,2.0,2.0,1.0,2.0,19.0,19.0,1,,,,,
depression,depression_1,2003-05-11,1440,0,99.43958333333333,177.6582525050827,0.4201388888888889,15.0,0.0,134.0,2,35-39,12:00:00,11.0,,,,,,,,,,,,,,,,,,,,,,2.0,2.0,2.0,1.0,2.0,19.0,19.0,1,,,,,
depression,depression_1,2003-05-12,1440,0,316.87430555555557,496.0125308182087,0.39375,40.5,0.0,500.0,2,35-39,12:00:00,11.0,,,,,,,,,,,,,,,,,,,,,,2.0,2.0,2.0,1.0,2.0,19.0,19.0,1,,,,,
depression,depression_1,2003-05-13,1440,0,108.47569444444444,202.35780870174816,0.4652777777777778,11.5,0.0,148.0,2,35-39,12:00:00,11.0,,,,,,,,,,,,,,,,,,,,,,2.0,2.0,2.0,1.0,2.0,19.0,19.0,1,,,,,
depression,depression_1,2003-05-14,1440,0,155.68472222222223,252.39097324924404,0.39652777777777776,32.0,0.0,227.0,2,35-39,12:00:00,11.0,,,,,,,,,,,,,,,,,,,,,,2.0,2.0,2.0,1.0,2.0,19.0,19.0,1,,,,,
depression,depression_1,2003-05-15,1440,0,170.87708333333333,265.5208916813719,0.4,31.0,0.0,250.0,2,35-39,12:00:00,11.0,,,,,,,,,,,,,,,,,,,,,,2.0,2.0,2.0,1.0,2.0,19.0,19.0,1,,,,,
depression,depression_1,2003-05-16,1440,0,190.50833333333333,277.25033050275863,0.3416666666666667,61.0,0.0,288.5,2,35-39,12:00:00,11.0,,,,,,,,,,,,,,,,,,,,,,2.0,2.0,2.0,1.0,2.0,19.0,19.0,1,,,,,
depression,depression_1,2003-05-17,1440,0,177.76041666666666,289.13965092791284,0.4076388888888889,24.0,0.0,250.0,2,35-39,12:00:00,11.0,,,,,,,,,,,,,,,,,,,,,,2.0,2.0,2.0,1.0,2.0,19.0,19.0,1,,,,,
depression,depression_1,2003-05-18,1440,0,97.72916666666667,199.76776164774435,0.5131944444444444,0.0,0.0,91.0,2,35-39,12:00:00,11.0,,,,,,,,,,,,,,,,,,,,,,2.0,2.0,2.0,1.0,2.0,19.0,19.0,1,,,,,
depression,depression_1,2003-05-19,1440,0,168.1027777777778,323.5553992458986,0.5145833333333333,0.0,0.0,191.75,2,35-39,12:00:00,11.0,,,,,,,,,,,,,,,,,,,,,,2.0,2.0,2.0,1.0,2.0,19.0,19.0,1,,,,,
depression,depression_1,2003-05-20,1440,0,111.48819444444445,201.04700562739046,0.4930555555555556,3.0,0.0,130.0,2,35-39,12:00:00,11.0,,,,,,,,,,,,,,,,,,,,,,2.0,2.0,2.0,1.0,2.0,19.0,19.0,1,,,,,
depression,depression_1,2003-05-21,1440,0,199.59722222222223,556.979965720946,0.48125,3.0,0.0,98.0,2,35-39,12:00:00,11.0,,,,,,,,,,,,,,,,,,,,,,2.0,2.0,2.0,1.0,2.0,19.0,19.0,1,,,,,
depression,depression_1,2003-05-22,1440,0,71.1125,221.61582088373615,0.7652777777777777,0.0,0.0,0.0,2,35-39,12:00:00,11.0,,,,,,,,,,,,,,,,,,,,,,2.0,2.0,2.0,1.0,2.0,19.0,19.0,1,,,,,
depression,depression_10,2004-09-01,1440,0,426.46458333333334,462.23910674153836,0.2875,349.0,0.0,709.0,2,45-49,9:00:00,9.0,,,,,,,,,,,,,,,,,,,,,,2.0,2.0,2.0,1.0,2.0,28.0,21.0,1,,,,,
depression,depression_10,2004-09-02,1440,0,362.5673611111111,461.59710476685984,0.3104166666666667,149.0,0.0,605.0,2,45-49,9:00:00,9.0,,,,,,,,,,,,,,,,,,,,,,2.0,2.0,2.0,1.0,2.0,28.0,21.0,1,,,,,
depression,depression_10,2004-09-03,1440,0,335.22083333333336,397.7615891312212,0.25763888888888886,227.0,0.0,499.0,2,45-49,9:00:00,9.0,,,,,,,,,,,,,,,,,,,,,,2.0,2.0,2.0,1.0,2.0,28.0,21.0,1,,,,,
depression,depression_10,2004-09-04,1440,0,328.84930555555553,421.30008464153224,0.3034722222222222,149.0,0.0,531.0,2,45-49,9:00:00,9.0,,,,,,,,,,,,,,,,,,,,,,2.0,2.0,2.0,1.0,2.0,28.0,21.0,1,,,,,
depression,depression_10,2004-09-05,1440,0,312.78680555555553,409.16913063523685,0.38472222222222224,121.0,0.0,515.0,2,45-49,9:00:00,9.0,,,,,,,,,,,,,,,,,,,,,,2.0,2.0,2.0,1.0,2.0,28.0,21.0,1,,,,,
depression,depression_10,2004-09-06,1440,0,262.44444444444446,364.32248912227055,0.32430555555555557,103.0,0.0,384.0,2,45-49,9:00:00,9.0,,,,,,,,,,,,,,,,,,,,,,2.0,2.0,2.0,1.0,2.0,28.0,21.0,1,,,,,
depression,depression_10,2004-09-07,1440,0,376.7006944444444,485.23780109409125,0.3326388888888889,157.0,0.0,605.0,2,45-49,9:00:00,9.0,,,,,,,,,,,,,,,,,,,,,,2.0,2.0,2.0,1.0,2.0,28.0,21.0,1,,,,,
depression,depression_10,2004-09-08,1440,0,311.22777777777776,506.4433809590999,0.38263888888888886,68.0,0.0,424.0,2,45-49,9:00:00,9.0,,,,,,,,,,,,,,,,,,,,,,2.0,2.0,2.0,1.0,2.0,28.0,21.0,1,,,,,
depression,depression_10,2004-09-09,1440,0,294.99652777777777,405.53926116845304,0.33194444444444443,88.0,0.0,453.0,2,45-49,9:00:00,9.0,,,,,,,,,,,,,,,,,,,,,,2.0,2.0,2.0,1.0,2.0,28.0,21.0,1,,,,,
depression,depression_10,2004-09-10,1440,0,252.24652777777777,336.4902626569507,0.31319444444444444,143.0,0.0,327.0,2,45-49,9:00:00,9.0,,,,,,,,,,,,,,,,,,,,,,2.0,2.0,2.0,1.0,2.0,28.0,21.0,1,,,,,
depression,depression_10,2004-09-11,1440,0,228.71180555555554,285.83618001413555,0.28194444444444444,229.0,0.0,234.0,2,45-49,9:00:00,9.0,,,,,,,,,,,,,,,,,,,,,,2.0,2.0,2.0,1.0,2.0,28.0,21.0,1,,,,,
depression,depression_10,2004-09-12,1440,0,271.3666666666667,371.17477763926195,0.32222222222222224,112.0,0.0,397.0,2,45-49,9:00:00,9.0,,,,,,,,,,,,,,,,,,,,,,2.0,2.0,2.0,1.0,2.0,28.0,21.0,1,,,,,
depression,depression_10,2004-09-13,1440,0,321.9243055555556,401.33494665832427,0.33125,175.0,0.0,499.0,2,45-49,9:00:00,9.0,,,,,,,,,,,,,,,,,,,,,,2.0,2.0,2.0,1.0,2.0,28.0,21.0,1,,,,,
depression,depression_10,2004-09-14,1440,0,64.13958333333333,216.23235789267613,0.7479166666666667,0.0,0.0,3.0,2,45-49,9:00:00,9.0,,,,,,,,,,,,,,,,,,,,,,2.0,2.0,2.0,1.0,2.0,28.0,21.0,1,,,,,
depression,depression_11,2004-09-29,1440,0,132.40833333333333,291.11006640768863,0.6041666666666666,0.0,0.0,83.0,1,45-49,9:30:00,14.0,,,,,,,,,,,,,,,,,,,,,,2.0,2.0,2.0,1.0,2.0,24.0,24.0,1,,,,,
depression,depression_11,2004-09-30,1440,0,138.04583333333332,272.7570487109871,0.48125,3.0,0.0,138.0,1,45-49,9:30:00,14.0,,,,,,,,,,,,,,,,,,,,,,2.0,2.0,2.0,1.0,2.0,24.0,24.0,1,,,,,
depression,depression_11,2004-10-01,1440,0,184.74375,314.31547143902657,0.4125,28.0,0.0,231.0,1,45-49,9:30:00,14.0,,,,,,,,,,,,,,,,,,,,,,2.0,2.0,2.0,1.0,2.0,24.0,24.0,1,,,,,
depression,depression_11,2004-10-02,1440,0,204.06597222222223,315.14933269430526,0.3611111111111111,57.0,0.0,283.0,1,45-49,9:30:00,14.0,,,,,,,,,,,,,,,,,,,,,,2.0,2.0,2.0,1.0,2.0,24.0,24.0,1,,,,,
depression,depression_11,2004-10-03,1440,0,49.852777777777774,139.88154410490625,0.6548611111111111,0.0,0.0,32.0,1,45-49,9:30:00,14.0,,,,,,,,,,,,,,,,,,,,,,2.0,2.0,2.0,1.0,2.0,24.0,24.0,1,,,,,
depression,depression_11,2004-10-04,1440,0,71.42430555555555,218.17075968484454,0.6875,0.0,0.0,17.0,1,45-49,9:30:00,14.0,,,,,,,,,,,,,,,,,,,,,,2.0,2.0,2.0,1.0,2.0,24.0,24.0,1,,,,,
depression,depression_11,2004-10-05,1440,0,113.32708333333333,264.05267380632756,0.6861111111111111,0.0,0.0,42.0,1,45-49,9:30:00,14.0,,,,,,,,,,,,,,,,,,,,,,2.0,2.0,2.0,1.0,2.0,24.0,24.0,1,,,,,
depression,depression_11,2004-10-06,1440,0,131.3451388888889,275.3453910116703,0.55,0.0,0.0,93.0,1,45-49,9:30:00,14.0,,,,,,,,,,,,,,,,,,,,,,2.0,2.0,2.0,1.0,2.0,24.0,24.0,1,,,,,
depression,depression_11,2004-10-07,1440,0,147.12708333333333,277.37349436743983,0.4152777777777778,19.0,0.0,151.0,1,45-49,9:30:00,14.0,,,,,,,,,,,,,,,,,,,,,,2.0,2.0,2.0,1.0,2.0,24.0,24.0,1,,,,,
depression,depression_11,2004-10-08,1440,0,270.13194444444446,430.5140894346835,0.4409722222222222,37.0,0.0,397.25,1,45-49,9:30:00,14.0,,,,,,,,,,,,,,,,,,,,,,2.0,2.0,2.0,1.0,2.0,24.0,24.0,1,,,,,
depression,depression_11,2004-10-09,1440,0,209.6861111111111,313.9489653791748,0.3597222222222222,57.0,0.0,303.0,1,45-49,9:30:00,14.0,,,,,,,,,,,,,,,,,,,,,,2.0,2.0,2.0,1.0,2.0,24.0,24.0,1,,,,,
depression,depression_11,2004-10-10,1440,0,86.29652777777778,205.89776721348687,0.5916666666666667,0.0,0.0,57.0,1,45-49,9:30:00,14.0,,,,,,,,,,,,,,,,,,,,,,2.0,2.0,2.0,1.0,2.0,24.0,24.0,1,,,,,
depression,depression_11,2004-10-11,1440,0,95.95694444444445,231.83181063865442,0.6368055555555555,0.0,0.0,52.0,1,45-49,9:30:00,14.0,,,,,,,,,,,,,,,,,,,,,,2.0,2.0,2.0,1.0,2.0,24.0,24.0,1,,,,,
depression,depression_11,2004-10-12,1440,0,37.64930555555556,127.15161526070614,0.7493055555555556,0.0,0.0,3.0,1,45-49,9:30:00,14.0,,,,,,,,,,,,,,,,,,,,,,2.0,2.0,2.0,1.0,2.0,24.0,24.0,1,,,,,
depression,depression_11,2004-10-13,1440,0,80.84097222222222,333.4236716987184,0.8409722222222222,0.0,0.0,0.0,1,45-49,9:30:00,14.0,,,,,,,,,,,,,,,,,,,,,,2.0,2.0,2.0,1.0,2.0,24.0,24.0,1,,,,,
depression,depression_12,2005-03-09,1440,0,116.79444444444445,233.3967758327775,0.4361111111111111,12.0,0.0,117.0,2,40-44,10:00:00,12.0,,,,,,,,,,,,,,,,,,,,,,1.0,2.0,2.0,2.0,2.0,25.0,21.0,1,,,,,
depression,depression_12,2005-03-10,1440,0,257.56111111111113,386.05374250065944,0.3055555555555556,94.0,0.0,384.0,2,40-44,10:00:00,12.0,,,,,,,,,,,,,,,,,,,,,,1.0,2.0,2.0,2.0,2.0,25.0,21.0,1,,,,,
depression,depression_12,2005-03-11,1440,0,195.87152777777777,296.65542960066443,0.33402777777777776,62.0,0.0,277.0,2,40-44,10:00:00,12.0,,,,,,,,,,,,,,,,,,,,,,1.0,2.0,2.0,2.0,2.0,25.0,21.0,1,,,,,
depression,depression_12,2005-03-12,1440,0,168.5951388888889,267.250120785198,0.4111111111111111,31.0,0.0,241.0,2,40-44,10:00:00,12.0,,,,,,,,,,,,,,,,,,,,,,1.0,2.0,2.0,2.0,2.0,25.0,21.0,1,,,,,
depression,depression_12,2005-03-13,1440,0,174.36180555555555,299.47065393617817,0.33611111111111114,39.0,0.0,250.0,2,40-44,10:00:00,12.0,,,,,,,,,,,,,,,,,,,,,,1.0,2.0,2.0,2.0,2.0,25.0,21.0,1,,,,,
depression,depression_12,2005-03-14,1440,0,236.84444444444443,291.51449977702123,0.26180555555555557,112.0,0.0,397.0,2,40-44,10:00:00,12.0,,,,,,,,,,,,,,,,,,,,,,1.0,2.0,2.0,2.0,2.0,25.0,21.0,1,,,,,
depression,depression_12,2005-03-15,1440,0,137.08402777777778,221.58255426815356,0.3701388888888889,34.0,0.0,178.0,2,40-44,10:00:00,12.0,,,,,,,,,,,,,,,,,,,,,,1.0,2.0,2.0,2.0,2.0,25.0,21.0,1,,,,,
depression,depression_12,2005-03-16,1440,0,129.8125,241.3016026777715,0.4131944444444444,19.0,0.0,149.0,2,40-44,10:00:00,12.0,,,,,,,,,,,,,,,,,,,,,,1.0,2.0,2.0,2.0,2.0,25.0,21.0,1,,,,,
depression,depression_12,2005-03-17,1440,0,171.89027777777778,259.70503656377076,0.375,46.5,0.0,243.25,2,40-44,10:00:00,12.0,,,,,,,,,,,,,,,,,,,,,,1.0,2.0,2.0,2.0,2.0,25.0,21.0,1,,,,,
depression,depression_12,2005-03-18,1440,0,178.2277777777778,250.95261185144446,0.31180555555555556,62.0,0.0,277.0,2,40-44,10:00:00,12.0,,,,,,,,,,,,,,,,,,,,,,1.0,2.0,2.0,2.0,2.0,25.0,21.0,1,,,,,
depression,depression_12,2005-03-19,1440,0,155.36458333333334,292.465925833143,0.42569444444444443,21.0,0.0,184.0,2,40-44,10:00:00,12.0,,,,,,,,,,,,,,,,,,,,,,1.0,2.0,2.0,2.0,2.0,25.0,21.0,1,,,,,
depression,depression_12,2005-03-20,1440,0,134.79930555555555,241.56603795641928,0.4444444444444444,12.0,0.0,160.0,2,40-44,10:00:00,12.0,,,,,,,,,,,,,,,,,,,,,,1.0,2.0,2.0,2.0,2.0,25.0,21.0,1,,,,,
depression,depression_12,2005-03-21,1440,0,57.69583333333333,176.27802136390181,0.7194444444444444,0.0,0.0,10.0,2,40-44,10:00:00,12.0,,,,,,,,,,,,,,,,,,,,,,1.0,2.0,2.0,2.0,2.0,25.0,21.0,1,,,,,
depression,depression_12,2005-03-22,1440,0,15.933333333333334,83.19984975947975,0.9354166666666667,0.0,0.0,0.0,2,40-44,10:00:00,12.0,,,,,,,,,,,,,,,,,,,,,,1.0,2.0,2.0,2.0,2.0,25.0,21.0,1,,,,,
depression,depression_13,2005-08-12,1440,0,293.55625,355.99949813064455,0.2777777777777778,168.5,0.0,462.0,2,35-39,9:00:00,14.0,,,,,,,,,,,,,,,,,,,,,,1.0,2.0,2.0,2.0,2.0,18.0,13.0,1,,,,,
depression,depression_13,2005-08-13,1440,0,257.50208333333336,309.2037084657832,0.2972222222222222,150.0,0.0,420.0,2,35-39,9:00:00,14.0,,,,,,,,,,,,,,,,,,,,,,1.0,2.0,2.0,2.0,2.0,18.0,13.0,1,,,,,
depression,depression_13,2005-08-14,1440,0,136.5715277777778,228.9486942657661,0.44930555555555557,15.0,0.0,191.0,2,35-39,9:00:00,14.0,,,,,,,,,,,,,,,,,,,,,,1.0,2.0,2.0,2.0,2.0,18.0,13.0,1,,,,,
depression,depression_13,2005-08-15,1440,0,314.24583333333334,401.53004503520305,0.27361111111111114,134.0,0.0,526.0,2,35-39,9:00:00,14.0,,,,,,,,,,,,,,,,,,,,,,1.0,2.0,2.0,2.0,2.0,18.0,13.0,1,,,,,
depression,depression_13,2005-08-16,1440,0,227.26458333333332,352.9336892724149,0.33125,67.0,0.0,293.0,2,35-39,9:00:00,14.0,,,,,,,,,,,,,,,,,,,,,,1.0,2.0,2.0,2.0,2.0,18.0,13.0,1,,,,,
depression,depression_13,2005-08-17,1440,0,257.7347222222222,376.2712790807105,0.32430555555555557,67.0,0.0,410.25,2,35-39,9:00:00,14.0,,,,,,,,,,,,,,,,,,,,,,1.0,2.0,2.0,2.0,2.0,18.0,13.0,1,,,,,
depression,depression_13,2005-08-18,1440,0,290.22222222222223,356.502850706314,0.26805555555555555,155.0,0.0,477.0,2,35-39,9:00:00,14.0,,,,,,,,,,,,,,,,,,,,,,1.0,2.0,2.0,2.0,2.0,18.0,13.0,1,,,,,
depression,depression_13,2005-08-19,1440,0,331.83819444444447,426.9485196160019,0.27569444444444446,172.0,0.0,543.0,2,35-39,9:00:00,14.0,,,,,,,,,,,,,,,,,,,,,,1.0,2.0,2.0,2.0,2.0,18.0,13.0,1,,,,,
depression,depression_13,2005-08-20,1440,0,180.70694444444445,291.28621416552795,0.4270833333333333,37.5,0.0,259.25,2,35-39,9:00:00,14.0,,,,,,,,,,,,,,,,,,,,,,1.0,2.0,2.0,2.0,2.0,18.0,13.0,1,,,,,
depression,depression_13,2005-08-21,1440,0,237.08055555555555,348.8705712083593,0.35,91.5,0.0,334.0,2,35-39,9:00:00,14.0,,,,,,,,,,,,,,,,,,,,,,1.0,2.0,2.0,2.0,2.0,18.0,13.0,1,,,,,
depression,depression_13,2005-08-22,1440,0,236.8,339.73031829182787,0.3625,72.0,0.0,369.0,2,35-39,9:00:00,14.0,,,,,,,,,,,,,,,,,,,,,,1.0,2.0,2.0,2.0,2.0,18.0,13.0,1,,,,,
depression,depression_13,2005-08-23,1440,0,336.5763888888889,429.38979118727167,0.3347222222222222,160.0,0.0,561.0,2,35-39,9:00:00,14.0,,,,,,,,,,,,,,,,,,,,,,1.0,2.0,2.0,2.0,2.0,18.0,13.0,1,,,,,
depression,depression_13,2005-08-24,1440,0,253.26458333333332,352.8196562789137,0.3375,101.0,0.0,394.0,2,35-39,9:00:00,14.0,,,,,,,,,,,,,,,,,,,,,,1.0,2.0,2.0,2.0,2.0,18.0,13.0,1,,,,,
depression,depression_13,2005-08-25,1440,0,291.93055555555554,408.2020750392604,0.33125,90.0,0.0,462.0,2,35-39,9:00:00,14.0,,,,,,,,,,,,,,,,,,,,,,1.0,2.0,2.0,2.0,2.0,18.0,13.0,1,,,,,
depression,depression_13,2005-08-26,1440,0,108.02638888888889,267.0094840663985,0.7138888888888889,0.0,0.0,27.25,2,35-39,9:00:00,14.0,,,,,,,,,,,,,,,,,,,,,,1.0,2.0,2.0,2.0,2.0,18.0,13.0,1,,,,,
depression,depression_13,2005-08-27,1440,0,0.2652777777777778,3.541878806282769,0.9902777777777778,0.0,0.0,0.0,2,35-39,9:00:00,14.0,,,,,,,,,,,,,,,,,,,,,,1.0,2.0,2.0,2.0,2.0,18.0,13.0,1,,,,,
depression,depression_13,2005-08-28,1440,0,0.2013888888888889,2.6301665059013724,0.99375,0.0,0.0,0.0,2,35-39,9:00:00,14.0,,,,,,,,,,,,,,,,,,,,,,1.0,2.0,2.0,2.0,2.0,18.0,13.0,1,,,,,
depression,depression_14,2005-08-19,1440,0,143.5263888888889,313.5524665883312,0.4979166666666667,3.0,0.0,139.0,1,60-64,10:30:00,14.0,,,,,,,,,,,,,,,,,,,,,,1.0,2.0,2.0,2.0,2.0,28.0,19.0,1,,,,,
depression,depression_14,2005-08-20,1440,0,61.40694444444444,162.68387786883298,0.6659722222222222,0.0,0.0,27.5,1,60-64,10:30:00,14.0,,,,,,,,,,,,,,,,,,,,,,1.0,2.0,2.0,2.0,2.0,28.0,19.0,1,,,,,
depression,depression_14,2005-08-21,1440,0,55.74166666666667,133.75984880664964,0.6597222222222222,0.0,0.0,24.0,1,60-64,10:30:00,14.0,,,,,,,,,,,,,,,,,,,,,,1.0,2.0,2.0,2.0,2.0,28.0,19.0,1,,,,,
depression,depression_14,2005-08-22,1440,0,69.55763888888889,175.31321814266107,0.6069444444444444,0.0,0.0,43.0,1,60-64,10:30:00,14.0,,,,,,,,,,,,,,,,,,,,,,1.0,2.0,2.0,2.0,2.0,28.0,19.0,1,,,,,
depression,depression_14,2005-08-23,1440,0,69.47361111111111,155.09289554351284,0.6048611111111111,0.0,0.0,52.0,1,60-64,10:30:00,14.0,,,,,,,,,,,,,,,,,,,,,,1.0,2.0,2.0,2.0,2.0,28.0,19.0,1,,,,,
depression,depression_14,2005-08-24,1440,0,87.11458333333333,204.8890860077817,0.5805555555555556,0.0,0.0,61.0,1,60-64,10:30:00,14.0,,,,,,,,,,,,,,,,,,,,,,1.0,2.0,2.0,2.0,2.0,28.0,19.0,1,,,,,
depression,depression_14,2005-08-25,1440,0,54.87152777777778,141.9937382046566,0.6881944444444444,0.0,0.0,20.0,1,60-64,10:30:00,14.0,,,,,,,,,,,,,,,,,,,,,,1.0,2.0,2.0,2.0,2.0,28.0,19.0,1,,,,,
depression,depression_14,2005-08-26,1440,0,102.2375,220.84744730840538,0.5916666666666667,0.0,0.0,76.0,1,60-64,10:30:00,14.0,,,,,,,,,,,,,,,,,,,,,,1.0,2.0,2.0,2.0,2.0,28.0,19.0,1,,,,,
depression,depression_14,2005-08-27,1440,0,85.91944444444445,191.84175092948706,0.5930555555555556,0.0,0.0,58.0,1,60-64,10:30:00,14.0,,,,,,,,,,,,,,,,,,,,,,1.0,2.0,2.0,2.0,2.0,28.0,19.0,1,,,,,
depression,depression_14,2005-08-28,1440,0,57.703472222222224,147.88256504233092,0.6527777777777778,0.0,0.0,30.0,1,60-64,10:30:00,14.0,,,,,,,,,,,,,,,,,,,,,,1.0,2.0,2.0,2.0,2.0,28.0,19.0,1,,,,,
depression,depression_14,2005-08-29,1440,0,50.85347222222222,131.74837676271517,0.6798611111111111,0.0,0.0,20.0,1,60-64,10:30:00,14.0,,,,,,,,,,,,,,,,,,,,,,1.0,2.0,2.0,2.0,2.0,28.0,19.0,1,,,,,
depression,depression_14,2005-08-30,1440,0,76.01180555555555,175.29768094290978,0.6597222222222222,0.0,0.0,44.0,1,60-64,10:30:00,14.0,,,,,,,,,,,,,,,,,,,,,,1.0,2.0,2.0,2.0,2.0,28.0,19.0,1,,,,,
depression,depression_14,2005-08-31,1440,0,54.920833333333334,140.691242361006,0.6923611111111111,0.0,0.0,21.0,1,60-64,10:30:00,14.0,,,,,,,,,,,,,,,,,,,,,,1.0,2.0,2.0,2.0,2.0,28.0,19.0,1,,,,,
depression,depression_14,2005-09-01,1440,0,65.53194444444445,161.26683919515787,0.6798611111111111,0.0,0.0,55.0,1,60-64,10:30:00,14.0,,,,,,,,,,,,,,,,,,,,,,1.0,2.0,2.0,2.0,2.0,28.0,19.0,1,,,,,
depression,depression_15,2005-08-31,1440,0,175.63958333333332,279.1677039082099,0.34097222222222223,67.0,0.0,257.0,2,55-59,10:00:00,13.0,,,,,,,,,,,,,,,,,,,,,,2.0,2.0,2.0,1.0,1.0,14.0,18.0,1,,,,,
depression,depression_15,2005-09-01,1440,0,131.64791666666667,245.395503464631,0.4111111111111111,26.5,0.0,172.0,2,55-59,10:00:00,13.0,,,,,,,,,,,,,,,,,,,,,,2.0,2.0,2.0,1.0,1.0,14.0,18.0,1,,,,,
depression,depression_15,2005-09-02,1440,0,242.24305555555554,393.18074806152333,0.2826388888888889,109.0,0.0,334.0,2,55-59,10:00:00,13.0,,,,,,,,,,,,,,,,,,,,,,2.0,2.0,2.0,1.0,1.0,14.0,18.0,1,,,,,
depression,depression_15,2005-09-03,1440,0,88.24444444444444,177.76323195701207,0.5180555555555556,0.0,0.0,93.0,2,55-59,10:00:00,13.0,,,,,,,,,,,,,,,,,,,,,,2.0,2.0,2.0,1.0,1.0,14.0,18.0,1,,,,,
depression,depression_15,2005-09-04,1440,0,78.90416666666667,158.9756855426326,0.5298611111111111,0.0,0.0,74.0,2,55-59,10:00:00,13.0,,,,,,,,,,,,,,,,,,,,,,2.0,2.0,2.0,1.0,1.0,14.0,18.0,1,,,,,
depression,depression_15,2005-09-05,1440,0,37.477777777777774,107.01559883989682,0.7083333333333334,0.0,0.0,9.0,2,55-59,10:00:00,13.0,,,,,,,,,,,,,,,,,,,,,,2.0,2.0,2.0,1.0,1.0,14.0,18.0,1,,,,,
depression,depression_15,2005-09-06,1440,0,52.27291666666667,176.00160538991224,0.6958333333333333,0.0,0.0,14.0,2,55-59,10:00:00,13.0,,,,,,,,,,,,,,,,,,,,,,2.0,2.0,2.0,1.0,1.0,14.0,18.0,1,,,,,
depression,depression_15,2005-09-07,1440,0,70.61180555555555,171.77078557570704,0.6576388888888889,0.0,0.0,40.25,2,55-59,10:00:00,13.0,,,,,,,,,,,,,,,,,,,,,,2.0,2.0,2.0,1.0,1.0,14.0,18.0,1,,,,,
depression,depression_15,2005-09-08,1440,0,42.69583333333333,125.44858612362542,0.6472222222222223,0.0,0.0,20.5,2,55-59,10:00:00,13.0,,,,,,,,,,,,,,,,,,,,,,2.0,2.0,2.0,1.0,1.0,14.0,18.0,1,,,,,
depression,depression_15,2005-09-09,1440,0,170.36388888888888,238.22462165497151,0.2701388888888889,82.0,0.0,248.0,2,55-59,10:00:00,13.0,,,,,,,,,,,,,,,,,,,,,,2.0,2.0,2.0,1.0,1.0,14.0,18.0,1,,,,,
depression,depression_15,2005-09-10,1440,0,96.51527777777778,183.31767293699193,0.4708333333333333,4.0,0.0,102.0,2,55-59,10:00:00,13.0,,,,,,,,,,,,,,,,,,,,,,2.0,2.0,2.0,1.0,1.0,14.0,18.0,1,,,,,
depression,depression_15,2005-09-11,1440,0,142.76111111111112,275.1089882793704,0.40069444444444446,18.0,0.0,191.0,2,55-59,10:00:00,13.0,,,,,,,,,,,,,,,,,,,,,,2.0,2.0,2.0,1.0,1.0,14.0,18.0,1,,,,,
depression,depression_15,2005-09-12,1440,0,151.9375,244.96632474774296,0.38819444444444445,41.0,0.0,218.0,2,55-59,10:00:00,13.0,,,,,,,,,,,,,,,,,,,,,,2.0,2.0,2.0,1.0,1.0,14.0,18.0,1,,,,,
depression,depression_15,2005-09-13,1440,0,61.48125,236.19612774037725,0.8416666666666667,0.0,0.0,0.0,2,55-59,10:00:00,13.0,,,,,,,,,,,,,,,,,,,,,,2.0,2.0,2.0,1.0,1.0,14.0,18.0,1,,,,,
depression,depression_16,2005-09-23,1440,0,351.0576388888889,490.6908679889595,0.3972222222222222,70.0,0.0,606.0,1,45-49,10:00:00,16.0,,,,,,,,,,,,,,,,,,,,,,2.0,2.0,2.0,1.0,2.0,13.0,17.0,1,,,,,
depression,depression_16,2005-09-24,1440,0,320.67847222222224,600.570100758807,0.3541666666666667,98.0,0.0,425.0,1,45-49,10:00:00,16.0,,,,,,,,,,,,,,,,,,,,,,2.0,2.0,2.0,1.0,2.0,13.0,17.0,1,,,,,
depression,depression_16,2005-09-25,1440,0,251.46527777777777,370.16078363166963,0.3729166666666667,61.0,0.0,414.5,1,45-49,10:00:00,16.0,,,,,,,,,,,,,,,,,,,,,,2.0,2.0,2.0,1.0,2.0,13.0,17.0,1,,,,,
depression,depression_16,2005-09-26,1440,0,246.62152777777777,339.95904239889984,0.35625,96.0,0.0,373.0,1,45-49,10:00:00,16.0,,,,,,,,,,,,,,,,,,,,,,2.0,2.0,2.0,1.0,2.0,13.0,17.0,1,,,,,
depression,depression_16,2005-09-27,1440,0,272.0513888888889,359.9910648941534,0.34097222222222223,116.0,0.0,439.0,1,45-49,10:00:00,16.0,,,,,,,,,,,,,,,,,,,,,,2.0,2.0,2.0,1.0,2.0,13.0,17.0,1,,,,,
depression,depression_16,2005-09-28,1440,0,225.79305555555555,351.606736926036,0.48194444444444445,8.5,0.0,376.25,1,45-49,10:00:00,16.0,,,,,,,,,,,,,,,,,,,,,,2.0,2.0,2.0,1.0,2.0,13.0,17.0,1,,,,,
depression,depression_16,2005-09-29,1440,0,252.7875,371.28518817057744,0.37430555555555556,49.0,0.0,425.0,1,45-49,10:00:00,16.0,,,,,,,,,,,,,,,,,,,,,,2.0,2.0,2.0,1.0,2.0,13.0,17.0,1,,,,,
depression,depression_16,2005-09-30,1440,0,190.78680555555556,316.3566745310601,0.4284722222222222,27.0,0.0,286.0,1,45-49,10:00:00,16.0,,,,,,,,,,,,,,,,,,,,,,2.0,2.0,2.0,1.0,2.0,13.0,17.0,1,,,,,
depression,depression_16,2005-10-01,1440,0,211.27569444444444,322.04793417943233,0.36736111111111114,64.0,0.0,306.0,1,45-49,10:00:00,16.0,,,,,,,,,,,,,,,,,,,,,,2.0,2.0,2.0,1.0,2.0,13.0,17.0,1,,,,,
depression,depression_16,2005-10-02,1440,0,250.95763888888888,385.8149747395946,0.38055555555555554,61.0,0.0,361.0,1,45-49,10:00:00,16.0,,,,,,,,,,,,,,,,,,,,,,2.0,2.0,2.0,1.0,2.0,13.0,17.0,1,,,,,
depression,depression_16,2005-10-03,1440,0,133.88055555555556,302.93436612155637,0.5291666666666667,0.0,0.0,98.0,1,45-49,10:00:00,16.0,,,,,,,,,,,,,,,,,,,,,,2.0,2.0,2.0,1.0,2.0,13.0,17.0,1,,,,,
depression,depression_16,2005-10-04,1440,0,271.8923611111111,376.341404840343,0.3680555555555556,89.5,0.0,428.5,1,45-49,10:00:00,16.0,,,,,,,,,,,,,,,,,,,,,,2.0,2.0,2.0,1.0,2.0,13.0,17.0,1,,,,,
depression,depression_16,2005-10-05,1440,0,214.32430555555555,348.2553237501921,0.425,29.0,0.0,306.0,1,45-49,10:00:00,16.0,,,,,,,,,,,,,,,,,,,,,,2.0,2.0,2.0,1.0,2.0,13.0,17.0,1,,,,,
depression,depression_16,2005-10-06,1440,0,228.6923611111111,371.22959232720814,0.45,15.0,0.0,352.0,1,45-49,10:00:00,16.0,,,,,,,,,,,,,,,,,,,,,,2.0,2.0,2.0,1.0,2.0,13.0,17.0,1,,,,,
depression,depression_16,2005-10-07,1440,0,277.7763888888889,407.3688882440362,0.40069444444444446,46.0,0.0,485.0,1,45-49,10:00:00,16.0,,,,,,,,,,,,,,,,,,,,,,2.0,2.0,2.0,1.0,2.0,13.0,17.0,1,,,,,
depression,depression_16,2005-10-08,1440,0,205.29652777777778,337.7870696642903,0.40347222222222223,21.0,0.0,270.25,1,45-49,10:00:00,16.0,,,,,,,,,,,,,,,,,,,,,,2.0,2.0,2.0,1.0,2.0,13.0,17.0,1,,,,,
depression,depression_16,2005-10-09,1440,0,1.2125,23.843572611106573,0.9930555555555556,0.0,0.0,0.0,1,45-49,10:00:00,16.0,,,,,,,,,,,,,,,,,,,,,,2.0,2.0,2.0,1.0,2.0,13.0,17.0,1,,,,,
depression,depression_16,2005-10-10,1440,0,0.044444444444444446,1.5318732984385934,0.9979166666666667,0.0,0.0,0.0,1,45-49,10:00:00,16.0,,,,,,,,,,,,,,,,,,,,,,2.0,2.0,2.0,1.0,2.0,13.0,17.0,1,,,,,
depression,depression_16,2005-10-13,1440,0,0.034027777777777775,0.6817729332862433,0.9944444444444445,0.0,0.0,0.0,1,45-49,10:00:00,16.0,,,,,,,,,,,,,,,,,,,,,,2.0,2.0,2.0,1.0,2.0,13.0,17.0,1,,,,,
depression,depression_16,2005-10-14,1440,0,0.013194444444444444,0.23086387516895038,0.9965277777777778,0.0,0.0,0.0,1,45-49,10:00:00,16.0,,,,,,,,,,,,,,,,,,,,,,2.0,2.0,2.0,1.0,2.0,13.0,17.0,1,,,,,
depression,depression_16,2005-10-15,1440,0,0.1875,1.4489879130697476,0.9486111111111111,0.0,0.0,0.0,1,45-49,10:00:00,16.0,,,,,,,,,,,,,,,,,,,,,,2.0,2.0,2.0,1.0,2.0,13.0,17.0,1,,,,,
depression,depression_16,2005-10-16,1440,0,0.3576388888888889,1.113308374290534,0.8868055555555555,0.0,0.0,0.0,1,45-49,10:00:00,16.0,,,,,,,,,,,,,,,,,,,,,,2.0,2.0,2.0,1.0,2.0,13.0,17.0,1,,,,,
depression,depression_16,2005-10-17,1440,0,0.47291666666666665,1.0932062140277512,0.8423611111111111,0.0,0.0,0.0,1,45-49,10:00:00,16.0,,,,,,,,,,,,,,,,,,,,,,2.0,2.0,2.0,1.0,2.0,13.0,17.0,1,,,,,
depression,depression_16,2005-10-18,1440,0,0.9673611111111111,10.602393138272495,0.8048611111111111,0.0,0.0,0.0,1,45-49,10:00:00,16.0,,,,,,,,,,,,,,,,,,,,,,2.0,2.0,2.0,1.0,2.0,13.0,17.0,1,,,,,
depression,depression_16,2005-10-19,1440,0,99.43680555555555,338.08093648943486,0.30486111111111114,3.0,0.0,8.0,1,45-49,10:00:00,16.0,,,,,,,,,,,,,,,,,,,,,,2.0,2.0,2.0,1.0,2.0,13.0,17.0,1,,,,,
depression,depression_16,2005-10-20,1440,0,34.510416666666664,183.8605711231075,0.04236111111111111,3.0,3.0,3.0,1,45-49,10:00:00,16.0,,,,,,,,,,,,,,,,,,,,,,2.0,2.0,2.0,1.0,2.0,13.0,17.0,1,,,,,
depression,depression_17,2005-11-09,1440,0,84.48819444444445,152.39754253838862,0.4027777777777778,13.0,0.0,103.0,1,50-54,9:30:00,13.0,,,,,,,,,,,,,,,,,,,,,,1.0,2.0,2.0,1.0,2.0,17.0,15.0,1,,,,,
depression,depression_17,2005-11-10,1440,0,66.44375,121.04250700726652,0.3840277777777778,10.0,0.0,80.0,1,50-54,9:30:00,13.0,,,,,,,,,,,,,,,,,,,,,,1.0,2.0,2.0,1.0,2.0,17.0,15.0,1,,,,,
depression,depression_17,2005-11-11,1440,0,73.25,157.3656481644651,0.46458333333333335,3.0,0.0,73.0,1,50-54,9:30:00,13.0,,,,,,,,,,,,,,,,,,,,,,1.0,2.0,2.0,1.0,2.0,17.0,15.0,1,,,,,
depression,depression_17,2005-11-12,1440,0,75.10625,141.2047782668205,0.4375,8.0,0.0,86.0,1,50-54,9:30:00,13.0,,,,,,,,,,,,,,,,,,,,,,1.0,2.0,2.0,1.0,2.0,17.0,15.0,1,,,,,
depression,depression_17,2005-11-13,1440,0,85.56597222222223,141.47393687295397,0.2902777777777778,27.0,0.0,106.0,1,50-54,9:30:00,13.0,,,,,,,,,,,,,,,,,,,,,,1.0,2.0,2.0,1.0,2.0,17.0,15.0,1,,,,,
depression,depression_17,2005-11-14,1440,0,95.87638888888888,174.62524158342913,0.41944444444444445,13.0,0.0,121.0,1,50-54,9:30:00,13.0,,,,,,,,,,,,,,,,,,,,,,1.0,2.0,2.0,1.0,2.0,17.0,15.0,1,,,,,
depression,depression_17,2005-11-15,1440,0,82.5513888888889,140.5607228340355,0.38819444444444445,15.0,0.0,106.0,1,50-54,9:30:00,13.0,,,,,,,,,,,,,,,,,,,,,,1.0,2.0,2.0,1.0,2.0,17.0,15.0,1,,,,,
depression,depression_17,2005-11-16,1440,0,100.21180555555556,177.13266449994782,0.3798611111111111,20.0,0.0,126.0,1,50-54,9:30:00,13.0,,,,,,,,,,,,,,,,,,,,,,1.0,2.0,2.0,1.0,2.0,17.0,15.0,1,,,,,
depression,depression_17,2005-11-17,1440,0,84.18680555555555,149.17060690630552,0.3854166666666667,17.0,0.0,106.0,1,50-54,9:30:00,13.0,,,,,,,,,,,,,,,,,,,,,,1.0,2.0,2.0,1.0,2.0,17.0,15.0,1,,,,,
depression,depression_17,2005-11-18,1440,0,103.76805555555555,190.6561596219086,0.40902777777777777,13.0,0.0,116.0,1,50-54,9:30:00,13.0,,,,,,,,,,,,,,,,,,,,,,1.0,2.0,2.0,1.0,2.0,17.0,15.0,1,,,,,
depression,depression_17,2005-11-19,1440,0,88.8125,150.79327593089891,0.32569444444444445,20.0,0.0,106.0,1,50-54,9:30:00,13.0,,,,,,,,,,,,,,,,,,,,,,1.0,2.0,2.0,1.0,2.0,17.0,15.0,1,,,,,
depression,depression_17,2005-11-20,1440,0,89.56666666666666,150.38171246679047,0.3902777777777778,16.0,0.0,121.0,1,50-54,9:30:00,13.0,,,,,,,,,,,,,,,,,,,,,,1.0,2.0,2.0,1.0,2.0,17.0,15.0,1,,,,,
depression,depression_17,2005-11-21,1440,0,104.25347222222223,172.01371570523514,0.35694444444444445,27.0,0.0,141.0,1,50-54,9:30:00,13.0,,,,,,,,,,,,,,,,,,,,,,1.0,2.0,2.0,1.0,2.0,17.0,15.0,1,,,,,
depression,depression_17,2005-11-22,1440,0,79.13819444444445,345.9699042580084,0.7819444444444444,0.0,0.0,0.0,1,50-54,9:30:00,13.0,,,,,,,,,,,,,,,,,,,,,,1.0,2.0,2.0,1.0,2.0,17.0,15.0,1,,,,,
depression,depression_18,2005-11-09,1440,0,58.06805555555555,106.09152668855333,0.49722222222222223,2.0,0.0,75.0,2,40-44,12:30:00,13.0,,,,,,,,,,,,,,,,,,,,,,3.0,2.0,2.0,2.0,2.0,18.0,15.0,0,,,,,
depression,depression_18,2005-11-10,1440,0,67.37222222222222,129.70466048148495,0.4798611111111111,3.0,0.0,84.0,2,40-44,12:30:00,13.0,,,,,,,,,,,,,,,,,,,,,,3.0,2.0,2.0,2.0,2.0,18.0,15.0,0,,,,,
depression,depression_18,2005-11-11,1440,0,72.81736111111111,138.14629163693198,0.4652777777777778,6.0,0.0,93.0,2,40-44,12:30:00,13.0,,,,,,,,,,,,,,,,,,,,,,3.0,2.0,2.0,2.0,2.0,18.0,15.0,0,,,,,
depression,depression_18,2005-11-12,1440,0,77.76666666666667,130.87144243281054,0.40347222222222223,16.0,0.0,108.0,2,40-44,12:30:00,13.0,,,,,,,,,,,,,,,,,,,,,,3.0,2.0,2.0,2.0,2.0,18.0,15.0,0,,,,,
depression,depression_18,2005-11-13,1440,0,86.17708333333333,153.74924987113758,0.39166666666666666,20.0,0.0,108.0,2,40-44,12:30:00,13.0,,,,,,,,,,,,,,,,,,,,,,3.0,2.0,2.0,2.0,2.0,18.0,15.0,0,,,,,
depression,depression_18,2005-11-14,1440,0,65.5375,113.41590121894528,0.4173611111111111,11.0,0.0,87.0,2,40-44,12:30:00,13.0,,,,,,,,,,,,,,,,,,,,,,3.0,2.0,2.0,2.0,2.0,18.0,15.0,0,,,,,
depression,depression_18,2005-11-15,1440,0,67.66597222222222,133.30756087542366,0.5041666666666667,0.0,0.0,81.0,2,40-44,12:30:00,13.0,,,,,,,,,,,,,,,,,,,,,,3.0,2.0,2.0,2.0,2.0,18.0,15.0,0,,,,,
depression,depression_18,2005-11-16,1440,0,67.57986111111111,122.43994223919034,0.46597222222222223,5.0,0.0,90.0,2,40-44,12:30:00,13.0,,,,,,,,,,,,,,,,,,,,,,3.0,2.0,2.0,2.0,2.0,18.0,15.0,0,,,,,
depression,depression_18,2005-11-17,1440,0,72.03958333333334,138.7986820096076,0.47847222222222224,2.5,0.0,90.0,2,40-44,12:30:00,13.0,,,,,,,,,,,,,,,,,,,,,,3.0,2.0,2.0,2.0,2.0,18.0,15.0,0,,,,,
depression,depression_18,2005-11-18,1440,0,81.67013888888889,147.01490456368566,0.4125,9.0,0.0,96.0,2,40-44,12:30:00,13.0,,,,,,,,,,,,,,,,,,,,,,3.0,2.0,2.0,2.0,2.0,18.0,15.0,0,,,,,
depression,depression_18,2005-11-19,1440,0,74.49930555555555,119.71539745749766,0.4284722222222222,14.0,0.0,109.0,2,40-44,12:30:00,13.0,,,,,,,,,,,,,,,,,,,,,,3.0,2.0,2.0,2.0,2.0,18.0,15.0,0,,,,,
depression,depression_18,2005-11-20,1440,0,65.32916666666667,135.8252757707285,0.5229166666666667,0.0,0.0,72.0,2,40-44,12:30:00,13.0,,,,,,,,,,,,,,,,,,,,,,3.0,2.0,2.0,2.0,2.0,18.0,15.0,0,,,,,
depression,depression_18,2005-11-21,1440,0,86.87847222222223,169.8449777915121,0.41944444444444445,11.0,0.0,90.0,2,40-44,12:30:00,13.0,,,,,,,,,,,,,,,,,,,,,,3.0,2.0,2.0,2.0,2.0,18.0,15.0,0,,,,,
depression,depression_18,2005-11-22,1440,0,56.736111111111114,147.11243744681553,0.6902777777777778,0.0,0.0,26.0,2,40-44,12:30:00,13.0,,,,,,,,,,,,,,,,,,,,,,3.0,2.0,2.0,2.0,2.0,18.0,15.0,0,,,,,
depression,depression_19,2002-08-30,1440,0,152.13125,275.2112171104904,0.37083333333333335,21.0,0.0,175.0,2,50-54,14:30:00,13.0,,,,,,,,,,,,,,,,,,,,,,2.0,2.0,1.0,2.0,2.0,26.0,21.0,1,,,,,
depression,depression_19,2002-08-31,1440,0,69.82708333333333,210.03552600253064,0.5861111111111111,0.0,0.0,29.0,2,50-54,14:30:00,13.0,,,,,,,,,,,,,,,,,,,,,,2.0,2.0,1.0,2.0,2.0,26.0,21.0,1,,,,,
depression,depression_19,2002-09-01,1440,0,81.05694444444444,223.90257574221184,0.5715277777777777,0.0,0.0,43.0,2,50-54,14:30:00,13.0,,,,,,,,,,,,,,,,,,,,,,2.0,2.0,1.0,2.0,2.0,26.0,21.0,1,,,,,
depression,depression_19,2002-09-02,1440,0,219.06180555555557,338.03186435447503,0.33541666666666664,62.0,0.0,315.0,2,50-54,14:30:00,13.0,,,,,,,,,,,,,,,,,,,,,,2.0,2.0,1.0,2.0,2.0,26.0,21.0,1,,,,,
depression,depression_19,2002-09-03,1440,0,199.3,297.52146094394976,0.3284722222222222,62.0,0.0,294.0,2,50-54,14:30:00,13.0,,,,,,,,,,,,,,,,,,,,,,2.0,2.0,1.0,2.0,2.0,26.0,21.0,1,,,,,
depression,depression_19,2002-09-04,1440,0,318.6111111111111,387.0298745128496,0.2673611111111111,147.0,0.0,550.0,2,50-54,14:30:00,13.0,,,,,,,,,,,,,,,,,,,,,,2.0,2.0,1.0,2.0,2.0,26.0,21.0,1,,,,,
depression,depression_19,2002-09-05,1440,0,172.0388888888889,276.5756675424344,0.33819444444444446,48.0,0.0,232.0,2,50-54,14:30:00,13.0,,,,,,,,,,,,,,,,,,,,,,2.0,2.0,1.0,2.0,2.0,26.0,21.0,1,,,,,
depression,depression_19,2002-09-06,1440,0,147.39513888888888,264.3881828417632,0.3701388888888889,24.0,0.0,168.0,2,50-54,14:30:00,13.0,,,,,,,,,,,,,,,,,,,,,,2.0,2.0,1.0,2.0,2.0,26.0,21.0,1,,,,,
depression,depression_19,2002-09-07,1440,0,94.94444444444444,316.25389276870254,0.5583333333333333,0.0,0.0,50.5,2,50-54,14:30:00,13.0,,,,,,,,,,,,,,,,,,,,,,2.0,2.0,1.0,2.0,2.0,26.0,21.0,1,,,,,
depression,depression_19,2002-09-08,1440,0,80.88541666666667,199.0024917727686,0.5236111111111111,0.0,0.0,62.0,2,50-54,14:30:00,13.0,,,,,,,,,,,,,,,,,,,,,,2.0,2.0,1.0,2.0,2.0,26.0,21.0,1,,,,,
depression,depression_19,2002-09-09,1440,0,236.75277777777777,328.80673358044163,0.2569444444444444,116.0,0.0,336.0,2,50-54,14:30:00,13.0,,,,,,,,,,,,,,,,,,,,,,2.0,2.0,1.0,2.0,2.0,26.0,21.0,1,,,,,
depression,depression_19,2002-09-10,1440,0,189.1159722222222,266.53894289244386,0.325,62.0,0.0,266.0,2,50-54,14:30:00,13.0,,,,,,,,,,,,,,,,,,,,,,2.0,2.0,1.0,2.0,2.0,26.0,21.0,1,,,,,
depression,depression_19,2002-09-11,1440,0,194.6486111111111,271.0843659643492,0.2826388888888889,84.5,0.0,258.0,2,50-54,14:30:00,13.0,,,,,,,,,,,,,,,,,,,,,,2.0,2.0,1.0,2.0,2.0,26.0,21.0,1,,,,,
depression,depression_19,2002-09-12,1440,0,92.52986111111112,216.91360722002418,0.6444444444444445,0.0,0.0,59.0,2,50-54,14:30:00,13.0,,,,,,,,,,,,,,,,,,,,,,2.0,2.0,1.0,2.0,2.0,26.0,21.0,1,,,,,
depression,depression_2,2003-05-08,1440,0,259.6451388888889,371.7153851346673,0.0,99.0,4.0,372.0,2,40-44,15:00:00,18.0,,,,,,,,,,,,,,,,,,,,,,1.0,2.0,2.0,2.0,2.0,24.0,11.0,1,,,,,
depression,depression_2,2003-05-09,1440,0,244.09652777777777,325.5402023119065,0.0,103.0,4.0,363.0,2,40-44,15:00:00,18.0,,,,,,,,,,,,,,,,,,,,,,1.0,2.0,2.0,2.0,2.0,24.0,11.0,1,,,,,
depression,depression_2,2003-05-10,1440,0,155.42430555555555,254.4219233943577,0.0,9.5,4.0,212.0,2,40-44,15:00:00,18.0,,,,,,,,,,,,,,,,,,,,,,1.0,2.0,2.0,2.0,2.0,24.0,11.0,1,,,,,
depression,depression_2,2003-05-11,1440,0,116.46388888888889,211.45148202730388,0.0,6.0,4.0,129.0,2,40-44,15:00:00,18.0,,,,,,,,,,,,,,,,,,,,,,1.0,2.0,2.0,2.0,2.0,24.0,11.0,1,,,,,
depression,depression_2,2003-05-12,1440,0,224.54166666666666,389.996206801354,0.0,35.0,4.0,296.0,2,40-44,15:00:00,18.0,,,,,,,,,,,,,,,,,,,,,,1.0,2.0,2.0,2.0,2.0,24.0,11.0,1,,,,,
depression,depression_2,2003-05-13,1440,0,240.96180555555554,440.2748438470199,0.0,34.5,4.0,296.0,2,40-44,15:00:00,18.0,,,,,,,,,,,,,,,,,,,,,,1.0,2.0,2.0,2.0,2.0,24.0,11.0,1,,,,,
depression,depression_2,2003-05-14,1440,0,226.48472222222222,365.5587766844532,0.0,40.0,4.0,306.0,2,40-44,15:00:00,18.0,,,,,,,,,,,,,,,,,,,,,,1.0,2.0,2.0,2.0,2.0,24.0,11.0,1,,,,,
depression,depression_2,2003-05-15,1440,0,338.0965277777778,580.4347446231328,0.0,38.0,4.0,397.0,2,40-44,15:00:00,18.0,,,,,,,,,,,,,,,,,,,,,,1.0,2.0,2.0,2.0,2.0,24.0,11.0,1,,,,,
depression,depression_2,2003-05-16,1440,0,279.04791666666665,394.6226288896404,0.0,94.0,4.0,424.0,2,40-44,15:00:00,18.0,,,,,,,,,,,,,,,,,,,,,,1.0,2.0,2.0,2.0,2.0,24.0,11.0,1,,,,,
depression,depression_2,2003-05-17,1440,0,180.16458333333333,264.85981878490145,0.0,47.0,4.0,259.0,2,40-44,15:00:00,18.0,,,,,,,,,,,,,,,,,,,,,,1.0,2.0,2.0,2.0,2.0,24.0,11.0,1,,,,,
depression,depression_2,2003-05-18,1440,0,109.40694444444445,173.75019890187568,0.0,14.0,4.0,149.0,2,40-44,15:00:00,18.0,,,,,,,,,,,,,,,,,,,,,,1.0,2.0,2.0,2.0,2.0,24.0,11.0,1,,,,,
depression,depression_2,2003-05-19,1440,0,68.94930555555555,137.41911585472934,0.0,6.0,4.0,65.75,2,40-44,15:00:00,18.0,,,,,,,,,,,,,,,,,,,,,,1.0,2.0,2.0,2.0,2.0,24.0,11.0,1,,,,,
depression,depression_2,2003-05-20,1440,0,236.90416666666667,380.85308188675447,0.0,79.0,4.0,327.0,2,40-44,15:00:00,18.0,,,,,,,,,,,,,,,,,,,,,,1.0,2.0,2.0,2.0,2.0,24.0,11.0,1,,,,,
depression,depression_2,2003-05-21,1440,0,287.4555555555556,473.13070278051106,0.0,21.0,4.0,372.0,2,40-44,15:00:00,18.0,,,,,,,,,,,,,,,,,,,,,,1.0,2.0,2.0,2.0,2.0,24.0,11.0,1,,,,,
depression,depression_2,2003-05-22,1440,0,339.39722222222224,553.0203324000298,0.0,47.0,4.0,438.0,2,40-44,15:00:00,18.0,,,,,,,,,,,,,,,,,,,,,,1.0,2.0,2.0,2.0,2.0,24.0,11.0,1,,,,,
depression,depression_2,2003-05-23,1440,0,276.5965277777778,467.4719752314919,0.0,59.0,4.0,337.0,2,40-44,15:00:00,18.0,,,,,,,,,,,,,,,,,,,,,,1.0,2.0,2.0,2.0,2.0,24.0,11.0,1,,,,,
depression,depression_2,2003-05-24,1440,0,140.4777777777778,262.3968174043859,0.0,6.0,4.0,172.0,2,40-44,15:00:00,18.0,,,,,,,,,,,,,,,,,,,,,,1.0,2.0,2.0,2.0,2.0,24.0,11.0,1,,,,,
depression,depression_2,2003-05-25,1440,0,82.36111111111111,188.72776583949016,0.0,4.0,4.0,47.75,2,40-44,15:00:00,18.0,,,,,,,,,,,,,,,,,,,,,,1.0,2.0,2.0,2.0,2.0,24.0,11.0,1,,,,,
depression,depression_2,2003-05-26,1440,0,207.85833333333332,336.47425514443154,0.0,8.0,7.0,327.0,2,40-44,15:00:00,18.0,,,,,,,,,,,,,,,,,,,,,,1.0,2.0,2.0,2.0,2.0,24.0,11.0,1,,,,,
depression,depression_2,2003-05-27,1440,0,7.311805555555556,0.8387322218498201,0.0,7.0,7.0,7.0,2,40-44,15:00:00,18.0,,,,,,,,,,,,,,,,,,,,,,1.0,2.0,2.0,2.0,2.0,24.0,11.0,1,,,,,
depression,depression_2,2003-05-28,1440,0,8.414583333333333,1.5382831677446993,0.0,9.0,7.0,9.0,2,40-44,15:00:00,18.0,,,,,,,,,,,,,,,,,,,,,,1.0,2.0,2.0,2.0,2.0,24.0,11.0,1,,,,,
depression,depression_2,2003-05-29,1440,0,8.703472222222222,1.3709239176983103,0.0,9.0,9.0,9.0,2,40-44,15:00:00,18.0,,,,,,,,,,,,,,,,,,,,,,1.0,2.0,2.0,2.0,2.0,24.0,11.0,1,,,,,
depression,depression_2,2003-05-30,1440,0,8.778472222222222,1.565764953023692,0.0,9.0,9.0,9.0,2,40-44,15:00:00,18.0,,,,,,,,,,,,,,,,,,,,,,1.0,2.0,2.0,2.0,2.0,24.0,11.0,1,,,,,
depression,depression_2,2003-05-31,1440,0,9.339583333333334,0.7046195535732582,0.0,9.0,9.0,10.0,2,40-44,15:00:00,18.0,,,,,,,,,,,,,,,,,,,,,,1.0,2.0,2.0,2.0,2.0,24.0,11.0,1,,,,,
depression,depression_2,2003-06-01,1440,0,8.936111111111112,0.9167129617939237,0.0,9.0,9.0,9.0,2,40-44,15:00:00,18.0,,,,,,,,,,,,,,,,,,,,,,1.0,2.0,2.0,2.0,2.0,24.0,11.0,1,,,,,
depression,depression_2,2003-06-02,1440,0,8.490972222222222,9.955870777770917,0.0,9.0,7.0,9.0,2,40-44,15:00:00,18.0,,,,,,,,,,,,,,,,,,,,,,1.0,2.0,2.0,2.0,2.0,24.0,11.0,1,,,,,
depression,depression_20,2002-05-25,1440,0,72.23819444444445,149.45981738717146,0.56875,0.0,0.0,66.0,1,30-34,11:30:00,13.0,,,,,,,,,,,,,,,,,,,,,,2.0,1.0,1.0,1.0,2.0,27.0,25.0,1,,,,,
depression,depression_20,2002-05-26,1440,0,61.30625,153.95234639633622,0.625,0.0,0.0,40.0,1,30-34,11:30:00,13.0,,,,,,,,,,,,,,,,,,,,,,2.0,1.0,1.0,1.0,2.0,27.0,25.0,1,,,,,
depression,depression_20,2002-05-27,1440,0,72.11527777777778,152.504009200234,0.5430555555555555,0.0,0.0,55.0,1,30-34,11:30:00,13.0,,,,,,,,,,,,,,,,,,,,,,2.0,1.0,1.0,1.0,2.0,27.0,25.0,1,,,,,
depression,depression_20,2002-05-28,1440,0,91.18611111111112,180.2082979233534,0.5354166666666667,0.0,0.0,100.0,1,30-34,11:30:00,13.0,,,,,,,,,,,,,,,,,,,,,,2.0,1.0,1.0,1.0,2.0,27.0,25.0,1,,,,,
depression,depression_20,2002-05-29,1440,0,32.31597222222222,107.5336098384506,0.775,0.0,0.0,0.0,1,30-34,11:30:00,13.0,,,,,,,,,,,,,,,,,,,,,,2.0,1.0,1.0,1.0,2.0,27.0,25.0,1,,,,,
depression,depression_20,2002-05-30,1440,0,69.74930555555555,174.15077778263156,0.5875,0.0,0.0,47.25,1,30-34,11:30:00,13.0,,,,,,,,,,,,,,,,,,,,,,2.0,1.0,1.0,1.0,2.0,27.0,25.0,1,,,,,
depression,depression_20,2002-05-31,1440,0,80.16041666666666,182.22489528310206,0.5340277777777778,0.0,0.0,54.0,1,30-34,11:30:00,13.0,,,,,,,,,,,,,,,,,,,,,,2.0,1.0,1.0,1.0,2.0,27.0,25.0,1,,,,,
depression,depression_20,2002-06-01,1440,0,89.59444444444445,187.40176900096583,0.5104166666666666,0.0,0.0,80.75,1,30-34,11:30:00,13.0,,,,,,,,,,,,,,,,,,,,,,2.0,1.0,1.0,1.0,2.0,27.0,25.0,1,,,,,
depression,depression_20,2002-06-02,1440,0,75.17708333333333,192.9425213843743,0.6423611111111112,0.0,0.0,29.0,1,30-34,11:30:00,13.0,,,,,,,,,,,,,,,,,,,,,,2.0,1.0,1.0,1.0,2.0,27.0,25.0,1,,,,,
depression,depression_20,2002-06-03,1440,0,57.80625,144.78101026432893,0.6097222222222223,0.0,0.0,35.0,1,30-34,11:30:00,13.0,,,,,,,,,,,,,,,,,,,,,,2.0,1.0,1.0,1.0,2.0,27.0,25.0,1,,,,,
depression,depression_20,2002-06-04,1440,0,50.079861111111114,129.49765070791673,0.6569444444444444,0.0,0.0,21.25,1,30-34,11:30:00,13.0,,,,,,,,,,,,,,,,,,,,,,2.0,1.0,1.0,1.0,2.0,27.0,25.0,1,,,,,
depression,depression_20,2002-06-05,1440,0,71.57638888888889,156.86162868473136,0.5465277777777777,0.0,0.0,72.0,1,30-34,11:30:00,13.0,,,,,,,,,,,,,,,,,,,,,,2.0,1.0,1.0,1.0,2.0,27.0,25.0,1,,,,,
depression,depression_20,2002-06-06,1440,0,56.37083333333333,130.0229679897406,0.6208333333333333,0.0,0.0,40.0,1,30-34,11:30:00,13.0,,,,,,,,,,,,,,,,,,,,,,2.0,1.0,1.0,1.0,2.0,27.0,25.0,1,,,,,
depression,depression_20,2002-06-07,1440,0,35.511805555555554,129.77974343122006,0.8256944444444444,0.0,0.0,0.0,1,30-34,11:30:00,13.0,,,,,,,,,,,,,,,,,,,,,,2.0,1.0,1.0,1.0,2.0,27.0,25.0,1,,,,,
depression,depression_21,2002-06-14,1440,0,75.08055555555555,215.29067988219043,0.7347222222222223,0.0,0.0,5.0,2,35-39,13:35:00,13.0,,,,,,,,,,,,,,,,,,,,,,2.0,2.0,1.0,2.0,2.0,26.0,21.0,0,,,,,
depression,depression_21,2002-06-15,1440,0,53.889583333333334,199.40269390341118,0.7895833333333333,0.0,0.0,0.0,2,35-39,13:35:00,13.0,,,,,,,,,,,,,,,,,,,,,,2.0,2.0,1.0,2.0,2.0,26.0,21.0,0,,,,,
depression,depression_21,2002-06-16,1440,0,26.894444444444446,112.03985512219512,0.8229166666666666,0.0,0.0,0.0,2,35-39,13:35:00,13.0,,,,,,,,,,,,,,,,,,,,,,2.0,2.0,1.0,2.0,2.0,26.0,21.0,0,,,,,
depression,depression_21,2002-06-17,1440,0,86.12222222222222,205.7132924067852,0.65625,0.0,0.0,37.25,2,35-39,13:35:00,13.0,,,,,,,,,,,,,,,,,,,,,,2.0,2.0,1.0,2.0,2.0,26.0,21.0,0,,,,,
depression,depression_21,2002-06-18,1440,0,92.04444444444445,217.27884215199964,0.6333333333333333,0.0,0.0,67.0,2,35-39,13:35:00,13.0,,,,,,,,,,,,,,,,,,,,,,2.0,2.0,1.0,2.0,2.0,26.0,21.0,0,,,,,
depression,depression_21,2002-06-19,1440,0,101.71041666666666,220.4791251200786,0.6423611111111112,0.0,0.0,58.0,2,35-39,13:35:00,13.0,,,,,,,,,,,,,,,,,,,,,,2.0,2.0,1.0,2.0,2.0,26.0,21.0,0,,,,,
depression,depression_21,2002-06-20,1440,0,97.8625,208.16370223236166,0.56875,0.0,0.0,98.0,2,35-39,13:35:00,13.0,,,,,,,,,,,,,,,,,,,,,,2.0,2.0,1.0,2.0,2.0,26.0,21.0,0,,,,,
depression,depression_21,2002-06-21,1440,0,89.18611111111112,229.45330577117645,0.5958333333333333,0.0,0.0,44.5,2,35-39,13:35:00,13.0,,,,,,,,,,,,,,,,,,,,,,2.0,2.0,1.0,2.0,2.0,26.0,21.0,0,,,,,
depression,depression_21,2002-06-22,1440,0,79.53541666666666,210.26724429505776,0.6298611111111111,0.0,0.0,55.0,2,35-39,13:35:00,13.0,,,,,,,,,,,,,,,,,,,,,,2.0,2.0,1.0,2.0,2.0,26.0,21.0,0,,,,,
depression,depression_21,2002-06-23,1440,0,79.13194444444444,237.3962447788676,0.6756944444444445,0.0,0.0,24.0,2,35-39,13:35:00,13.0,,,,,,,,,,,,,,,,,,,,,,2.0,2.0,1.0,2.0,2.0,26.0,21.0,0,,,,,
depression,depression_21,2002-06-24,1440,0,73.47430555555556,189.31666418938278,0.6840277777777778,0.0,0.0,20.0,2,35-39,13:35:00,13.0,,,,,,,,,,,,,,,,,,,,,,2.0,2.0,1.0,2.0,2.0,26.0,21.0,0,,,,,
depression,depression_21,2002-06-25,1440,0,57.19722222222222,165.69318195942617,0.7111111111111111,0.0,0.0,9.0,2,35-39,13:35:00,13.0,,,,,,,,,,,,,,,,,,,,,,2.0,2.0,1.0,2.0,2.0,26.0,21.0,0,,,,,
depression,depression_21,2002-06-26,1440,0,99.90972222222223,234.12852338199622,0.5979166666666667,0.0,0.0,67.0,2,35-39,13:35:00,13.0,,,,,,,,,,,,,,,,,,,,,,2.0,2.0,1.0,2.0,2.0,26.0,21.0,0,,,,,
depression,depression_22,2002-11-06,1440,0,135.76875,182.6892511771279,0.5104166666666666,0.0,0.0,315.0,1,65-69,10:45:00,14.0,,,,,,,,,,,,,,,,,,,,,,2.0,2.0,1.0,2.0,2.0,29.0,28.0,0,,,,,
depression,depression_22,2002-11-07,1440,0,144.85972222222222,209.30541159307148,0.4236111111111111,26.0,0.0,277.25,1,65-69,10:45:00,14.0,,,,,,,,,,,,,,,,,,,,,,2.0,2.0,1.0,2.0,2.0,29.0,28.0,0,,,,,
depression,depression_22,2002-11-08,1440,0,180.04652777777778,247.50910460616126,0.40069444444444446,54.0,0.0,304.0,1,65-69,10:45:00,14.0,,,,,,,,,,,,,,,,,,,,,,2.0,2.0,1.0,2.0,2.0,29.0,28.0,0,,,,,
depression,depression_22,2002-11-09,1440,0,126.46041666666666,216.51596320375228,0.4513888888888889,12.0,0.0,168.0,1,65-69,10:45:00,14.0,,,,,,,,,,,,,,,,,,,,,,2.0,2.0,1.0,2.0,2.0,29.0,28.0,0,,,,,
depression,depression_22,2002-11-10,1440,0,117.32222222222222,234.58814750668304,0.5111111111111111,0.0,0.0,121.0,1,65-69,10:45:00,14.0,,,,,,,,,,,,,,,,,,,,,,2.0,2.0,1.0,2.0,2.0,29.0,28.0,0,,,,,
depression,depression_22,2002-11-11,1440,0,170.49375,289.1839691554375,0.4652777777777778,9.0,0.0,240.0,1,65-69,10:45:00,14.0,,,,,,,,,,,,,,,,,,,,,,2.0,2.0,1.0,2.0,2.0,29.0,28.0,0,,,,,
depression,depression_22,2002-11-12,1440,0,143.60069444444446,216.4376728980372,0.4840277777777778,5.0,0.0,275.0,1,65-69,10:45:00,14.0,,,,,,,,,,,,,,,,,,,,,,2.0,2.0,1.0,2.0,2.0,29.0,28.0,0,,,,,
depression,depression_22,2002-11-13,1440,0,191.8625,254.4370976278922,0.3902777777777778,42.5,0.0,396.0,1,65-69,10:45:00,14.0,,,,,,,,,,,,,,,,,,,,,,2.0,2.0,1.0,2.0,2.0,29.0,28.0,0,,,,,
depression,depression_22,2002-11-14,1440,0,201.34652777777777,281.56457972796954,0.3819444444444444,59.0,0.0,315.0,1,65-69,10:45:00,14.0,,,,,,,,,,,,,,,,,,,,,,2.0,2.0,1.0,2.0,2.0,29.0,28.0,0,,,,,
depression,depression_22,2002-11-15,1440,0,168.90694444444443,293.93749280076014,0.3763888888888889,23.0,0.0,203.75,1,65-69,10:45:00,14.0,,,,,,,,,,,,,,,,,,,,,,2.0,2.0,1.0,2.0,2.0,29.0,28.0,0,,,,,
depression,depression_22,2002-11-16,1440,0,209.43472222222223,310.9316822335567,0.37777777777777777,52.0,0.0,317.5,1,65-69,10:45:00,14.0,,,,,,,,,,,,,,,,,,,,,,2.0,2.0,1.0,2.0,2.0,29.0,28.0,0,,,,,
depression,depression_22,2002-11-17,1440,0,198.1784722222222,297.3039516646956,0.4222222222222222,40.0,0.0,315.0,1,65-69,10:45:00,14.0,,,,,,,,,,,,,,,,,,,,,,2.0,2.0,1.0,2.0,2.0,29.0,28.0,0,,,,,
depression,depression_22,2002-11-18,1440,0,151.54930555555555,261.0538291916609,0.4840277777777778,3.0,0.0,196.75,1,65-69,10:45:00,14.0,,,,,,,,,,,,,,,,,,,,,,2.0,2.0,1.0,2.0,2.0,29.0,28.0,0,,,,,
depression,depression_22,2002-11-19,1440,0,131.40972222222223,226.7366593280764,0.47152777777777777,9.5,0.0,168.0,1,65-69,10:45:00,14.0,,,,,,,,,,,,,,,,,,,,,,2.0,2.0,1.0,2.0,2.0,29.0,28.0,0,,,,,
depression,depression_23,2002-06-07,1440,0,178.43472222222223,303.2751247536917,0.4673611111111111,15.0,0.0,223.0,1,30-34,13:00:00,16.0,,,,,,,,,,,,,,,,,,,,,,2.0,2.0,1.0,2.0,2.0,29.0,23.0,1,,,,,
depression,depression_23,2002-06-08,1440,0,178.7722222222222,289.7139529021218,0.4326388888888889,23.0,0.0,248.0,1,30-34,13:00:00,16.0,,,,,,,,,,,,,,,,,,,,,,2.0,2.0,1.0,2.0,2.0,29.0,23.0,1,,,,,
depression,depression_23,2002-06-09,1440,0,160.19861111111112,268.39659088384667,0.5270833333333333,0.0,0.0,231.0,1,30-34,13:00:00,16.0,,,,,,,,,,,,,,,,,,,,,,2.0,2.0,1.0,2.0,2.0,29.0,23.0,1,,,,,
depression,depression_23,2002-06-10,1440,0,178.95486111111111,287.4912535698215,0.45069444444444445,18.0,0.0,248.0,1,30-34,13:00:00,16.0,,,,,,,,,,,,,,,,,,,,,,2.0,2.0,1.0,2.0,2.0,29.0,23.0,1,,,,,
depression,depression_23,2002-06-11,1440,0,225.2111111111111,354.2027842585984,0.43333333333333335,32.0,0.0,357.0,1,30-34,13:00:00,16.0,,,,,,,,,,,,,,,,,,,,,,2.0,2.0,1.0,2.0,2.0,29.0,23.0,1,,,,,
depression,depression_23,2002-06-12,1440,0,254.94375,391.15601857023154,0.45208333333333334,33.0,0.0,421.0,1,30-34,13:00:00,16.0,,,,,,,,,,,,,,,,,,,,,,2.0,2.0,1.0,2.0,2.0,29.0,23.0,1,,,,,
depression,depression_23,2002-06-13,1440,0,286.4638888888889,413.4149483622006,0.35138888888888886,113.5,0.0,449.0,1,30-34,13:00:00,16.0,,,,,,,,,,,,,,,,,,,,,,2.0,2.0,1.0,2.0,2.0,29.0,23.0,1,,,,,
depression,depression_23,2002-06-14,1440,0,330.55069444444445,455.4091492969884,0.41805555555555557,93.0,0.0,529.0,1,30-34,13:00:00,16.0,,,,,,,,,,,,,,,,,,,,,,2.0,2.0,1.0,2.0,2.0,29.0,23.0,1,,,,,
depression,depression_23,2002-06-15,1440,0,353.6138888888889,486.2114947066519,0.4097222222222222,168.0,0.0,582.0,1,30-34,13:00:00,16.0,,,,,,,,,,,,,,,,,,,,,,2.0,2.0,1.0,2.0,2.0,29.0,23.0,1,,,,,
depression,depression_23,2002-06-16,1440,0,276.0409722222222,371.78876412128506,0.3923611111111111,168.0,0.0,394.0,1,30-34,13:00:00,16.0,,,,,,,,,,,,,,,,,,,,,,2.0,2.0,1.0,2.0,2.0,29.0,23.0,1,,,,,
depression,depression_23,2002-06-17,1440,0,280.82430555555555,375.01011889061215,0.32013888888888886,121.0,0.0,479.0,1,30-34,13:00:00,16.0,,,,,,,,,,,,,,,,,,,,,,2.0,2.0,1.0,2.0,2.0,29.0,23.0,1,,,,,
depression,depression_23,2002-06-18,1440,0,297.12291666666664,473.7215787749684,0.44930555555555557,33.0,0.0,452.75,1,30-34,13:00:00,16.0,,,,,,,,,,,,,,,,,,,,,,2.0,2.0,1.0,2.0,2.0,29.0,23.0,1,,,,,
depression,depression_23,2002-06-19,1440,0,234.70486111111111,374.55717146864487,0.45,26.0,0.0,381.0,1,30-34,13:00:00,16.0,,,,,,,,,,,,,,,,,,,,,,2.0,2.0,1.0,2.0,2.0,29.0,23.0,1,,,,,
depression,depression_23,2002-06-20,1440,0,275.89722222222224,367.4231899973646,0.3680555555555556,121.0,0.0,449.0,1,30-34,13:00:00,16.0,,,,,,,,,,,,,,,,,,,,,,2.0,2.0,1.0,2.0,2.0,29.0,23.0,1,,,,,
depression,depression_23,2002-06-21,1440,0,260.36944444444447,403.7474419041386,0.5166666666666667,0.0,0.0,449.0,1,30-34,13:00:00,16.0,,,,,,,,,,,,,,,,,,,,,,2.0,2.0,1.0,2.0,2.0,29.0,23.0,1,,,,,
depression,depression_23,2002-06-22,1440,0,259.7340277777778,362.5635721388876,0.3798611111111111,100.0,0.0,407.0,1,30-34,13:00:00,16.0,,,,,,,,,,,,,,,,,,,,,,2.0,2.0,1.0,2.0,2.0,29.0,23.0,1,,,,,
depression,depression_23,2002-06-23,1440,0,156.85208333333333,332.42220841640153,0.6305555555555555,0.0,0.0,132.25,1,30-34,13:00:00,16.0,,,,,,,,,,,,,,,,,,,,,,2.0,2.0,1.0,2.0,2.0,29.0,23.0,1,,,,,
depression,depression_23,2002-06-24,1440,0,1.0875,14.659491024020355,0.9875,0.0,0.0,0.0,1,30-34,13:00:00,16.0,,,,,,,,,,,,,,,,,,,,,,2.0,2.0,1.0,2.0,2.0,29.0,23.0,1,,,,,
depression,depression_23,2002-06-25,1440,0,0.38472222222222224,9.712136733121064,0.99375,0.0,0.0,0.0,1,30-34,13:00:00,16.0,,,,,,,,,,,,,,,,,,,,,,2.0,2.0,1.0,2.0,2.0,29.0,23.0,1,,,,,
depression,depression_23,2002-06-26,1440,0,0.6631944444444444,10.371289473883188,0.975,0.0,0.0,0.0,1,30-34,13:00:00,16.0,,,,,,,,,,,,,,,,,,,,,,2.0,2.0,1.0,2.0,2.0,29.0,23.0,1,,,,,
depression,depression_23,2002-06-27,1440,0,0.40902777777777777,8.384015986076358,0.9895833333333334,0.0,0.0,0.0,1,30-34,13:00:00,16.0,,,,,,,,,,,,,,,,,,,,,,2.0,2.0,1.0,2.0,2.0,29.0,23.0,1,,,,,
depression,depression_3,2003-05-20,1440,0,276.4138888888889,410.90292963773885,0.0,45.0,8.0,421.0,1,45-49,15:00:00,13.0,,,,,,,,,,,,,,,,,,,,,,2.0,2.0,2.0,2.0,2.0,24.0,25.0,1,,,,,
depression,depression_3,2003-05-21,1440,0,193.98819444444445,305.2285241322675,0.0,53.0,5.0,248.0,1,45-49,15:00:00,13.0,,,,,,,,,,,,,,,,,,,,,,2.0,2.0,2.0,2.0,2.0,24.0,25.0,1,,,,,
depression,depression_3,2003-05-22,1440,0,221.61388888888888,389.48897727433814,0.0,18.0,5.0,273.0,1,45-49,15:00:00,13.0,,,,,,,,,,,,,,,,,,,,,,2.0,2.0,2.0,2.0,2.0,24.0,25.0,1,,,,,
depression,depression_3,2003-05-23,1440,0,324.6923611111111,380.03501731563085,0.0,191.0,5.0,545.0,1,45-49,15:00:00,13.0,,,,,,,,,,,,,,,,,,,,,,2.0,2.0,2.0,2.0,2.0,24.0,25.0,1,,,,,
depression,depression_3,2003-05-24,1440,0,236.54513888888889,334.5408390054654,0.0,60.0,5.0,357.0,1,45-49,15:00:00,13.0,,,,,,,,,,,,,,,,,,,,,,2.0,2.0,2.0,2.0,2.0,24.0,25.0,1,,,,,
depression,depression_3,2003-05-25,1440,0,285.68888888888887,368.25281795540786,0.0,126.0,5.0,452.75,1,45-49,15:00:00,13.0,,,,,,,,,,,,,,,,,,,,,,2.0,2.0,2.0,2.0,2.0,24.0,25.0,1,,,,,
depression,depression_3,2003-05-26,1440,0,296.5548611111111,424.9219566137771,0.0,70.0,5.0,464.0,1,45-49,15:00:00,13.0,,,,,,,,,,,,,,,,,,,,,,2.0,2.0,2.0,2.0,2.0,24.0,25.0,1,,,,,
depression,depression_3,2003-05-27,1440,0,215.58125,426.2115952833675,0.0,7.0,5.0,181.0,1,45-49,15:00:00,13.0,,,,,,,,,,,,,,,,,,,,,,2.0,2.0,2.0,2.0,2.0,24.0,25.0,1,,,,,
depression,depression_3,2003-05-28,1440,0,266.56875,353.3936890213295,0.0,96.0,5.0,421.0,1,45-49,15:00:00,13.0,,,,,,,,,,,,,,,,,,,,,,2.0,2.0,2.0,2.0,2.0,24.0,25.0,1,,,,,
depression,depression_3,2003-05-29,1440,0,197.92777777777778,295.61527701756694,0.0,57.0,5.0,256.0,1,45-49,15:00:00,13.0,,,,,,,,,,,,,,,,,,,,,,2.0,2.0,2.0,2.0,2.0,24.0,25.0,1,,,,,
depression,depression_3,2003-05-30,1440,0,340.9548611111111,494.4830199210671,0.0,106.0,5.0,512.0,1,45-49,15:00:00,13.0,,,,,,,,,,,,,,,,,,,,,,2.0,2.0,2.0,2.0,2.0,24.0,25.0,1,,,,,
depression,depression_3,2003-05-31,1440,0,342.27916666666664,455.87958005422513,0.0,80.0,5.0,620.0,1,45-49,15:00:00,13.0,,,,,,,,,,,,,,,,,,,,,,2.0,2.0,2.0,2.0,2.0,24.0,25.0,1,,,,,
depression,depression_3,2003-06-01,1440,0,385.57708333333335,509.45441367576285,0.0,136.0,5.0,620.0,1,45-49,15:00:00,13.0,,,,,,,,,,,,,,,,,,,,,,2.0,2.0,2.0,2.0,2.0,24.0,25.0,1,,,,,
depression,depression_3,2003-06-02,1440,0,346.9638888888889,421.2106131621473,0.0,171.5,10.0,564.0,1,45-49,15:00:00,13.0,,,,,,,,,,,,,,,,,,,,,,2.0,2.0,2.0,2.0,2.0,24.0,25.0,1,,,,,
depression,depression_4,2003-06-04,1440,0,248.21180555555554,337.4630354235787,0.28541666666666665,97.5,0.0,370.0,2,25-29,11:59:00,13.0,,,,,,,,,,,,,,,,,,,,,,2.0,2.0,2.0,1.0,1.0,20.0,16.0,1,,,,,
depression,depression_4,2003-06-05,1440,0,141.85486111111112,212.98602697055722,0.38819444444444445,57.0,0.0,206.0,2,25-29,11:59:00,13.0,,,,,,,,,,,,,,,,,,,,,,2.0,2.0,2.0,1.0,1.0,20.0,16.0,1,,,,,
depression,depression_4,2003-06-06,1440,0,144.49652777777777,273.74648904729617,0.51875,0.0,0.0,147.0,2,25-29,11:59:00,13.0,,,,,,,,,,,,,,,,,,,,,,2.0,2.0,2.0,1.0,1.0,20.0,16.0,1,,,,,
depression,depression_4,2003-06-07,1440,0,158.49027777777778,295.01615994331667,0.42916666666666664,23.0,0.0,193.0,2,25-29,11:59:00,13.0,,,,,,,,,,,,,,,,,,,,,,2.0,2.0,2.0,1.0,1.0,20.0,16.0,1,,,,,
depression,depression_4,2003-06-08,1440,0,179.1548611111111,297.43063671539477,0.36319444444444443,40.0,0.0,228.75,2,25-29,11:59:00,13.0,,,,,,,,,,,,,,,,,,,,,,2.0,2.0,2.0,1.0,1.0,20.0,16.0,1,,,,,
depression,depression_4,2003-06-09,1440,0,185.04513888888889,301.0620345658435,0.36319444444444443,55.0,0.0,243.0,2,25-29,11:59:00,13.0,,,,,,,,,,,,,,,,,,,,,,2.0,2.0,2.0,1.0,1.0,20.0,16.0,1,,,,,
depression,depression_4,2003-06-10,1440,0,375.2611111111111,438.4438309887582,0.2520833333333333,234.0,0.0,598.0,2,25-29,11:59:00,13.0,,,,,,,,,,,,,,,,,,,,,,2.0,2.0,2.0,1.0,1.0,20.0,16.0,1,,,,,
depression,depression_4,2003-06-11,1440,0,468.20416666666665,562.1062708286229,0.3277777777777778,259.0,0.0,795.0,2,25-29,11:59:00,13.0,,,,,,,,,,,,,,,,,,,,,,2.0,2.0,2.0,1.0,1.0,20.0,16.0,1,,,,,
depression,depression_4,2003-06-12,1440,0,429.3076388888889,529.0595893737435,0.3368055555555556,180.0,0.0,723.0,2,25-29,11:59:00,13.0,,,,,,,,,,,,,,,,,,,,,,2.0,2.0,2.0,1.0,1.0,20.0,16.0,1,,,,,
depression,depression_4,2003-06-13,1440,0,584.2847222222222,647.2048722862289,0.2465277777777778,478.0,2.0,901.0,2,25-29,11:59:00,13.0,,,,,,,,,,,,,,,,,,,,,,2.0,2.0,2.0,1.0,1.0,20.0,16.0,1,,,,,
depression,depression_4,2003-06-14,1440,0,235.07847222222222,369.42015575899376,0.21319444444444444,128.0,11.75,267.0,2,25-29,11:59:00,13.0,,,,,,,,,,,,,,,,,,,,,,2.0,2.0,2.0,1.0,1.0,20.0,16.0,1,,,,,
depression,depression_4,2003-06-15,1440,0,296.35069444444446,497.87884507630747,0.3416666666666667,99.0,0.0,437.75,2,25-29,11:59:00,13.0,,,,,,,,,,,,,,,,,,,,,,2.0,2.0,2.0,1.0,1.0,20.0,16.0,1,,,,,
depression,depression_4,2003-06-16,1440,0,530.4652777777778,648.2878691556454,0.2875,276.0,0.0,873.0,2,25-29,11:59:00,13.0,,,,,,,,,,,,,,,,,,,,,,2.0,2.0,2.0,1.0,1.0,20.0,16.0,1,,,,,
depression,depression_4,2003-06-17,1440,0,28.700694444444444,157.31976018276342,0.9493055555555555,0.0,0.0,0.0,2,25-29,11:59:00,13.0,,,,,,,,,,,,,,,,,,,,,,2.0,2.0,2.0,1.0,1.0,20.0,16.0,1,,,,,
depression,depression_5,2003-06-13,1440,0,197.66875,328.7204771215098,0.29305555555555557,44.0,0.0,219.0,2,50-54,10:30:00,13.0,,,,,,,,,,,,,,,,,,,,,,2.0,2.0,2.0,2.0,2.0,26.0,26.0,0,,,,,
depression,depression_5,2003-06-14,1440,0,186.17916666666667,277.3301880017452,0.2652777777777778,53.0,0.0,273.0,2,50-54,10:30:00,13.0,,,,,,,,,,,,,,,,,,,,,,2.0,2.0,2.0,2.0,2.0,26.0,26.0,0,,,,,
depression,depression_5,2003-06-15,1440,0,139.44305555555556,230.54145404917534,0.3527777777777778,35.0,0.0,173.0,2,50-54,10:30:00,13.0,,,,,,,,,,,,,,,,,,,,,,2.0,2.0,2.0,2.0,2.0,26.0,26.0,0,,,,,
depression,depression_5,2003-06-16,1440,0,135.96944444444443,259.88325992372086,0.45208333333333334,9.0,0.0,136.0,2,50-54,10:30:00,13.0,,,,,,,,,,,,,,,,,,,,,,2.0,2.0,2.0,2.0,2.0,26.0,26.0,0,,,,,
depression,depression_5,2003-06-17,1440,0,146.59305555555557,245.39672744489397,0.3951388888888889,27.0,0.0,191.0,2,50-54,10:30:00,13.0,,,,,,,,,,,,,,,,,,,,,,2.0,2.0,2.0,2.0,2.0,26.0,26.0,0,,,,,
depression,depression_5,2003-06-18,1440,0,152.12847222222223,263.4019415274756,0.3347222222222222,34.0,0.0,173.0,2,50-54,10:30:00,13.0,,,,,,,,,,,,,,,,,,,,,,2.0,2.0,2.0,2.0,2.0,26.0,26.0,0,,,,,
depression,depression_5,2003-06-19,1440,0,151.8798611111111,243.16379684160458,0.32013888888888886,40.0,0.0,173.0,2,50-54,10:30:00,13.0,,,,,,,,,,,,,,,,,,,,,,2.0,2.0,2.0,2.0,2.0,26.0,26.0,0,,,,,
depression,depression_5,2003-06-20,1440,0,140.97847222222222,281.65321754459234,0.38472222222222224,19.5,0.0,127.0,2,50-54,10:30:00,13.0,,,,,,,,,,,,,,,,,,,,,,2.0,2.0,2.0,2.0,2.0,26.0,26.0,0,,,,,
depression,depression_5,2003-06-21,1440,0,258.6,402.439572413604,0.2743055555555556,70.5,0.0,377.0,2,50-54,10:30:00,13.0,,,,,,,,,,,,,,,,,,,,,,2.0,2.0,2.0,2.0,2.0,26.0,26.0,0,,,,,
depression,depression_5,2003-06-22,1440,0,161.25277777777777,256.83697000033044,0.30486111111111114,55.0,0.0,204.0,2,50-54,10:30:00,13.0,,,,,,,,,,,,,,,,,,,,,,2.0,2.0,2.0,2.0,2.0,26.0,26.0,0,,,,,
depression,depression_5,2003-06-23,1440,0,250.85347222222222,442.56213788655873,0.35,46.0,0.0,311.0,2,50-54,10:30:00,13.0,,,,,,,,,,,,,,,,,,,,,,2.0,2.0,2.0,2.0,2.0,26.0,26.0,0,,,,,
depression,depression_5,2003-06-24,1440,0,201.92083333333332,321.46991065239854,0.3347222222222222,39.0,0.0,265.0,2,50-54,10:30:00,13.0,,,,,,,,,,,,,,,,,,,,,,2.0,2.0,2.0,2.0,2.0,26.0,26.0,0,,,,,
depression,depression_5,2003-06-25,1440,0,203.21527777777777,320.1340596616961,0.36180555555555555,37.0,0.0,311.0,2,50-54,10:30:00,13.0,,,,,,,,,,,,,,,,,,,,,,2.0,2.0,2.0,2.0,2.0,26.0,26.0,0,,,,,
depression,depression_5,2003-06-26,1440,0,90.03055555555555,253.28115232269766,0.6368055555555555,0.0,0.0,42.0,2,50-54,10:30:00,13.0,,,,,,,,,,,,,,,,,,,,,,2.0,2.0,2.0,2.0,2.0,26.0,26.0,0,,,,,
depression,depression_6,2003-08-20,1440,0,184.70486111111111,342.9651783891197,0.48194444444444445,3.0,0.0,202.0,1,35-39,12:00:00,7.0,,,,,,,,,,,,,,,,,,,,,,2.0,2.0,2.0,1.0,2.0,18.0,15.0,1,,,,,
depression,depression_6,2003-08-21,1440,0,137.0076388888889,315.70404006580213,0.6027777777777777,0.0,0.0,121.0,1,35-39,12:00:00,7.0,,,,,,,,,,,,,,,,,,,,,,2.0,2.0,2.0,1.0,2.0,18.0,15.0,1,,,,,
depression,depression_6,2003-08-22,1440,0,190.29861111111111,301.1751492962634,0.45416666666666666,10.0,0.0,284.0,1,35-39,12:00:00,7.0,,,,,,,,,,,,,,,,,,,,,,2.0,2.0,2.0,1.0,2.0,18.0,15.0,1,,,,,
depression,depression_6,2003-08-23,1440,0,213.82083333333333,385.46903227594044,0.3972222222222222,29.0,0.0,315.0,1,35-39,12:00:00,7.0,,,,,,,,,,,,,,,,,,,,,,2.0,2.0,2.0,1.0,2.0,18.0,15.0,1,,,,,
depression,depression_6,2003-08-24,1440,0,202.6472222222222,364.5408801844003,0.4305555555555556,10.0,0.0,275.0,1,35-39,12:00:00,7.0,,,,,,,,,,,,,,,,,,,,,,2.0,2.0,2.0,1.0,2.0,18.0,15.0,1,,,,,
depression,depression_6,2003-08-25,1440,0,178.66458333333333,314.23476825296257,0.45208333333333334,10.0,0.0,225.25,1,35-39,12:00:00,7.0,,,,,,,,,,,,,,,,,,,,,,2.0,2.0,2.0,1.0,2.0,18.0,15.0,1,,,,,
depression,depression_6,2003-08-26,1440,0,183.25416666666666,291.6038372506534,0.4173611111111111,28.0,0.0,258.0,1,35-39,12:00:00,7.0,,,,,,,,,,,,,,,,,,,,,,2.0,2.0,2.0,1.0,2.0,18.0,15.0,1,,,,,
depression,depression_6,2003-08-27,1440,0,244.94305555555556,357.13140023681484,0.4013888888888889,46.0,0.0,410.0,1,35-39,12:00:00,7.0,,,,,,,,,,,,,,,,,,,,,,2.0,2.0,2.0,1.0,2.0,18.0,15.0,1,,,,,
depression,depression_6,2003-08-28,1440,0,229.26944444444445,362.4188697100547,0.4,36.0,0.0,336.0,1,35-39,12:00:00,7.0,,,,,,,,,,,,,,,,,,,,,,2.0,2.0,2.0,1.0,2.0,18.0,15.0,1,,,,,
depression,depression_6,2003-08-29,1440,0,249.22152777777777,316.3453483104595,0.32916666666666666,100.0,0.0,424.0,1,35-39,12:00:00,7.0,,,,,,,,,,,,,,,,,,,,,,2.0,2.0,2.0,1.0,2.0,18.0,15.0,1,,,,,
depression,depression_6,2003-08-30,1440,0,150.9388888888889,309.7513750106489,0.5090277777777777,0.0,0.0,157.0,1,35-39,12:00:00,7.0,,,,,,,,,,,,,,,,,,,,,,2.0,2.0,2.0,1.0,2.0,18.0,15.0,1,,,,,
depression,depression_6,2003-08-31,1440,0,200.54722222222222,336.9970025304471,0.41805555555555557,19.0,0.0,266.0,1,35-39,12:00:00,7.0,,,,,,,,,,,,,,,,,,,,,,2.0,2.0,2.0,1.0,2.0,18.0,15.0,1,,,,,
depression,depression_6,2003-09-01,1440,0,236.5861111111111,330.48985036758336,0.36736111111111114,93.0,0.0,384.0,1,35-39,12:00:00,7.0,,,,,,,,,,,,,,,,,,,,,,2.0,2.0,2.0,1.0,2.0,18.0,15.0,1,,,,,
depression,depression_6,2003-09-02,1440,0,124.66388888888889,294.5264152016644,0.6868055555555556,0.0,0.0,93.0,1,35-39,12:00:00,7.0,,,,,,,,,,,,,,,,,,,,,,2.0,2.0,2.0,1.0,2.0,18.0,15.0,1,,,,,
depression,depression_7,2004-05-05,1440,0,257.3298611111111,338.6298929304556,0.3229166666666667,111.0,0.0,421.0,1,20-24,10:00:00,11.0,,,,,,,,,,,,,,,,,,,,,,1.0,,2.0,2.0,1.0,24.0,25.0,0,,,,,
depression,depression_7,2004-05-06,1440,0,103.15416666666667,194.07060888408344,0.5125,0.0,0.0,131.0,1,20-24,10:00:00,11.0,,,,,,,,,,,,,,,,,,,,,,1.0,,2.0,2.0,1.0,24.0,25.0,0,,,,,
depression,depression_7,2004-05-07,1440,0,377.1666666666667,519.4724834975488,0.39652777777777776,91.5,0.0,662.0,1,20-24,10:00:00,11.0,,,,,,,,,,,,,,,,,,,,,,1.0,,2.0,2.0,1.0,24.0,25.0,0,,,,,
depression,depression_7,2004-05-08,1440,0,451.3513888888889,572.5597544005185,0.36666666666666664,136.0,0.0,883.0,1,20-24,10:00:00,11.0,,,,,,,,,,,,,,,,,,,,,,1.0,,2.0,2.0,1.0,24.0,25.0,0,,,,,
depression,depression_7,2004-05-09,1440,0,190.30972222222223,335.7928158601017,0.3902777777777778,57.0,0.0,239.0,1,20-24,10:00:00,11.0,,,,,,,,,,,,,,,,,,,,,,1.0,,2.0,2.0,1.0,24.0,25.0,0,,,,,
depression,depression_7,2004-05-10,1440,0,402.9201388888889,552.0302879019337,0.42777777777777776,66.0,0.0,757.25,1,20-24,10:00:00,11.0,,,,,,,,,,,,,,,,,,,,,,1.0,,2.0,2.0,1.0,24.0,25.0,0,,,,,
depression,depression_7,2004-05-11,1440,0,233.44583333333333,427.78171498684156,0.3888888888888889,42.0,0.0,256.0,1,20-24,10:00:00,11.0,,,,,,,,,,,,,,,,,,,,,,1.0,,2.0,2.0,1.0,24.0,25.0,0,,,,,
depression,depression_7,2004-05-12,1440,0,401.7402777777778,540.3231458940212,0.2722222222222222,156.0,0.0,640.0,1,20-24,10:00:00,11.0,,,,,,,,,,,,,,,,,,,,,,1.0,,2.0,2.0,1.0,24.0,25.0,0,,,,,
depression,depression_7,2004-05-13,1440,0,478.8986111111111,639.6415962589813,0.375,100.0,0.0,854.0,1,20-24,10:00:00,11.0,,,,,,,,,,,,,,,,,,,,,,1.0,,2.0,2.0,1.0,24.0,25.0,0,,,,,
depression,depression_7,2004-05-14,1440,0,450.3125,528.6919454437369,0.30416666666666664,194.0,0.0,828.0,1,20-24,10:00:00,11.0,,,,,,,,,,,,,,,,,,,,,,1.0,,2.0,2.0,1.0,24.0,25.0,0,,,,,
depression,depression_7,2004-05-15,1440,0,349.2013888888889,491.2133458174585,0.38819444444444445,32.5,0.0,683.0,1,20-24,10:00:00,11.0,,,,,,,,,,,,,,,,,,,,,,1.0,,2.0,2.0,1.0,24.0,25.0,0,,,,,
depression,depression_7,2004-05-16,1440,0,98.98055555555555,233.36683309455148,0.43333333333333335,3.0,0.0,90.0,1,20-24,10:00:00,11.0,,,,,,,,,,,,,,,,,,,,,,1.0,,2.0,2.0,1.0,24.0,25.0,0,,,,,
depression,depression_7,2004-05-17,1440,0,5.833333333333333,47.11731811835927,0.22916666666666666,3.0,3.0,3.0,1,20-24,10:00:00,11.0,,,,,,,,,,,,,,,,,,,,,,1.0,,2.0,2.0,1.0,24.0,25.0,0,,,,,
depression,depression_7,2004-05-18,1440,0,52.87152777777778,175.17902198861628,0.6479166666666667,0.0,0.0,3.0,1,20-24,10:00:00,11.0,,,,,,,,,,,,,,,,,,,,,,1.0,,2.0,2.0,1.0,24.0,25.0,0,,,,,
depression,depression_8,2004-05-07,1440,0,221.91041666666666,393.61112845935725,0.4479166666666667,27.0,0.0,259.0,2,25-29,10:00:00,5.0,,,,,,,,,,,,,,,,,,,,,,2.0,,2.0,1.0,2.0,20.0,16.0,0,,,,,
depression,depression_8,2004-05-08,1440,0,282.74375,506.72414315148256,0.4236111111111111,55.0,0.0,373.0,2,25-29,10:00:00,5.0,,,,,,,,,,,,,,,,,,,,,,2.0,,2.0,1.0,2.0,20.0,16.0,0,,,,,
depression,depression_8,2004-05-09,1440,0,194.0402777777778,363.06193769097143,0.4423611111111111,27.0,0.0,194.0,2,25-29,10:00:00,5.0,,,,,,,,,,,,,,,,,,,,,,2.0,,2.0,1.0,2.0,20.0,16.0,0,,,,,
depression,depression_8,2004-05-10,1440,0,327.14722222222224,534.2431099675872,0.4083333333333333,64.0,0.0,454.0,2,25-29,10:00:00,5.0,,,,,,,,,,,,,,,,,,,,,,2.0,,2.0,1.0,2.0,20.0,16.0,0,,,,,
depression,depression_8,2004-05-11,1440,0,80.7375,192.5659100278684,0.4305555555555556,61.0,0.0,81.0,2,25-29,10:00:00,5.0,,,,,,,,,,,,,,,,,,,,,,2.0,,2.0,1.0,2.0,20.0,16.0,0,,,,,
depression,depression_8,2004-05-12,1440,0,322.9173611111111,635.9530682183786,0.4125,61.0,0.0,321.0,2,25-29,10:00:00,5.0,,,,,,,,,,,,,,,,,,,,,,2.0,,2.0,1.0,2.0,20.0,16.0,0,,,,,
depression,depression_8,2004-05-13,1440,0,167.77013888888888,313.2060190327032,0.42083333333333334,40.0,0.0,168.0,2,25-29,10:00:00,5.0,,,,,,,,,,,,,,,,,,,,,,2.0,,2.0,1.0,2.0,20.0,16.0,0,,,,,
depression,depression_8,2004-05-14,1440,0,181.8840277777778,430.65935690442456,0.5368055555555555,0.0,0.0,182.0,2,25-29,10:00:00,5.0,,,,,,,,,,,,,,,,,,,,,,2.0,,2.0,1.0,2.0,20.0,16.0,0,,,,,
depression,depression_8,2004-05-15,1440,0,252.53194444444443,496.0939668848559,0.5152777777777777,0.0,0.0,253.0,2,25-29,10:00:00,5.0,,,,,,,,,,,,,,,,,,,,,,2.0,,2.0,1.0,2.0,20.0,16.0,0,,,,,
depression,depression_8,2004-05-16,1440,0,149.3173611111111,290.6881681243334,0.44930555555555557,12.0,0.0,172.0,2,25-29,10:00:00,5.0,,,,,,,,,,,,,,,,,,,,,,2.0,,2.0,1.0,2.0,20.0,16.0,0,,,,,
depression,depression_8,2004-05-17,1440,0,8.063888888888888,43.31138965405558,0.43472222222222223,3.0,0.0,3.0,2,25-29,10:00:00,5.0,,,,,,,,,,,,,,,,,,,,,,2.0,,2.0,1.0,2.0,20.0,16.0,0,,,,,
depression,depression_8,2004-05-18,1440,0,23.88125,107.25876904629472,0.08541666666666667,3.0,3.0,5.0,2,25-29,10:00:00,5.0,,,,,,,,,,,,,,,,,,,,,,2.0,,2.0,1.0,2.0,20.0,16.0,0,,,,,
depression,depression_9,2004-05-28,1440,0,170.07222222222222,272.51941124656213,0.33194444444444443,53.0,0.0,223.0,2,45-49,12:30:00,13.0,,,,,,,,,,,,,,,,,,,,,,1.0,,2.0,1.0,2.0,26.0,26.0,1,,,,,
depression,depression_9,2004-05-29,1440,0,178.37222222222223,286.2918049154191,0.3875,46.0,0.0,239.0,2,45-49,12:30:00,13.0,,,,,,,,,,,,,,,,,,,,,,1.0,,2.0,1.0,2.0,26.0,26.0,1,,,,,
depression,depression_9,2004-05-30,1440,0,187.0888888888889,308.0032542015838,0.3111111111111111,53.0,0.0,239.0,2,45-49,12:30:00,13.0,,,,,,,,,,,,,,,,,,,,,,1.0,,2.0,1.0,2.0,26.0,26.0,1,,,,,
depression,depression_9,2004-05-31,1440,0,134.01388888888889,257.02814064782194,0.42986111111111114,15.0,0.0,151.0,2,45-49,12:30:00,13.0,,,,,,,,,,,,,,,,,,,,,,1.0,,2.0,1.0,2.0,26.0,26.0,1,,,,,
depression,depression_9,2004-06-01,1440,0,190.21458333333334,318.18290151279996,0.35694444444444445,40.0,0.0,239.0,2,45-49,12:30:00,13.0,,,,,,,,,,,,,,,,,,,,,,1.0,,2.0,1.0,2.0,26.0,26.0,1,,,,,
depression,depression_9,2004-06-02,1440,0,191.83819444444444,325.1756035198793,0.37430555555555556,42.0,0.0,250.0,2,45-49,12:30:00,13.0,,,,,,,,,,,,,,,,,,,,,,1.0,,2.0,1.0,2.0,26.0,26.0,1,,,,,
depression,depression_9,2004-06-03,1440,0,181.15208333333334,324.57334996815223,0.42986111111111114,17.0,0.0,214.0,2,45-49,12:30:00,13.0,,,,,,,,,,,,,,,,,,,,,,1.0,,2.0,1.0,2.0,26.0,26.0,1,,,,,
depression,depression_9,2004-06-04,1440,0,182.87222222222223,289.27854282595206,0.3506944444444444,40.0,0.0,250.0,2,45-49,12:30:00,13.0,,,,,,,,,,,,,,,,,,,,,,1.0,,2.0,1.0,2.0,26.0,26.0,1,,,,,
depression,depression_9,2004-06-05,1440,0,128.27013888888888,252.53418348915912,0.47708333333333336,5.0,0.0,131.0,2,45-49,12:30:00,13.0,,,,,,,,,,,,,,,,,,,,,,1.0,,2.0,1.0,2.0,26.0,26.0,1,,,,,
depression,depression_9,2004-06-06,1440,0,162.29583333333332,291.5157680781512,0.4013888888888889,22.0,0.0,188.0,2,45-49,12:30:00,13.0,,,,,,,,,,,,,,,,,,,,,,1.0,,2.0,1.0,2.0,26.0,26.0,1,,,,,
depression,depression_9,2004-06-07,1440,0,224.50833333333333,374.5508105087717,0.34097222222222223,57.0,0.0,303.0,2,45-49,12:30:00,13.0,,,,,,,,,,,,,,,,,,,,,,1.0,,2.0,1.0,2.0,26.0,26.0,1,,,,,
depression,depression_9,2004-06-08,1440,0,202.05625,327.3288955526464,0.3506944444444444,41.0,0.0,264.0,2,45-49,12:30:00,13.0,,,,,,,,,,,,,,,,,,,,,,1.0,,2.0,1.0,2.0,26.0,26.0,1,,,,,
depression,depression_9,2004-06-09,1440,0,168.65625,304.90874869439534,0.3972222222222222,20.0,0.0,208.0,2,45-49,12:30:00,13.0,,,,,,,,,,,,,,,,,,,,,,1.0,,2.0,1.0,2.0,26.0,26.0,1,,,,,
control,control_1,2003-03-19,1440,0,185.56805555555556,346.4354330280467,0.38680555555555557,37.5,0.0,201.0,2,25-29,15:00:00,8.0,,,,,,,,,,,,,,,,,,,,,,,,,,,,,,,,,,
control,control_1,2003-03-20,1440,0,225.98125,384.2451731911017,0.35833333333333334,53.0,0.0,248.0,2,25-29,15:00:00,8.0,,,,,,,,,,,,,,,,,,,,,,,,,,,,,,,,,,
control,control_1,2003-03-21,1440,0,169.66319444444446,304.21221080178,0.45625,18.0,0.0,194.0,2,25-29,15:00:00,8.0,,,,,,,,,,,,,,,,,,,,,,,,,,,,,,,,,,
control,control_1,2003-03-22,1440,0,183.69097222222223,276.91035137075863,0.3611111111111111,106.0,0.0,184.0,2,25-29,15:00:00,8.0,,,,,,,,,,,,,,,,,,,,,,,,,,,,,,,,,,
control,control_1,2003-03-23,1440,0,347.075,236.76361555943888,0.02361111111111111,347.0,264.0,347.0,2,25-29,15:00:00,8.0,,,,,,,,,,,,,,,,,,,,,,,,,,,,,,,,,,
control,control_1,2003-03-24,1440,0,194.42361111111111,356.2999278826507,0.4375,20.0,0.0,194.0,2,25-29,15:00:00,8.0,,,,,,,,,,,,,,,,,,,,,,,,,,,,,,,,,,
control,control_1,2003-03-25,1440,0,310.71527777777777,450.7807896551771,0.3576388888888889,93.0,0.0,495.0,2,25-29,15:00:00,8.0,,,,,,,,,,,,,,,,,,,,,,,,,,,,,,,,,,
control,control_1,2003-03-26,1440,0,199.51875,365.63486595782007,0.48680555555555555,3.0,0.0,273.0,2,25-29,15:00:00,8.0,,,,,,,,,,,,,,,,,,,,,,,,,,,,,,,,,,
control,control_1,2003-03-27,1440,0,183.13194444444446,318.95070035560394,0.40208333333333335,27.0,0.0,201.0,2,25-29,15:00:00,8.0,,,,,,,,,,,,,,,,,,,,,,,,,,,,,,,,,,
control,control_1,2003-03-28,1440,0,218.87222222222223,390.8663831876218,0.4479166666666667,22.0,0.0,223.0,2,25-29,15:00:00,8.0,,,,,,,,,,,,,,,,,,,,,,,,,,,,,,,,,,
control,control_1,2003-03-29,1440,0,276.36875,387.67921052519375,0.3645833333333333,106.0,0.0,421.0,2,25-29,15:00:00,8.0,,,,,,,,,,,,,,,,,,,,,,,,,,,,,,,,,,
control,control_1,2003-03-31,1440,0,232.00277777777777,435.0803517653767,0.4111111111111111,37.0,0.0,248.0,2,25-29,15:00:00,8.0,,,,,,,,,,,,,,,,,,,,,,,,,,,,,,,,,,
control,control_1,2003-04-01,1440,0,109.02291666666666,285.2026012861417,0.5388888888888889,0.0,0.0,70.0,2,25-29,15:00:00,8.0,,,,,,,,,,,,,,,,,,,,,,,,,,,,,,,,,,
control,control_1,2003-04-02,1440,0,128.5013888888889,578.6237887323333,0.8951388888888889,0.0,0.0,0.0,2,25-29,15:00:00,8.0,,,,,,,,,,,,,,,,,,,,,,,,,,,,,,,,,,
control,control_1,2003-04-03,1440,0,69.35625,344.01920392511636,0.7006944444444444,0.0,0.0,3.0,2,25-29,15:00:00,8.0,,,,,,,,,,,,,,,,,,,,,,,,,,,,,,,,,,
control,control_1,2003-04-04,1440,0,55.55902777777778,335.95064223144664,0.5263888888888889,0.0,0.0,3.0,2,25-29,15:00:00,8.0,,,,,,,,,,,,,,,,,,,,,,,,,,,,,,,,,,
control,control_1,2003-04-07,1440,0,0.13472222222222222,5.110573454510815,0.9993055555555556,0.0,0.0,0.0,2,25-29,15:00:00,8.0,,,,,,,,,,,,,,,,,,,,,,,,,,,,,,,,,,
control,control_1,2003-04-08,1440,0,0.059722222222222225,2.2655119437522173,0.9993055555555556,0.0,0.0,0.0,2,25-29,15:00:00,8.0,,,,,,,,,,,,,,,,,,,,,,,,,,,,,,,,,,
control,control_1,2003-04-09,1440,0,1.4604166666666667,1.499477628950236,0.5131944444444444,0.0,0.0,3.0,2,25-29,15:00:00,8.0,,,,,,,,,,,,,,,,,,,,,,,,,,,,,,,,,,
control,control_1,2003-04-10,1440,0,4.538888888888889,46.696343407747904,0.6236111111111111,0.0,0.0,3.0,2,25-29,15:00:00,8.0,,,,,,,,,,,,,,,,,,,,,,,,,,,,,,,,,,
control,control_1,2003-04-11,1440,0,0.25833333333333336,0.8415841543713195,0.9138888888888889,0.0,0.0,0.0,2,25-29,15:00:00,8.0,,,,,,,,,,,,,,,,,,,,,,,,,,,,,,,,,,
control,control_1,2003-04-12,1440,0,0.022916666666666665,0.26119882539722283,0.9923611111111111,0.0,0.0,0.0,2,25-29,15:00:00,8.0,,,,,,,,,,,,,,,,,,,,,,,,,,,,,,,,,,
control,control_1,2003-04-16,1440,0,1.3368055555555556,1.5003817351195152,0.5555555555555556,0.0,0.0,3.0,2,25-29,15:00:00,8.0,,,,,,,,,,,,,,,,,,,,,,,,,,,,,,,,,,
control,control_1,2003-04-17,1440,0,2.4125,1.1905224693385672,0.19583333333333333,3.0,3.0,3.0,2,25-29,15:00:00,8.0,,,,,,,,,,,,,,,,,,,,,,,,,,,,,,,,,,
control,control_1,2003-04-18,1440,0,2.2958333333333334,1.2714752477164295,0.23472222222222222,3.0,3.0,3.0,2,25-29,15:00:00,8.0,,,,,,,,,,,,,,,,,,,,,,,,,,,,,,,,,,
control,control_1,2003-04-19,1440,0,2.16875,1.3504098529088615,0.27847222222222223,3.0,0.0,3.0,2,25-29,15:00:00,8.0,,,,,,,,,,,,,,,,,,,,,,,,,,,,,,,,,,
control,control_1,2003-04-20,1440,0,2.1104166666666666,1.3701793652860035,0.2965277777777778,3.0,0.0,3.0,2,25-29,15:00:00,8.0,,,,,,,,,,,,,,,,,,,,,,,,,,,,,,,,,,
control,control_1,2003-04-21,1440,0,2.4604166666666667,1.152215182328756,0.1798611111111111,3.0,3.0,3.0,2,25-29,15:00:00,8.0,,,,,,,,,,,,,,,,,,,,,,,,,,,,,,,,,,
control,control_1,2003-04-22,1440,0,2.376388888888889,1.2201995573989295,0.20833333333333334,3.0,3.0,3.0,2,25-29,15:00:00,8.0,,,,,,,,,,,,,,,,,,,,,,,,,,,,,,,,,,
control,control_10,2003-11-19,1440,0,285.79791666666665,429.27236578125724,0.42777777777777776,38.0,0.0,457.75,1,30-34,09:00:00,8.0,,,,,,,,,,,,,,,,,,,,,,,,,,,,,,,,,,
control,control_10,2003-11-20,1440,0,357.68055555555554,483.7913067747316,0.3013888888888889,143.0,0.0,568.0,1,30-34,09:00:00,8.0,,,,,,,,,,,,,,,,,,,,,,,,,,,,,,,,,,
control,control_10,2003-11-21,1440,0,245.26944444444445,388.8019931786505,0.4951388888888889,3.0,0.0,411.0,1,30-34,09:00:00,8.0,,,,,,,,,,,,,,,,,,,,,,,,,,,,,,,,,,
control,control_10,2003-11-22,1440,0,122.99444444444444,293.4050882354789,0.10138888888888889,3.0,3.0,58.0,1,30-34,09:00:00,8.0,,,,,,,,,,,,,,,,,,,,,,,,,,,,,,,,,,
control,control_10,2003-11-23,1440,0,130.36944444444444,258.68561659478615,0.15,3.0,3.0,143.0,1,30-34,09:00:00,8.0,,,,,,,,,,,,,,,,,,,,,,,,,,,,,,,,,,
control,control_10,2003-11-24,1440,0,379.60625,509.60419945269916,0.30069444444444443,139.0,0.0,626.0,1,30-34,09:00:00,8.0,,,,,,,,,,,,,,,,,,,,,,,,,,,,,,,,,,
control,control_10,2003-11-25,1440,0,363.7361111111111,522.1527738617724,0.3284722222222222,98.0,0.0,587.0,1,30-34,09:00:00,8.0,,,,,,,,,,,,,,,,,,,,,,,,,,,,,,,,,,
control,control_10,2003-11-26,1440,0,322.4847222222222,425.83485621375513,0.30486111111111114,134.0,0.0,533.0,1,30-34,09:00:00,8.0,,,,,,,,,,,,,,,,,,,,,,,,,,,,,,,,,,
control,control_10,2003-11-27,1440,0,289.2861111111111,418.589752192325,0.3458333333333333,83.5,0.0,457.75,1,30-34,09:00:00,8.0,,,,,,,,,,,,,,,,,,,,,,,,,,,,,,,,,,
control,control_10,2003-11-28,1440,0,328.3645833333333,426.63859086805775,0.31527777777777777,139.0,0.0,533.0,1,30-34,09:00:00,8.0,,,,,,,,,,,,,,,,,,,,,,,,,,,,,,,,,,
control,control_10,2003-11-29,1440,0,326.2548611111111,476.061230791251,0.32708333333333334,125.0,0.0,517.0,1,30-34,09:00:00,8.0,,,,,,,,,,,,,,,,,,,,,,,,,,,,,,,,,,
control,control_10,2003-11-30,1440,0,385.95625,520.869157597124,0.31666666666666665,143.0,0.0,646.0,1,30-34,09:00:00,8.0,,,,,,,,,,,,,,,,,,,,,,,,,,,,,,,,,,
control,control_10,2003-12-01,1440,0,298.7,416.6868015135055,0.4486111111111111,34.0,0.0,568.0,1,30-34,09:00:00,8.0,,,,,,,,,,,,,,,,,,,,,,,,,,,,,,,,,,
control,control_10,2003-12-02,1440,0,229.65625,406.86653289000986,0.5916666666666667,0.0,0.0,376.25,1,30-34,09:00:00,8.0,,,,,,,,,,,,,,,,,,,,,,,,,,,,,,,,,,
control,control_11,2003-11-26,1440,0,187.78819444444446,328.0837084064675,0.44583333333333336,17.0,0.0,259.0,1,45-49,09:00:00,13.0,,,,,,,,,,,,,,,,,,,,,,,,,,,,,,,,,,
control,control_11,2003-11-27,1440,0,163.85208333333333,277.33792250528705,0.38263888888888886,37.0,0.0,197.0,1,45-49,09:00:00,13.0,,,,,,,,,,,,,,,,,,,,,,,,,,,,,,,,,,
control,control_11,2003-11-28,1440,0,241.35,403.01922651958483,0.3736111111111111,58.0,0.0,306.0,1,45-49,09:00:00,13.0,,,,,,,,,,,,,,,,,,,,,,,,,,,,,,,,,,
control,control_11,2003-11-29,1440,0,181.7513888888889,334.34838263448086,0.48541666666666666,5.0,0.0,227.0,1,45-49,09:00:00,13.0,,,,,,,,,,,,,,,,,,,,,,,,,,,,,,,,,,
control,control_11,2003-11-30,1440,0,166.81944444444446,276.41303265568644,0.4930555555555556,5.0,0.0,250.0,1,45-49,09:00:00,13.0,,,,,,,,,,,,,,,,,,,,,,,,,,,,,,,,,,
control,control_11,2003-12-01,1440,0,161.00069444444443,284.3647220356397,0.4201388888888889,17.5,0.0,190.0,1,45-49,09:00:00,13.0,,,,,,,,,,,,,,,,,,,,,,,,,,,,,,,,,,
control,control_11,2003-12-02,1440,0,225.52013888888888,438.0287149833681,0.39861111111111114,37.0,0.0,235.0,1,45-49,09:00:00,13.0,,,,,,,,,,,,,,,,,,,,,,,,,,,,,,,,,,
control,control_11,2003-12-03,1440,0,189.47847222222222,290.22493112698965,0.38958333333333334,58.0,0.0,277.0,1,45-49,09:00:00,13.0,,,,,,,,,,,,,,,,,,,,,,,,,,,,,,,,,,
control,control_11,2003-12-04,1440,0,302.24097222222224,419.57643438770396,0.33402777777777776,96.0,0.0,469.0,1,45-49,09:00:00,13.0,,,,,,,,,,,,,,,,,,,,,,,,,,,,,,,,,,
control,control_11,2003-12-05,1440,0,282.75,385.18086300103516,0.31180555555555556,107.0,0.0,425.0,1,45-49,09:00:00,13.0,,,,,,,,,,,,,,,,,,,,,,,,,,,,,,,,,,
control,control_11,2003-12-06,1440,0,146.8513888888889,275.686607749661,0.4618055555555556,12.0,0.0,147.0,1,45-49,09:00:00,13.0,,,,,,,,,,,,,,,,,,,,,,,,,,,,,,,,,,
control,control_11,2003-12-07,1440,0,104.77361111111111,285.38308342231244,0.5270833333333333,0.0,0.0,88.75,1,45-49,09:00:00,13.0,,,,,,,,,,,,,,,,,,,,,,,,,,,,,,,,,,
control,control_11,2003-12-08,1440,0,194.33680555555554,287.26895746517556,0.29583333333333334,73.0,0.0,277.0,1,45-49,09:00:00,13.0,,,,,,,,,,,,,,,,,,,,,,,,,,,,,,,,,,
control,control_11,2003-12-09,1440,0,104.79097222222222,200.96628048187947,0.6034722222222222,0.0,0.0,125.0,1,45-49,09:00:00,13.0,,,,,,,,,,,,,,,,,,,,,,,,,,,,,,,,,,
control,control_11,2003-12-10,1440,0,0.04583333333333333,0.9628426518503542,0.9972222222222222,0.0,0.0,0.0,1,45-49,09:00:00,13.0,,,,,,,,,,,,,,,,,,,,,,,,,,,,,,,,,,
control,control_11,2003-12-11,1440,0,0.0020833333333333333,0.07902948640996109,0.9993055555555556,0.0,0.0,0.0,1,45-49,09:00:00,13.0,,,,,,,,,,,,,,,,,,,,,,,,,,,,,,,,,,
control,control_12,2003-11-26,1440,0,161.20347222222222,254.97084716612278,0.425,22.0,0.0,220.0,1,60-64,09:00:00,14.0,,,,,,,,,,,,,,,,,,,,,,,,,,,,,,,,,,
control,control_12,2003-11-27,1440,0,212.30555555555554,287.05296350677986,0.36944444444444446,59.0,0.0,358.0,1,60-64,09:00:00,14.0,,,,,,,,,,,,,,,,,,,,,,,,,,,,,,,,,,
control,control_12,2003-11-28,1440,0,177.25625,265.27747062136814,0.42430555555555555,16.0,0.0,305.0,1,60-64,09:00:00,14.0,,,,,,,,,,,,,,,,,,,,,,,,,,,,,,,,,,
control,control_12,2003-11-29,1440,0,197.67638888888888,258.09900016652506,0.3194444444444444,87.0,0.0,328.5,1,60-64,09:00:00,14.0,,,,,,,,,,,,,,,,,,,,,,,,,,,,,,,,,,
control,control_12,2003-11-30,1440,0,149.98611111111111,218.19958963804189,0.38333333333333336,33.0,0.0,243.0,1,60-64,09:00:00,14.0,,,,,,,,,,,,,,,,,,,,,,,,,,,,,,,,,,
control,control_12,2003-12-01,1440,0,141.6784722222222,205.3193957198808,0.37777777777777777,31.5,0.0,227.0,1,60-64,09:00:00,14.0,,,,,,,,,,,,,,,,,,,,,,,,,,,,,,,,,,
control,control_12,2003-12-02,1440,0,121.83680555555556,196.09996502865565,0.4173611111111111,13.0,0.0,174.0,1,60-64,09:00:00,14.0,,,,,,,,,,,,,,,,,,,,,,,,,,,,,,,,,,
control,control_12,2003-12-03,1440,0,174.5090277777778,234.4654734749502,0.38958333333333334,61.0,0.0,286.0,1,60-64,09:00:00,14.0,,,,,,,,,,,,,,,,,,,,,,,,,,,,,,,,,,
control,control_12,2003-12-04,1440,0,106.55833333333334,164.51774030480723,0.4027777777777778,19.0,0.0,158.0,1,60-64,09:00:00,14.0,,,,,,,,,,,,,,,,,,,,,,,,,,,,,,,,,,
control,control_12,2003-12-05,1440,0,130.3625,238.99674099213385,0.5090277777777777,0.0,0.0,132.0,1,60-64,09:00:00,14.0,,,,,,,,,,,,,,,,,,,,,,,,,,,,,,,,,,
control,control_12,2003-12-06,1440,0,163.90833333333333,286.63428584076337,0.5256944444444445,0.0,0.0,200.75,1,60-64,09:00:00,14.0,,,,,,,,,,,,,,,,,,,,,,,,,,,,,,,,,,
control,control_12,2003-12-07,1440,0,80.35416666666667,193.46838561542526,0.6,0.0,0.0,37.0,1,60-64,09:00:00,14.0,,,,,,,,,,,,,,,,,,,,,,,,,,,,,,,,,,
control,control_12,2003-12-08,1440,0,142.48194444444445,214.12014982921573,0.38055555555555554,37.0,0.0,206.0,1,60-64,09:00:00,14.0,,,,,,,,,,,,,,,,,,,,,,,,,,,,,,,,,,
control,control_12,2003-12-09,1440,0,120.40486111111112,223.60429297641113,0.4666666666666667,6.0,0.0,153.0,1,60-64,09:00:00,14.0,,,,,,,,,,,,,,,,,,,,,,,,,,,,,,,,,,
control,control_12,2003-12-10,1440,0,1.2194444444444446,1.160296763869879,0.40555555555555556,2.0,0.0,2.0,1,60-64,09:00:00,14.0,,,,,,,,,,,,,,,,,,,,,,,,,,,,,,,,,,
control,control_12,2003-12-11,1440,0,3.553472222222222,8.532449605887292,0.0,3.0,3.0,4.0,1,60-64,09:00:00,14.0,,,,,,,,,,,,,,,,,,,,,,,,,,,,,,,,,,
control,control_12,2003-12-12,1440,0,6.106944444444444,38.554844869170495,0.4361111111111111,4.0,0.0,4.0,1,60-64,09:00:00,14.0,,,,,,,,,,,,,,,,,,,,,,,,,,,,,,,,,,
control,control_12,2003-12-15,1440,0,1.354861111111111,0.9478286487422414,0.32430555555555557,2.0,0.0,2.0,1,60-64,09:00:00,14.0,,,,,,,,,,,,,,,,,,,,,,,,,,,,,,,,,,
control,control_12,2003-12-16,1440,0,2.0,0.0,0.0,2.0,2.0,2.0,1,60-64,09:00:00,14.0,,,,,,,,,,,,,,,,,,,,,,,,,,,,,,,,,,
control,control_12,2003-12-17,1440,0,1.9986111111111111,0.05268632427330739,0.0006944444444444445,2.0,2.0,2.0,1,60-64,09:00:00,14.0,,,,,,,,,,,,,,,,,,,,,,,,,,,,,,,,,,
control,control_12,2003-12-18,1440,0,16.221527777777776,74.35862019743169,0.42916666666666664,2.0,0.0,2.0,1,60-64,09:00:00,14.0,,,,,,,,,,,,,,,,,,,,,,,,,,,,,,,,,,
control,control_13,2003-11-26,1440,0,263.68541666666664,344.29436542746987,0.23541666666666666,141.0,5.0,415.0,1,50-54,09:00:00,13.0,,,,,,,,,,,,,,,,,,,,,,,,,,,,,,,,,,
control,control_13,2003-11-27,1440,0,197.04930555555555,328.9069729794699,0.36041666666666666,46.0,0.0,247.0,1,50-54,09:00:00,13.0,,,,,,,,,,,,,,,,,,,,,,,,,,,,,,,,,,
control,control_13,2003-11-28,1440,0,205.36527777777778,304.2087640547205,0.32708333333333334,81.0,0.0,273.0,1,50-54,09:00:00,13.0,,,,,,,,,,,,,,,,,,,,,,,,,,,,,,,,,,
control,control_13,2003-11-29,1440,0,157.5861111111111,260.05871041488746,0.41944444444444445,22.5,0.0,211.75,1,50-54,09:00:00,13.0,,,,,,,,,,,,,,,,,,,,,,,,,,,,,,,,,,
control,control_13,2003-11-30,1440,0,131.5673611111111,236.26817018011226,0.4131944444444444,13.0,0.0,167.0,1,50-54,09:00:00,13.0,,,,,,,,,,,,,,,,,,,,,,,,,,,,,,,,,,
control,control_13,2003-12-01,1440,0,274.89166666666665,364.43773387919094,0.25972222222222224,141.0,0.0,415.0,1,50-54,09:00:00,13.0,,,,,,,,,,,,,,,,,,,,,,,,,,,,,,,,,,
control,control_13,2003-12-02,1440,0,134.60972222222222,226.28296055781956,0.37430555555555556,27.0,0.0,178.0,1,50-54,09:00:00,13.0,,,,,,,,,,,,,,,,,,,,,,,,,,,,,,,,,,
control,control_13,2003-12-03,1440,0,165.0236111111111,257.6548849144786,0.3541666666666667,53.0,0.0,217.0,1,50-54,09:00:00,13.0,,,,,,,,,,,,,,,,,,,,,,,,,,,,,,,,,,
control,control_13,2003-12-04,1440,0,176.21597222222223,293.2678452378366,0.4041666666666667,23.5,0.0,205.5,1,50-54,09:00:00,13.0,,,,,,,,,,,,,,,,,,,,,,,,,,,,,,,,,,
control,control_13,2003-12-05,1440,0,294.34375,378.24105596731675,0.27847222222222223,146.0,0.0,472.0,1,50-54,09:00:00,13.0,,,,,,,,,,,,,,,,,,,,,,,,,,,,,,,,,,
control,control_13,2003-12-06,1440,0,122.46041666666666,230.19643746602296,0.46111111111111114,6.0,0.0,151.0,1,50-54,09:00:00,13.0,,,,,,,,,,,,,,,,,,,,,,,,,,,,,,,,,,
control,control_13,2003-12-07,1440,0,125.52222222222223,231.74601951647065,0.4270833333333333,18.0,0.0,133.25,1,50-54,09:00:00,13.0,,,,,,,,,,,,,,,,,,,,,,,,,,,,,,,,,,
control,control_13,2003-12-08,1440,0,136.72569444444446,207.53787246298492,0.36527777777777776,31.0,0.0,197.0,1,50-54,09:00:00,13.0,,,,,,,,,,,,,,,,,,,,,,,,,,,,,,,,,,
control,control_13,2003-12-09,1440,0,68.82916666666667,190.159702572966,0.7569444444444444,0.0,0.0,0.0,1,50-54,09:00:00,13.0,,,,,,,,,,,,,,,,,,,,,,,,,,,,,,,,,,
control,control_14,2003-11-26,1440,0,529.7333333333333,676.1193278967519,0.24513888888888888,256.0,3.0,801.0,1,50-54,09:00:00,13.0,,,,,,,,,,,,,,,,,,,,,,,,,,,,,,,,,,
control,control_14,2003-11-27,1440,0,377.9215277777778,530.7190223156373,0.31666666666666665,141.0,0.0,582.0,1,50-54,09:00:00,13.0,,,,,,,,,,,,,,,,,,,,,,,,,,,,,,,,,,
control,control_14,2003-11-28,1440,0,472.98819444444445,573.8132734411914,0.21666666666666667,264.0,13.0,728.0,1,50-54,09:00:00,13.0,,,,,,,,,,,,,,,,,,,,,,,,,,,,,,,,,,
control,control_14,2003-11-29,1440,0,350.7993055555556,657.0738823032561,0.33125,39.0,0.0,357.0,1,50-54,09:00:00,13.0,,,,,,,,,,,,,,,,,,,,,,,,,,,,,,,,,,
control,control_14,2003-11-30,1440,0,245.08541666666667,473.5808716677106,0.38125,32.0,0.0,239.0,1,50-54,09:00:00,13.0,,,,,,,,,,,,,,,,,,,,,,,,,,,,,,,,,,
control,control_14,2003-12-01,1440,0,434.9736111111111,610.3314804024885,0.2263888888888889,156.0,3.0,662.0,1,50-54,09:00:00,13.0,,,,,,,,,,,,,,,,,,,,,,,,,,,,,,,,,,
control,control_14,2003-12-02,1440,0,289.10833333333335,498.90594686718697,0.3229166666666667,50.0,0.0,407.0,1,50-54,09:00:00,13.0,,,,,,,,,,,,,,,,,,,,,,,,,,,,,,,,,,
control,control_14,2003-12-03,1440,0,386.4243055555556,482.1355919163958,0.21805555555555556,191.0,7.0,582.0,1,50-54,09:00:00,13.0,,,,,,,,,,,,,,,,,,,,,,,,,,,,,,,,,,
control,control_14,2003-12-04,1440,0,290.44930555555555,497.4644559464257,0.35138888888888886,22.0,0.0,407.0,1,50-54,09:00:00,13.0,,,,,,,,,,,,,,,,,,,,,,,,,,,,,,,,,,
control,control_14,2003-12-05,1440,0,350.6534722222222,524.0309337260851,0.3451388888888889,83.0,0.0,564.0,1,50-54,09:00:00,13.0,,,,,,,,,,,,,,,,,,,,,,,,,,,,,,,,,,
control,control_14,2003-12-06,1440,0,451.775,614.4625695475681,0.14652777777777778,175.0,22.75,640.0,1,50-54,09:00:00,13.0,,,,,,,,,,,,,,,,,,,,,,,,,,,,,,,,,,
control,control_14,2003-12-07,1440,0,364.12638888888887,516.6551403265516,0.25763888888888886,111.0,0.0,545.0,1,50-54,09:00:00,13.0,,,,,,,,,,,,,,,,,,,,,,,,,,,,,,,,,,
control,control_14,2003-12-08,1440,0,433.90486111111113,703.6411006951489,0.3993055555555556,25.0,0.0,683.0,1,50-54,09:00:00,13.0,,,,,,,,,,,,,,,,,,,,,,,,,,,,,,,,,,
control,control_14,2003-12-09,1440,0,94.08125,279.37581157444885,0.26319444444444445,5.0,0.0,5.0,1,50-54,09:00:00,13.0,,,,,,,,,,,,,,,,,,,,,,,,,,,,,,,,,,
control,control_15,2003-11-26,1440,0,333.5159722222222,461.4593093538504,0.3173611111111111,172.0,0.0,483.0,1,45-49,09:00:00,11.0,,,,,,,,,,,,,,,,,,,,,,,,,,,,,,,,,,
control,control_15,2003-11-27,1440,0,337.22569444444446,414.27376687780855,0.30277777777777776,277.0,0.0,468.0,1,45-49,09:00:00,11.0,,,,,,,,,,,,,,,,,,,,,,,,,,,,,,,,,,
control,control_15,2003-11-28,1440,0,350.9201388888889,392.583832002772,0.2743055555555556,268.0,0.0,515.0,1,45-49,09:00:00,11.0,,,,,,,,,,,,,,,,,,,,,,,,,,,,,,,,,,
control,control_15,2003-11-29,1440,0,234.98541666666668,372.4867267338287,0.3729166666666667,59.0,0.0,316.0,1,45-49,09:00:00,11.0,,,,,,,,,,,,,,,,,,,,,,,,,,,,,,,,,,
control,control_15,2003-11-30,1440,0,264.075,436.95440416529095,0.4305555555555556,24.0,0.0,410.0,1,45-49,09:00:00,11.0,,,,,,,,,,,,,,,,,,,,,,,,,,,,,,,,,,
control,control_15,2003-12-01,1440,0,258.0763888888889,372.55652218192773,0.3326388888888889,99.0,0.0,384.0,1,45-49,09:00:00,11.0,,,,,,,,,,,,,,,,,,,,,,,,,,,,,,,,,,
control,control_15,2003-12-02,1440,0,306.20625,435.9962153758317,0.3819444444444444,79.0,0.0,499.0,1,45-49,09:00:00,11.0,,,,,,,,,,,,,,,,,,,,,,,,,,,,,,,,,,
control,control_15,2003-12-03,1440,0,295.6659722222222,394.00059427182947,0.3104166666666667,143.0,0.0,438.0,1,45-49,09:00:00,11.0,,,,,,,,,,,,,,,,,,,,,,,,,,,,,,,,,,
control,control_15,2003-12-04,1440,0,364.5423611111111,426.0808310572363,0.30486111111111114,250.0,0.0,605.0,1,45-49,09:00:00,11.0,,,,,,,,,,,,,,,,,,,,,,,,,,,,,,,,,,
control,control_15,2003-12-05,1440,0,304.65069444444447,407.6448373306051,0.3034722222222222,129.0,0.0,468.0,1,45-49,09:00:00,11.0,,,,,,,,,,,,,,,,,,,,,,,,,,,,,,,,,,
control,control_15,2003-12-06,1440,0,275.62638888888887,449.43833543566586,0.3993055555555556,37.5,0.0,296.0,1,45-49,09:00:00,11.0,,,,,,,,,,,,,,,,,,,,,,,,,,,,,,,,,,
control,control_15,2003-12-07,1440,0,307.8576388888889,542.6855889770006,0.36666666666666664,44.0,0.0,397.0,1,45-49,09:00:00,11.0,,,,,,,,,,,,,,,,,,,,,,,,,,,,,,,,,,
control,control_15,2003-12-08,1440,0,282.70972222222224,406.4524902739837,0.33958333333333335,116.0,0.0,410.0,1,45-49,09:00:00,11.0,,,,,,,,,,,,,,,,,,,,,,,,,,,,,,,,,,
control,control_15,2003-12-09,1440,0,167.83055555555555,393.2208866947745,0.6770833333333334,0.0,0.0,138.0,1,45-49,09:00:00,11.0,,,,,,,,,,,,,,,,,,,,,,,,,,,,,,,,,,
control,control_16,2003-12-03,1440,0,243.32083333333333,332.95929615991435,0.022916666666666665,121.0,5.0,348.0,2,40-44,09:00:00,13.0,,,,,,,,,,,,,,,,,,,,,,,,,,,,,,,,,,
control,control_16,2003-12-04,1440,0,272.36875,318.03715627806366,0.08958333333333333,182.0,5.0,410.0,2,40-44,09:00:00,13.0,,,,,,,,,,,,,,,,,,,,,,,,,,,,,,,,,,
control,control_16,2003-12-05,1440,0,275.81875,371.27054908874703,0.13333333333333333,116.0,3.0,438.0,2,40-44,09:00:00,13.0,,,,,,,,,,,,,,,,,,,,,,,,,,,,,,,,,,
control,control_16,2003-12-06,1440,0,331.68333333333334,453.34001496301494,0.19791666666666666,111.0,3.0,498.0,2,40-44,09:00:00,13.0,,,,,,,,,,,,,,,,,,,,,,,,,,,,,,,,,,
control,control_16,2003-12-07,1440,0,247.59097222222223,490.3543475574569,0.24305555555555555,86.0,3.0,325.0,2,40-44,09:00:00,13.0,,,,,,,,,,,,,,,,,,,,,,,,,,,,,,,,,,
control,control_16,2003-12-08,1440,0,240.62847222222223,291.19985289869476,0.21736111111111112,144.5,9.0,351.0,2,40-44,09:00:00,13.0,,,,,,,,,,,,,,,,,,,,,,,,,,,,,,,,,,
control,control_16,2003-12-09,1440,0,240.0326388888889,298.95656441517576,0.12777777777777777,121.0,3.0,363.0,2,40-44,09:00:00,13.0,,,,,,,,,,,,,,,,,,,,,,,,,,,,,,,,,,
control,control_16,2003-12-10,1440,0,251.22986111111112,309.33335232126853,0.20625,147.0,5.0,372.0,2,40-44,09:00:00,13.0,,,,,,,,,,,,,,,,,,,,,,,,,,,,,,,,,,
control,control_16,2003-12-11,1440,0,284.8909722222222,382.85619932677554,0.19305555555555556,137.0,9.0,396.0,2,40-44,09:00:00,13.0,,,,,,,,,,,,,,,,,,,,,,,,,,,,,,,,,,
control,control_16,2003-12-12,1440,0,171.73263888888889,275.1193782125066,0.3958333333333333,34.0,0.0,232.0,2,40-44,09:00:00,13.0,,,,,,,,,,,,,,,,,,,,,,,,,,,,,,,,,,
control,control_16,2003-12-13,1440,0,232.8875,271.8790220328295,0.27361111111111114,147.0,0.0,372.0,2,40-44,09:00:00,13.0,,,,,,,,,,,,,,,,,,,,,,,,,,,,,,,,,,
control,control_16,2003-12-14,1440,0,244.91875,326.87313786781044,0.2513888888888889,97.0,0.0,384.0,2,40-44,09:00:00,13.0,,,,,,,,,,,,,,,,,,,,,,,,,,,,,,,,,,
control,control_16,2003-12-15,1440,0,237.31805555555556,322.4275826645199,0.28680555555555554,104.0,0.0,348.0,2,40-44,09:00:00,13.0,,,,,,,,,,,,,,,,,,,,,,,,,,,,,,,,,,
control,control_16,2003-12-16,1440,0,83.25625,217.642265802659,0.3548611111111111,3.0,0.0,5.0,2,40-44,09:00:00,13.0,,,,,,,,,,,,,,,,,,,,,,,,,,,,,,,,,,
control,control_16,2003-12-17,1440,0,3.5861111111111112,5.0774092681743905,0.0,3.0,3.0,3.0,2,40-44,09:00:00,13.0,,,,,,,,,,,,,,,,,,,,,,,,,,,,,,,,,,
control,control_16,2003-12-18,1440,0,21.53125,82.09350441954555,0.001388888888888889,5.0,5.0,7.0,2,40-44,09:00:00,13.0,,,,,,,,,,,,,,,,,,,,,,,,,,,,,,,,,,
control,control_17,2003-12-10,1440,0,208.98263888888889,291.0768996401937,0.28958333333333336,82.0,0.0,286.0,1,45-49,09:00:00,9.0,,,,,,,,,,,,,,,,,,,,,,,,,,,,,,,,,,
control,control_17,2003-12-11,1440,0,224.33333333333334,302.3860437329151,0.25763888888888886,120.0,0.0,306.0,1,45-49,09:00:00,9.0,,,,,,,,,,,,,,,,,,,,,,,,,,,,,,,,,,
control,control_17,2003-12-12,1440,0,265.8798611111111,343.7138831692925,0.2916666666666667,111.0,0.0,439.0,1,45-49,09:00:00,9.0,,,,,,,,,,,,,,,,,,,,,,,,,,,,,,,,,,
control,control_17,2003-12-13,1440,0,311.8097222222222,382.7917767532668,0.27152777777777776,312.0,0.0,312.0,1,45-49,09:00:00,9.0,,,,,,,,,,,,,,,,,,,,,,,,,,,,,,,,,,
control,control_17,2003-12-14,1440,0,236.88125,317.2315867760295,0.29583333333333334,120.0,0.0,259.0,1,45-49,09:00:00,9.0,,,,,,,,,,,,,,,,,,,,,,,,,,,,,,,,,,
control,control_17,2003-12-15,1440,0,203.01458333333332,314.7869745886251,0.3416666666666667,55.0,0.0,261.25,1,45-49,09:00:00,9.0,,,,,,,,,,,,,,,,,,,,,,,,,,,,,,,,,,
control,control_17,2003-12-16,1440,0,275.1513888888889,441.21313270379113,0.31875,76.0,0.0,411.0,1,45-49,09:00:00,9.0,,,,,,,,,,,,,,,,,,,,,,,,,,,,,,,,,,
control,control_17,2003-12-17,1440,0,249.42916666666667,326.3785663822764,0.29930555555555555,125.0,0.0,373.0,1,45-49,09:00:00,9.0,,,,,,,,,,,,,,,,,,,,,,,,,,,,,,,,,,
control,control_17,2003-12-18,1440,0,233.34444444444443,301.5619905356152,0.275,120.0,0.0,349.0,1,45-49,09:00:00,9.0,,,,,,,,,,,,,,,,,,,,,,,,,,,,,,,,,,
control,control_17,2003-12-19,1440,0,258.6076388888889,352.034275986622,0.27569444444444446,100.0,0.0,398.0,1,45-49,09:00:00,9.0,,,,,,,,,,,,,,,,,,,,,,,,,,,,,,,,,,
control,control_17,2003-12-20,1440,0,303.89722222222224,415.05128765150556,0.3277777777777778,88.0,0.0,517.0,1,45-49,09:00:00,9.0,,,,,,,,,,,,,,,,,,,,,,,,,,,,,,,,,,
control,control_17,2003-12-21,1440,0,297.74791666666664,419.8323040659525,0.4097222222222222,52.0,0.0,517.0,1,45-49,09:00:00,9.0,,,,,,,,,,,,,,,,,,,,,,,,,,,,,,,,,,
control,control_17,2003-12-22,1440,0,256.97291666666666,305.5984087997474,0.2847222222222222,132.0,0.0,428.5,1,45-49,09:00:00,9.0,,,,,,,,,,,,,,,,,,,,,,,,,,,,,,,,,,
control,control_17,2003-12-23,1440,0,63.88263888888889,188.4163481605229,0.7555555555555555,0.0,0.0,0.0,1,45-49,09:00:00,9.0,,,,,,,,,,,,,,,,,,,,,,,,,,,,,,,,,,
control,control_17,2003-12-24,1440,0,0.32083333333333336,10.028285517308861,0.9965277777777778,0.0,0.0,0.0,1,45-49,09:00:00,9.0,,,,,,,,,,,,,,,,,,,,,,,,,,,,,,,,,,
control,control_17,2003-12-28,1440,0,0.0020833333333333333,0.0790294864099611,0.9993055555555556,0.0,0.0,0.0,1,45-49,09:00:00,9.0,,,,,,,,,,,,,,,,,,,,,,,,,,,,,,,,,,
control,control_18,2004-01-10,1440,0,245.91597222222222,378.9604318547714,0.2875,92.5,0.0,296.0,2,20-24,09:00:00,13.0,,,,,,,,,,,,,,,,,,,,,,,,,,,,,,,,,,
control,control_18,2004-01-11,1440,0,285.68888888888887,393.8241769832614,0.2833333333333333,136.5,0.0,398.0,2,20-24,09:00:00,13.0,,,,,,,,,,,,,,,,,,,,,,,,,,,,,,,,,,
control,control_18,2004-01-12,1440,0,223.86458333333334,326.5845204896238,0.3416666666666667,96.0,0.0,306.0,2,20-24,09:00:00,13.0,,,,,,,,,,,,,,,,,,,,,,,,,,,,,,,,,,
control,control_18,2004-01-13,1440,0,360.75347222222223,460.6214910032475,0.25972222222222224,184.0,0.0,517.0,2,20-24,09:00:00,13.0,,,,,,,,,,,,,,,,,,,,,,,,,,,,,,,,,,
control,control_18,2004-01-14,1440,0,212.62291666666667,333.55951934707036,0.3763888888888889,55.0,0.0,259.0,2,20-24,09:00:00,13.0,,,,,,,,,,,,,,,,,,,,,,,,,,,,,,,,,,
control,control_18,2004-01-15,1440,0,312.84583333333336,454.451951511531,0.2923611111111111,132.0,0.0,428.5,2,20-24,09:00:00,13.0,,,,,,,,,,,,,,,,,,,,,,,,,,,,,,,,,,
control,control_18,2004-01-16,1440,0,297.09791666666666,432.39810873789,0.2611111111111111,125.0,0.0,425.0,2,20-24,09:00:00,13.0,,,,,,,,,,,,,,,,,,,,,,,,,,,,,,,,,,
control,control_18,2004-01-17,1440,0,294.55694444444447,398.8707526416117,0.3125,118.0,0.0,439.0,2,20-24,09:00:00,13.0,,,,,,,,,,,,,,,,,,,,,,,,,,,,,,,,,,
control,control_18,2004-01-18,1440,0,307.95625,336.4184091315518,0.23541666666666666,219.0,8.0,485.0,2,20-24,09:00:00,13.0,,,,,,,,,,,,,,,,,,,,,,,,,,,,,,,,,,
control,control_18,2004-01-19,1440,0,377.5451388888889,431.5750908863854,0.2701388888888889,235.0,0.0,587.0,2,20-24,09:00:00,13.0,,,,,,,,,,,,,,,,,,,,,,,,,,,,,,,,,,
control,control_18,2004-01-20,1440,0,313.7909722222222,403.17286070982465,0.3229166666666667,139.0,0.0,500.0,2,20-24,09:00:00,13.0,,,,,,,,,,,,,,,,,,,,,,,,,,,,,,,,,,
control,control_18,2004-01-21,1440,0,320.64722222222224,409.0031502772667,0.2833333333333333,157.0,0.0,517.0,2,20-24,09:00:00,13.0,,,,,,,,,,,,,,,,,,,,,,,,,,,,,,,,,,
control,control_18,2004-01-22,1440,0,370.71736111111113,498.4280720745222,0.3034722222222222,154.0,0.0,587.0,2,20-24,09:00:00,13.0,,,,,,,,,,,,,,,,,,,,,,,,,,,,,,,,,,
control,control_18,2004-01-23,1440,0,27.04375,144.63114061618091,0.9131944444444444,0.0,0.0,0.0,2,20-24,09:00:00,13.0,,,,,,,,,,,,,,,,,,,,,,,,,,,,,,,,,,
control,control_18,2004-01-24,1440,0,0.018055555555555554,0.684922215552996,0.9993055555555556,0.0,0.0,0.0,2,20-24,09:00:00,13.0,,,,,,,,,,,,,,,,,,,,,,,,,,,,,,,,,,
control,control_18,2004-01-25,1440,0,0.49166666666666664,9.416220490904688,0.9951388888888889,0.0,0.0,0.0,2,20-24,09:00:00,13.0,,,,,,,,,,,,,,,,,,,,,,,,,,,,,,,,,,
control,control_19,2004-01-10,1440,0,217.67013888888889,293.68709292844056,0.3229166666666667,99.0,0.0,337.0,1,50-54,09:00:00,13.0,,,,,,,,,,,,,,,,,,,,,,,,,,,,,,,,,,
control,control_19,2004-01-11,1440,0,226.3111111111111,388.9052571555313,0.36041666666666666,60.5,0.0,259.0,1,50-54,09:00:00,13.0,,,,,,,,,,,,,,,,,,,,,,,,,,,,,,,,,,
control,control_19,2004-01-12,1440,0,211.1513888888889,292.2479742791953,0.3729166666666667,96.5,0.0,327.0,1,50-54,09:00:00,13.0,,,,,,,,,,,,,,,,,,,,,,,,,,,,,,,,,,
control,control_19,2004-01-13,1440,0,239.99791666666667,307.24239095739256,0.35625,121.0,0.0,372.0,1,50-54,09:00:00,13.0,,,,,,,,,,,,,,,,,,,,,,,,,,,,,,,,,,
control,control_19,2004-01-14,1440,0,189.74652777777777,314.10620382222686,0.4173611111111111,24.0,0.0,268.0,1,50-54,09:00:00,13.0,,,,,,,,,,,,,,,,,,,,,,,,,,,,,,,,,,
control,control_19,2004-01-15,1440,0,193.25416666666666,297.4013246428226,0.36527777777777776,47.0,0.0,285.0,1,50-54,09:00:00,13.0,,,,,,,,,,,,,,,,,,,,,,,,,,,,,,,,,,
control,control_19,2004-01-16,1440,0,352.625,456.553440571005,0.24305555555555555,197.0,3.0,499.0,1,50-54,09:00:00,13.0,,,,,,,,,,,,,,,,,,,,,,,,,,,,,,,,,,
control,control_19,2004-01-17,1440,0,185.0402777777778,305.65754446571697,0.4131944444444444,25.0,0.0,259.0,1,50-54,09:00:00,13.0,,,,,,,,,,,,,,,,,,,,,,,,,,,,,,,,,,
control,control_19,2004-01-18,1440,0,202.02708333333334,328.2880932704683,0.3902777777777778,43.0,0.0,296.0,1,50-54,09:00:00,13.0,,,,,,,,,,,,,,,,,,,,,,,,,,,,,,,,,,
control,control_19,2004-01-19,1440,0,215.90902777777777,309.47311528655587,0.3284722222222222,80.5,0.0,318.75,1,50-54,09:00:00,13.0,,,,,,,,,,,,,,,,,,,,,,,,,,,,,,,,,,
control,control_19,2004-01-20,1440,0,221.2111111111111,325.86449959878325,0.4083333333333333,47.0,0.0,337.0,1,50-54,09:00:00,13.0,,,,,,,,,,,,,,,,,,,,,,,,,,,,,,,,,,
control,control_19,2004-01-21,1440,0,212.79513888888889,322.9964337672625,0.4131944444444444,41.0,0.0,296.0,1,50-54,09:00:00,13.0,,,,,,,,,,,,,,,,,,,,,,,,,,,,,,,,,,
control,control_19,2004-01-22,1440,0,253.96180555555554,356.93973668466464,0.3611111111111111,91.0,0.0,384.0,1,50-54,09:00:00,13.0,,,,,,,,,,,,,,,,,,,,,,,,,,,,,,,,,,
control,control_19,2004-01-23,1440,0,101.11458333333333,202.68016692588392,0.6409722222222223,0.0,0.0,112.0,1,50-54,09:00:00,13.0,,,,,,,,,,,,,,,,,,,,,,,,,,,,,,,,,,
control,control_19,2004-01-26,1440,0,0.3125,1.0135796712641785,0.8993055555555556,0.0,0.0,0.0,1,50-54,09:00:00,13.0,,,,,,,,,,,,,,,,,,,,,,,,,,,,,,,,,,
control,control_19,2004-01-27,1440,0,13.559722222222222,86.5515616389737,0.8395833333333333,0.0,0.0,0.0,1,50-54,09:00:00,13.0,,,,,,,,,,,,,,,,,,,,,,,,,,,,,,,,,,
control,control_2,2002-10-03,1440,0,271.19305555555553,359.9096128144109,0.2951388888888889,136.0,0.0,394.0,1,30-34,15:00:00,20.0,,,,,,,,,,,,,,,,,,,,,,,,,,,,,,,,,,
control,control_2,2002-10-04,1440,0,462.2340277777778,534.4969650500047,0.27569444444444446,283.0,0.0,757.25,1,30-34,15:00:00,20.0,,,,,,,,,,,,,,,,,,,,,,,,,,,,,,,,,,
control,control_2,2002-10-05,1440,0,457.1701388888889,591.3572567243394,0.3388888888888889,156.0,0.0,801.0,1,30-34,15:00:00,20.0,,,,,,,,,,,,,,,,,,,,,,,,,,,,,,,,,,
control,control_2,2002-10-06,1440,0,243.56041666666667,415.1294566689659,0.45625,22.0,0.0,293.0,1,30-34,15:00:00,20.0,,,,,,,,,,,,,,,,,,,,,,,,,,,,,,,,,,
control,control_2,2002-10-07,1440,0,395.85069444444446,471.6969402087484,0.31180555555555556,231.0,0.0,640.0,1,30-34,15:00:00,20.0,,,,,,,,,,,,,,,,,,,,,,,,,,,,,,,,,,
control,control_2,2002-10-08,1440,0,603.1618055555556,727.5623595358728,0.3333333333333333,278.0,0.0,1034.0,1,30-34,15:00:00,20.0,,,,,,,,,,,,,,,,,,,,,,,,,,,,,,,,,,
control,control_2,2002-10-09,1440,0,369.0215277777778,548.0224792205145,0.3701388888888889,86.0,0.0,533.0,1,30-34,15:00:00,20.0,,,,,,,,,,,,,,,,,,,,,,,,,,,,,,,,,,
control,control_2,2002-10-10,1440,0,498.93055555555554,667.1513035617452,0.3638888888888889,227.0,0.0,776.0,1,30-34,15:00:00,20.0,,,,,,,,,,,,,,,,,,,,,,,,,,,,,,,,,,
control,control_2,2002-10-11,1440,0,413.6645833333333,538.3964481795235,0.35625,194.0,0.0,645.5,1,30-34,15:00:00,20.0,,,,,,,,,,,,,,,,,,,,,,,,,,,,,,,,,,
control,control_2,2002-10-12,1440,0,325.3854166666667,500.593240491934,0.41875,57.0,0.0,479.0,1,30-34,15:00:00,20.0,,,,,,,,,,,,,,,,,,,,,,,,,,,,,,,,,,
control,control_2,2002-10-13,1440,0,309.1666666666667,436.79377125951686,0.3416666666666667,80.0,0.0,512.0,1,30-34,15:00:00,20.0,,,,,,,,,,,,,,,,,,,,,,,,,,,,,,,,,,
control,control_2,2002-10-14,1440,0,368.18958333333336,455.04760377025235,0.31666666666666665,188.0,0.0,620.0,1,30-34,15:00:00,20.0,,,,,,,,,,,,,,,,,,,,,,,,,,,,,,,,,,
control,control_2,2002-10-15,1440,0,302.10833333333335,425.05615241792856,0.3701388888888889,121.0,0.0,449.0,1,30-34,15:00:00,20.0,,,,,,,,,,,,,,,,,,,,,,,,,,,,,,,,,,
control,control_2,2002-10-16,1440,0,343.8201388888889,463.81602436260897,0.3784722222222222,116.0,0.0,564.0,1,30-34,15:00:00,20.0,,,,,,,,,,,,,,,,,,,,,,,,,,,,,,,,,,
control,control_2,2002-10-17,1440,0,362.81180555555557,452.2518196014816,0.2763888888888889,194.0,0.0,545.0,1,30-34,15:00:00,20.0,,,,,,,,,,,,,,,,,,,,,,,,,,,,,,,,,,
control,control_2,2002-10-18,1440,0,490.24652777777777,556.1968772902164,0.2590277777777778,293.0,0.0,801.0,1,30-34,15:00:00,20.0,,,,,,,,,,,,,,,,,,,,,,,,,,,,,,,,,,
control,control_2,2002-10-19,1440,0,575.0215277777778,613.9041797362728,0.24166666666666667,421.0,11.5,941.0,1,30-34,15:00:00,20.0,,,,,,,,,,,,,,,,,,,,,,,,,,,,,,,,,,
control,control_2,2002-10-20,1440,0,577.0291666666667,576.6227432543694,0.28194444444444444,495.0,0.0,1002.0,1,30-34,15:00:00,20.0,,,,,,,,,,,,,,,,,,,,,,,,,,,,,,,,,,
control,control_2,2002-10-21,1440,0,626.2902777777778,578.8520276421932,0.24513888888888888,600.0,5.0,1034.0,1,30-34,15:00:00,20.0,,,,,,,,,,,,,,,,,,,,,,,,,,,,,,,,,,
control,control_2,2002-10-22,1440,0,506.14166666666665,569.0345521997959,0.2923611111111111,303.0,0.0,883.0,1,30-34,15:00:00,20.0,,,,,,,,,,,,,,,,,,,,,,,,,,,,,,,,,,
control,control_2,2002-10-23,1440,0,55.63472222222222,228.89653148901277,0.8506944444444444,0.0,0.0,0.0,1,30-34,15:00:00,20.0,,,,,,,,,,,,,,,,,,,,,,,,,,,,,,,,,,
control,control_20,2004-01-28,1440,0,353.0833333333333,454.1437180746494,0.35208333333333336,154.0,0.0,587.0,1,35-39,09:00:00,13.0,,,,,,,,,,,,,,,,,,,,,,,,,,,,,,,,,,
control,control_20,2004-01-29,1440,0,368.88125,451.5612259257305,0.26944444444444443,227.0,0.0,550.0,1,35-39,09:00:00,13.0,,,,,,,,,,,,,,,,,,,,,,,,,,,,,,,,,,
control,control_20,2004-01-30,1440,0,360.52569444444447,490.5181069325417,0.37222222222222223,111.0,0.0,587.0,1,35-39,09:00:00,13.0,,,,,,,,,,,,,,,,,,,,,,,,,,,,,,,,,,
control,control_20,2004-01-31,1440,0,385.7611111111111,453.26404021753257,0.3541666666666667,235.0,0.0,689.0,1,35-39,09:00:00,13.0,,,,,,,,,,,,,,,,,,,,,,,,,,,,,,,,,,
control,control_20,2004-02-01,1440,0,417.9715277777778,451.56653089907076,0.32916666666666666,338.0,0.0,689.0,1,35-39,09:00:00,13.0,,,,,,,,,,,,,,,,,,,,,,,,,,,,,,,,,,
control,control_20,2004-02-02,1440,0,403.23333333333335,505.07663994904993,0.33194444444444443,204.0,0.0,667.0,1,35-39,09:00:00,13.0,,,,,,,,,,,,,,,,,,,,,,,,,,,,,,,,,,
control,control_20,2004-02-03,1440,0,344.12152777777777,403.3274033075077,0.3138888888888889,197.0,0.0,568.0,1,35-39,09:00:00,13.0,,,,,,,,,,,,,,,,,,,,,,,,,,,,,,,,,,
control,control_20,2004-02-04,1440,0,454.1763888888889,771.243807465335,0.3333333333333333,219.0,0.0,626.0,1,35-39,09:00:00,13.0,,,,,,,,,,,,,,,,,,,,,,,,,,,,,,,,,,
control,control_20,2004-02-05,1440,0,307.4166666666667,404.55156758234585,0.3486111111111111,120.0,0.0,517.0,1,35-39,09:00:00,13.0,,,,,,,,,,,,,,,,,,,,,,,,,,,,,,,,,,
control,control_20,2004-02-06,1440,0,339.39930555555554,483.2743048720031,0.3347222222222222,154.0,0.0,533.0,1,35-39,09:00:00,13.0,,,,,,,,,,,,,,,,,,,,,,,,,,,,,,,,,,
control,control_20,2004-02-07,1440,0,282.16041666666666,391.26063700818236,0.4201388888888889,67.0,0.0,485.0,1,35-39,09:00:00,13.0,,,,,,,,,,,,,,,,,,,,,,,,,,,,,,,,,,
control,control_20,2004-02-08,1440,0,315.18958333333336,431.44964400050173,0.40694444444444444,88.0,0.0,533.0,1,35-39,09:00:00,13.0,,,,,,,,,,,,,,,,,,,,,,,,,,,,,,,,,,
control,control_20,2004-02-09,1440,0,420.84375,503.4971352145619,0.32222222222222224,223.0,0.0,712.0,1,35-39,09:00:00,13.0,,,,,,,,,,,,,,,,,,,,,,,,,,,,,,,,,,
control,control_20,2004-02-10,1440,0,80.32569444444445,244.76871771762185,0.8173611111111111,0.0,0.0,0.0,1,35-39,09:00:00,13.0,,,,,,,,,,,,,,,,,,,,,,,,,,,,,,,,,,
control,control_20,2004-02-11,1440,0,0.1111111111111111,3.906566962449098,0.9979166666666667,0.0,0.0,0.0,1,35-39,09:00:00,13.0,,,,,,,,,,,,,,,,,,,,,,,,,,,,,,,,,,
control,control_20,2004-02-12,1440,0,0.22430555555555556,7.2061195688088,0.9986111111111111,0.0,0.0,0.0,1,35-39,09:00:00,13.0,,,,,,,,,,,,,,,,,,,,,,,,,,,,,,,,,,
control,control_20,2004-02-13,1440,0,1.9673611111111111,6.116204908332445,0.39861111111111114,3.0,0.0,3.0,1,35-39,09:00:00,13.0,,,,,,,,,,,,,,,,,,,,,,,,,,,,,,,,,,
control,control_20,2004-02-14,1440,0,0.01875,0.23642850399222173,0.99375,0.0,0.0,0.0,1,35-39,09:00:00,13.0,,,,,,,,,,,,,,,,,,,,,,,,,,,,,,,,,,
control,control_20,2004-02-15,1440,0,0.8833333333333333,1.3673778637312448,0.7055555555555556,0.0,0.0,3.0,1,35-39,09:00:00,13.0,,,,,,,,,,,,,,,,,,,,,,,,,,,,,,,,,,
control,control_20,2004-02-16,1440,0,3.0,0.0,0.0,3.0,3.0,3.0,1,35-39,09:00:00,13.0,,,,,,,,,,,,,,,,,,,,,,,,,,,,,,,,,,
control,control_20,2004-02-17,1440,0,11.559027777777779,68.92426894102529,0.10694444444444444,3.0,3.0,3.0,1,35-39,09:00:00,13.0,,,,,,,,,,,,,,,,,,,,,,,,,,,,,,,,,,
control,control_21,2004-01-28,1440,0,278.4625,437.77755162280886,0.40625,51.0,0.0,394.0,1,50-54,09:00:00,8.0,,,,,,,,,,,,,,,,,,,,,,,,,,,,,,,,,,
control,control_21,2004-01-29,1440,0,332.1166666666667,413.26591889753286,0.26180555555555557,181.0,0.0,512.0,1,50-54,09:00:00,8.0,,,,,,,,,,,,,,,,,,,,,,,,,,,,,,,,,,
control,control_21,2004-01-30,1440,0,310.87083333333334,319.30563768968545,0.13819444444444445,311.0,52.0,407.0,1,50-54,09:00:00,8.0,,,,,,,,,,,,,,,,,,,,,,,,,,,,,,,,,,
control,control_21,2004-01-31,1440,0,256.0138888888889,396.13453252986454,0.39791666666666664,42.0,0.0,394.0,1,50-54,09:00:00,8.0,,,,,,,,,,,,,,,,,,,,,,,,,,,,,,,,,,
control,control_21,2004-02-01,1440,0,175.82847222222222,280.88019964113465,0.40347222222222223,35.0,0.0,201.0,1,50-54,09:00:00,8.0,,,,,,,,,,,,,,,,,,,,,,,,,,,,,,,,,,
control,control_21,2004-02-02,1440,0,230.78402777777777,362.4641934735674,0.4083333333333333,38.0,0.0,313.0,1,50-54,09:00:00,8.0,,,,,,,,,,,,,,,,,,,,,,,,,,,,,,,,,,
control,control_21,2004-02-03,1440,0,251.9375,328.64408979991816,0.28055555555555556,121.0,0.0,346.0,1,50-54,09:00:00,8.0,,,,,,,,,,,,,,,,,,,,,,,,,,,,,,,,,,
control,control_21,2004-02-04,1440,0,254.96944444444443,352.29586155156295,0.3284722222222222,96.0,0.0,369.0,1,50-54,09:00:00,8.0,,,,,,,,,,,,,,,,,,,,,,,,,,,,,,,,,,
control,control_21,2004-02-05,1440,0,193.8736111111111,280.94542891075616,0.28888888888888886,90.0,0.0,239.0,1,50-54,09:00:00,8.0,,,,,,,,,,,,,,,,,,,,,,,,,,,,,,,,,,
control,control_21,2004-02-06,1440,0,248.8875,343.28680689504284,0.3923611111111111,80.0,0.0,334.0,1,50-54,09:00:00,8.0,,,,,,,,,,,,,,,,,,,,,,,,,,,,,,,,,,
control,control_21,2004-02-07,1440,0,359.8826388888889,454.8529059899263,0.3451388888888889,143.5,0.0,620.0,1,50-54,09:00:00,8.0,,,,,,,,,,,,,,,,,,,,,,,,,,,,,,,,,,
control,control_21,2004-02-08,1440,0,298.1673611111111,341.8436601174296,0.30625,264.0,0.0,449.0,1,50-54,09:00:00,8.0,,,,,,,,,,,,,,,,,,,,,,,,,,,,,,,,,,
control,control_21,2004-02-09,1440,0,259.83194444444445,359.93417157647224,0.38472222222222224,70.0,0.0,434.0,1,50-54,09:00:00,8.0,,,,,,,,,,,,,,,,,,,,,,,,,,,,,,,,,,
control,control_21,2004-02-10,1440,0,176.00347222222223,324.98634264321066,0.5833333333333334,0.0,0.0,231.0,1,50-54,09:00:00,8.0,,,,,,,,,,,,,,,,,,,,,,,,,,,,,,,,,,
control,control_21,2004-02-11,1440,0,2.4763888888888888,22.98681985312184,0.9722222222222222,0.0,0.0,0.0,1,50-54,09:00:00,8.0,,,,,,,,,,,,,,,,,,,,,,,,,,,,,,,,,,
control,control_21,2004-02-12,1440,0,0.06527777777777778,1.57715106391083,0.9979166666666667,0.0,0.0,0.0,1,50-54,09:00:00,8.0,,,,,,,,,,,,,,,,,,,,,,,,,,,,,,,,,,
control,control_21,2004-02-13,1440,0,2.28125,26.888027769369565,0.9819444444444444,0.0,0.0,0.0,1,50-54,09:00:00,8.0,,,,,,,,,,,,,,,,,,,,,,,,,,,,,,,,,,
control,control_21,2004-02-17,1440,0,7.955555555555556,70.17531199489066,0.96875,0.0,0.0,0.0,1,50-54,09:00:00,8.0,,,,,,,,,,,,,,,,,,,,,,,,,,,,,,,,,,
control,control_22,2004-02-18,1440,0,250.2409722222222,364.15918316361063,0.001388888888888889,99.0,4.0,360.0,1,25-29,09:00:00,13.0,,,,,,,,,,,,,,,,,,,,,,,,,,,,,,,,,,
control,control_22,2004-02-19,1440,0,226.4423611111111,324.01532158557404,0.0,77.0,4.0,318.75,1,25-29,09:00:00,13.0,,,,,,,,,,,,,,,,,,,,,,,,,,,,,,,,,,
control,control_22,2004-02-20,1440,0,283.7291666666667,403.5765729826456,0.0,99.0,4.0,453.0,1,25-29,09:00:00,13.0,,,,,,,,,,,,,,,,,,,,,,,,,,,,,,,,,,
control,control_22,2004-02-21,1440,0,229.72291666666666,378.3728158947994,0.0,77.0,4.0,230.0,1,25-29,09:00:00,13.0,,,,,,,,,,,,,,,,,,,,,,,,,,,,,,,,,,
control,control_22,2004-02-22,1440,0,286.9486111111111,467.03772167812446,0.0,88.0,4.0,316.0,1,25-29,09:00:00,13.0,,,,,,,,,,,,,,,,,,,,,,,,,,,,,,,,,,
control,control_22,2004-02-23,1440,0,255.13888888888889,363.60181424325657,0.0,103.0,6.0,337.0,1,25-29,09:00:00,13.0,,,,,,,,,,,,,,,,,,,,,,,,,,,,,,,,,,
control,control_22,2004-02-24,1440,0,255.44930555555555,363.76190539824563,0.0,103.0,4.0,349.0,1,25-29,09:00:00,13.0,,,,,,,,,,,,,,,,,,,,,,,,,,,,,,,,,,
control,control_22,2004-02-25,1440,0,202.725,309.9335873080984,0.0,82.0,4.0,277.0,1,25-29,09:00:00,13.0,,,,,,,,,,,,,,,,,,,,,,,,,,,,,,,,,,
control,control_22,2004-02-26,1440,0,284.37847222222223,378.54733001876076,0.0,140.5,6.0,410.0,1,25-29,09:00:00,13.0,,,,,,,,,,,,,,,,,,,,,,,,,,,,,,,,,,
control,control_22,2004-02-27,1440,0,283.1673611111111,389.22379190473816,0.0,125.0,5.5,397.0,1,25-29,09:00:00,13.0,,,,,,,,,,,,,,,,,,,,,,,,,,,,,,,,,,
control,control_22,2004-02-28,1440,0,385.88194444444446,554.3873808153738,0.0,103.0,4.0,566.0,1,25-29,09:00:00,13.0,,,,,,,,,,,,,,,,,,,,,,,,,,,,,,,,,,
control,control_22,2004-02-29,1440,0,195.54444444444445,342.0494432619391,0.0,15.5,6.0,228.75,1,25-29,09:00:00,13.0,,,,,,,,,,,,,,,,,,,,,,,,,,,,,,,,,,
control,control_22,2004-03-01,1440,0,274.9263888888889,358.1207084261207,0.0,154.0,7.0,372.0,1,25-29,09:00:00,13.0,,,,,,,,,,,,,,,,,,,,,,,,,,,,,,,,,,
control,control_22,2004-03-02,1440,0,111.87569444444445,241.79061584197177,0.0,7.0,7.0,71.0,1,25-29,09:00:00,13.0,,,,,,,,,,,,,,,,,,,,,,,,,,,,,,,,,,
control,control_23,2004-02-18,1440,0,176.19444444444446,222.82180778526,0.30972222222222223,90.0,0.0,286.0,1,20-24,09:00:00,13.0,,,,,,,,,,,,,,,,,,,,,,,,,,,,,,,,,,
control,control_23,2004-02-19,1440,0,186.55902777777777,231.70340083858477,0.2701388888888889,120.0,0.0,267.0,1,20-24,09:00:00,13.0,,,,,,,,,,,,,,,,,,,,,,,,,,,,,,,,,,
control,control_23,2004-02-20,1440,0,213.82430555555555,310.401946574144,0.3645833333333333,87.0,0.0,295.0,1,20-24,09:00:00,13.0,,,,,,,,,,,,,,,,,,,,,,,,,,,,,,,,,,
control,control_23,2004-02-21,1440,0,244.69305555555556,306.3099740941396,0.2652777777777778,137.0,0.0,361.0,1,20-24,09:00:00,13.0,,,,,,,,,,,,,,,,,,,,,,,,,,,,,,,,,,
control,control_23,2004-02-22,1440,0,195.21597222222223,314.596434421059,0.3625,43.0,0.0,243.0,1,20-24,09:00:00,13.0,,,,,,,,,,,,,,,,,,,,,,,,,,,,,,,,,,
control,control_23,2004-02-23,1440,0,200.53333333333333,313.914813285388,0.3263888888888889,47.0,0.0,276.0,1,20-24,09:00:00,13.0,,,,,,,,,,,,,,,,,,,,,,,,,,,,,,,,,,
control,control_23,2004-02-24,1440,0,229.6298611111111,308.62298750072006,0.24097222222222223,108.0,2.0,326.0,1,20-24,09:00:00,13.0,,,,,,,,,,,,,,,,,,,,,,,,,,,,,,,,,,
control,control_23,2004-02-25,1440,0,287.1875,373.2354218472944,0.2513888888888889,142.0,0.0,434.0,1,20-24,09:00:00,13.0,,,,,,,,,,,,,,,,,,,,,,,,,,,,,,,,,,
control,control_23,2004-02-26,1440,0,248.77777777777777,325.40665679108446,0.24861111111111112,120.0,2.0,394.0,1,20-24,09:00:00,13.0,,,,,,,,,,,,,,,,,,,,,,,,,,,,,,,,,,
control,control_23,2004-02-27,1440,0,127.9375,209.50156187265844,0.33125,23.0,0.0,159.25,1,20-24,09:00:00,13.0,,,,,,,,,,,,,,,,,,,,,,,,,,,,,,,,,,
control,control_23,2004-02-28,1440,0,117.55277777777778,224.21131833621095,0.29375,8.0,0.0,132.0,1,20-24,09:00:00,13.0,,,,,,,,,,,,,,,,,,,,,,,,,,,,,,,,,,
control,control_23,2004-02-29,1440,0,178.15,275.22312362477425,0.20208333333333334,51.0,2.0,259.0,1,20-24,09:00:00,13.0,,,,,,,,,,,,,,,,,,,,,,,,,,,,,,,,,,
control,control_23,2004-03-01,1440,0,231.8625,299.489884329959,0.2222222222222222,124.0,2.0,347.0,1,20-24,09:00:00,13.0,,,,,,,,,,,,,,,,,,,,,,,,,,,,,,,,,,
control,control_23,2004-03-02,1440,0,120.6763888888889,235.63719051462684,0.19375,2.0,2.0,120.0,1,20-24,09:00:00,13.0,,,,,,,,,,,,,,,,,,,,,,,,,,,,,,,,,,
control,control_24,2004-02-25,1440,0,484.47291666666666,927.7910515722838,0.3229166666666667,134.0,0.0,517.0,2,20-24,09:00:00,13.0,,,,,,,,,,,,,,,,,,,,,,,,,,,,,,,,,,
control,control_24,2004-02-26,1440,0,380.1611111111111,635.7018052155594,0.33402777777777776,134.0,0.0,533.0,2,20-24,09:00:00,13.0,,,,,,,,,,,,,,,,,,,,,,,,,,,,,,,,,,
control,control_24,2004-02-27,1440,0,575.99375,1080.5196174577013,0.2965277777777778,178.0,0.0,576.0,2,20-24,09:00:00,13.0,,,,,,,,,,,,,,,,,,,,,,,,,,,,,,,,,,
control,control_24,2004-02-28,1440,0,358.92847222222224,514.4310257949492,0.3458333333333333,113.5,0.0,517.0,2,20-24,09:00:00,13.0,,,,,,,,,,,,,,,,,,,,,,,,,,,,,,,,,,
control,control_24,2004-02-29,1440,0,456.65069444444447,625.1158444303352,0.34375,197.0,0.0,712.0,2,20-24,09:00:00,13.0,,,,,,,,,,,,,,,,,,,,,,,,,,,,,,,,,,
control,control_24,2004-03-01,1440,0,359.05833333333334,500.86680774156133,0.29791666666666666,190.0,0.0,454.0,2,20-24,09:00:00,13.0,,,,,,,,,,,,,,,,,,,,,,,,,,,,,,,,,,
control,control_24,2004-03-02,1440,0,350.46180555555554,508.09682195978047,0.34791666666666665,160.0,0.0,454.0,2,20-24,09:00:00,13.0,,,,,,,,,,,,,,,,,,,,,,,,,,,,,,,,,,
control,control_24,2004-03-03,1440,0,349.2951388888889,542.6663835776623,0.32916666666666666,120.0,0.0,439.0,2,20-24,09:00:00,13.0,,,,,,,,,,,,,,,,,,,,,,,,,,,,,,,,,,
control,control_24,2004-03-04,1440,0,283.68819444444443,467.6092734734915,0.37430555555555556,98.0,0.0,349.0,2,20-24,09:00:00,13.0,,,,,,,,,,,,,,,,,,,,,,,,,,,,,,,,,,
control,control_24,2004-03-05,1440,0,370.8354166666667,572.6643735364388,0.30416666666666664,143.0,0.0,454.0,2,20-24,09:00:00,13.0,,,,,,,,,,,,,,,,,,,,,,,,,,,,,,,,,,
control,control_24,2004-03-06,1440,0,353.04791666666665,549.1165895818419,0.3333333333333333,111.0,0.0,439.0,2,20-24,09:00:00,13.0,,,,,,,,,,,,,,,,,,,,,,,,,,,,,,,,,,
control,control_24,2004-03-07,1440,0,262.67569444444445,419.77641663723267,0.3597222222222222,82.0,0.0,338.0,2,20-24,09:00:00,13.0,,,,,,,,,,,,,,,,,,,,,,,,,,,,,,,,,,
control,control_24,2004-03-08,1440,0,377.2680555555556,508.1542188063222,0.29444444444444445,184.0,0.0,533.0,2,20-24,09:00:00,13.0,,,,,,,,,,,,,,,,,,,,,,,,,,,,,,,,,,
control,control_24,2004-03-09,1440,0,45.388194444444444,164.57530360012495,0.7736111111111111,0.0,0.0,0.0,2,20-24,09:00:00,13.0,,,,,,,,,,,,,,,,,,,,,,,,,,,,,,,,,,
control,control_25,2004-02-25,1440,0,384.44652777777776,480.68888925357174,0.30277777777777776,197.0,0.0,611.0,1,65-69,09:00:00,13.0,,,,,,,,,,,,,,,,,,,,,,,,,,,,,,,,,,
control,control_25,2004-02-26,1440,0,324.5340277777778,407.4807326159379,0.2833333333333333,160.0,0.0,517.0,1,65-69,09:00:00,13.0,,,,,,,,,,,,,,,,,,,,,,,,,,,,,,,,,,
control,control_25,2004-02-27,1440,0,389.1826388888889,480.67989678247835,0.3541666666666667,184.0,0.0,667.0,1,65-69,09:00:00,13.0,,,,,,,,,,,,,,,,,,,,,,,,,,,,,,,,,,
control,control_25,2004-02-28,1440,0,403.93958333333336,465.7359452043421,0.2798611111111111,227.0,0.0,689.0,1,65-69,09:00:00,13.0,,,,,,,,,,,,,,,,,,,,,,,,,,,,,,,,,,
control,control_25,2004-02-29,1440,0,337.99861111111113,454.93799485725265,0.39652777777777776,94.0,0.0,587.0,1,65-69,09:00:00,13.0,,,,,,,,,,,,,,,,,,,,,,,,,,,,,,,,,,
control,control_25,2004-03-01,1440,0,315.7715277777778,410.8732703988195,0.3215277777777778,157.0,0.0,500.0,1,65-69,09:00:00,13.0,,,,,,,,,,,,,,,,,,,,,,,,,,,,,,,,,,
control,control_25,2004-03-02,1440,0,305.68333333333334,381.55875439512005,0.3,160.0,0.0,500.0,1,65-69,09:00:00,13.0,,,,,,,,,,,,,,,,,,,,,,,,,,,,,,,,,,
control,control_25,2004-03-03,1440,0,295.45,409.5550281843834,0.2791666666666667,139.0,0.0,439.0,1,65-69,09:00:00,13.0,,,,,,,,,,,,,,,,,,,,,,,,,,,,,,,,,,
control,control_25,2004-03-04,1440,0,251.8798611111111,366.2425067644276,0.3861111111111111,76.0,0.0,398.0,1,65-69,09:00:00,13.0,,,,,,,,,,,,,,,,,,,,,,,,,,,,,,,,,,
control,control_25,2004-03-05,1440,0,282.8854166666667,415.48115354850097,0.40902777777777777,61.0,0.0,439.0,1,65-69,09:00:00,13.0,,,,,,,,,,,,,,,,,,,,,,,,,,,,,,,,,,
control,control_25,2004-03-06,1440,0,314.2909722222222,453.7249128989568,0.3173611111111111,91.0,0.0,500.0,1,65-69,09:00:00,13.0,,,,,,,,,,,,,,,,,,,,,,,,,,,,,,,,,,
control,control_25,2004-03-07,1440,0,262.3833333333333,407.36198276226025,0.41041666666666665,55.0,0.0,386.0,1,65-69,09:00:00,13.0,,,,,,,,,,,,,,,,,,,,,,,,,,,,,,,,,,
control,control_25,2004-03-08,1440,0,285.93680555555557,405.23381732144054,0.28402777777777777,120.0,0.0,411.0,1,65-69,09:00:00,13.0,,,,,,,,,,,,,,,,,,,,,,,,,,,,,,,,,,
control,control_25,2004-03-09,1440,0,119.92222222222222,285.5274691116145,0.7381944444444445,0.0,0.0,8.0,1,65-69,09:00:00,13.0,,,,,,,,,,,,,,,,,,,,,,,,,,,,,,,,,,
control,control_26,2004-02-25,1440,0,428.2548611111111,438.9683988451822,0.2659722222222222,357.0,0.0,662.0,1,35-39,09:00:00,13.0,,,,,,,,,,,,,,,,,,,,,,,,,,,,,,,,,,
control,control_26,2004-02-26,1440,0,351.3986111111111,420.4165982798278,0.34652777777777777,201.0,0.0,600.0,1,35-39,09:00:00,13.0,,,,,,,,,,,,,,,,,,,,,,,,,,,,,,,,,,
control,control_26,2004-02-27,1440,0,469.38194444444446,519.0419552797862,0.24513888888888888,357.0,3.0,776.0,1,35-39,09:00:00,13.0,,,,,,,,,,,,,,,,,,,,,,,,,,,,,,,,,,
control,control_26,2004-02-28,1440,0,388.1277777777778,502.5029370345959,0.3590277777777778,201.0,0.0,640.0,1,35-39,09:00:00,13.0,,,,,,,,,,,,,,,,,,,,,,,,,,,,,,,,,,
control,control_26,2004-02-29,1440,0,362.99583333333334,528.0932840410921,0.3701388888888889,103.0,0.0,564.0,1,35-39,09:00:00,13.0,,,,,,,,,,,,,,,,,,,,,,,,,,,,,,,,,,
control,control_26,2004-03-01,1440,0,407.89722222222224,573.0981523391139,0.3888888888888889,131.0,0.0,640.0,1,35-39,09:00:00,13.0,,,,,,,,,,,,,,,,,,,,,,,,,,,,,,,,,,
control,control_26,2004-03-02,1440,0,358.4243055555556,473.03185216139514,0.3486111111111111,168.0,0.0,564.0,1,35-39,09:00:00,13.0,,,,,,,,,,,,,,,,,,,,,,,,,,,,,,,,,,
control,control_26,2004-03-03,1440,0,324.38125,405.0888600166001,0.26180555555555557,188.0,0.0,495.0,1,35-39,09:00:00,13.0,,,,,,,,,,,,,,,,,,,,,,,,,,,,,,,,,,
control,control_26,2004-03-04,1440,0,295.5083333333333,379.0427635468355,0.3548611111111111,138.5,0.0,512.0,1,35-39,09:00:00,13.0,,,,,,,,,,,,,,,,,,,,,,,,,,,,,,,,,,
control,control_26,2004-03-05,1440,0,351.0340277777778,420.7769395652382,0.33055555555555555,188.0,0.0,582.0,1,35-39,09:00:00,13.0,,,,,,,,,,,,,,,,,,,,,,,,,,,,,,,,,,
control,control_26,2004-03-06,1440,0,339.3833333333333,427.15931876890045,0.29930555555555555,194.0,0.0,495.0,1,35-39,09:00:00,13.0,,,,,,,,,,,,,,,,,,,,,,,,,,,,,,,,,,
control,control_26,2004-03-07,1440,0,292.1402777777778,409.6165599136324,0.3625,106.0,0.0,449.0,1,35-39,09:00:00,13.0,,,,,,,,,,,,,,,,,,,,,,,,,,,,,,,,,,
control,control_26,2004-03-08,1440,0,344.30694444444447,471.1645784137159,0.3840277777777778,131.0,0.0,545.0,1,35-39,09:00:00,13.0,,,,,,,,,,,,,,,,,,,,,,,,,,,,,,,,,,
control,control_26,2004-03-09,1440,0,304.44444444444446,566.7152966606211,0.6041666666666666,0.0,0.0,394.0,1,35-39,09:00:00,13.0,,,,,,,,,,,,,,,,,,,,,,,,,,,,,,,,,,
control,control_26,2004-03-10,1440,0,0.034722222222222224,1.0125133362938186,0.9979166666666667,0.0,0.0,0.0,1,35-39,09:00:00,13.0,,,,,,,,,,,,,,,,,,,,,,,,,,,,,,,,,,
control,control_26,2004-03-11,1440,0,0.04375,1.1037322258541193,0.9979166666666667,0.0,0.0,0.0,1,35-39,09:00:00,13.0,,,,,,,,,,,,,,,,,,,,,,,,,,,,,,,,,,
control,control_26,2004-03-12,1440,0,0.10625,2.9217507772167473,0.9979166666666667,0.0,0.0,0.0,1,35-39,09:00:00,13.0,,,,,,,,,,,,,,,,,,,,,,,,,,,,,,,,,,
control,control_26,2004-03-13,1440,0,0.02638888888888889,0.5898429771170637,0.9972222222222222,0.0,0.0,0.0,1,35-39,09:00:00,13.0,,,,,,,,,,,,,,,,,,,,,,,,,,,,,,,,,,
control,control_26,2004-03-15,1440,0,1.2041666666666666,23.5295614157312,0.9916666666666667,0.0,0.0,0.0,1,35-39,09:00:00,13.0,,,,,,,,,,,,,,,,,,,,,,,,,,,,,,,,,,
control,control_26,2004-03-16,1440,0,15.655555555555555,80.75732317823307,0.8604166666666667,0.0,0.0,0.0,1,35-39,09:00:00,13.0,,,,,,,,,,,,,,,,,,,,,,,,,,,,,,,,,,
control,control_26,2004-03-17,1440,0,14.78888888888889,107.45336140178776,0.625,0.0,0.0,3.0,1,35-39,09:00:00,13.0,,,,,,,,,,,,,,,,,,,,,,,,,,,,,,,,,,
control,control_27,2005-11-08,1440,0,275.6743055555556,362.38704969167975,0.2791666666666667,120.0,0.0,411.0,2,50-54,08:10:00,13.0,,,,,,,,,,,,,,,,,,,,,,,,,,,,,,,,,,
control,control_27,2005-11-09,1440,0,267.0076388888889,383.94884363021686,0.2798611111111111,102.0,0.0,361.0,2,50-54,08:10:00,13.0,,,,,,,,,,,,,,,,,,,,,,,,,,,,,,,,,,
control,control_27,2005-11-10,1440,0,289.86875,384.48079907424614,0.30069444444444443,130.0,0.0,425.0,2,50-54,08:10:00,13.0,,,,,,,,,,,,,,,,,,,,,,,,,,,,,,,,,,
control,control_27,2005-11-11,1440,0,279.23055555555555,387.06911299278926,0.28888888888888886,107.0,0.0,411.0,2,50-54,08:10:00,13.0,,,,,,,,,,,,,,,,,,,,,,,,,,,,,,,,,,
control,control_27,2005-11-12,1440,0,339.19444444444446,473.2507363053757,0.33125,132.0,0.0,517.0,2,50-54,08:10:00,13.0,,,,,,,,,,,,,,,,,,,,,,,,,,,,,,,,,,
control,control_27,2005-11-13,1440,0,290.24444444444447,421.90315828295934,0.3625,79.0,0.0,425.0,2,50-54,08:10:00,13.0,,,,,,,,,,,,,,,,,,,,,,,,,,,,,,,,,,
control,control_27,2005-11-14,1440,0,302.2986111111111,413.68127794268526,0.2861111111111111,139.0,0.0,428.5,2,50-54,08:10:00,13.0,,,,,,,,,,,,,,,,,,,,,,,,,,,,,,,,,,
control,control_27,2005-11-15,1440,0,330.3,472.6397547580798,0.3034722222222222,125.0,0.0,485.0,2,50-54,08:10:00,13.0,,,,,,,,,,,,,,,,,,,,,,,,,,,,,,,,,,
control,control_27,2005-11-16,1440,0,305.1041666666667,447.5557075622294,0.30625,111.0,0.0,469.0,2,50-54,08:10:00,13.0,,,,,,,,,,,,,,,,,,,,,,,,,,,,,,,,,,
control,control_27,2005-11-17,1440,0,357.5736111111111,451.27551497365516,0.2722222222222222,178.0,0.0,537.25,2,50-54,08:10:00,13.0,,,,,,,,,,,,,,,,,,,,,,,,,,,,,,,,,,
control,control_27,2005-11-18,1440,0,375.1347222222222,442.48805685694384,0.24861111111111112,235.0,3.0,568.0,2,50-54,08:10:00,13.0,,,,,,,,,,,,,,,,,,,,,,,,,,,,,,,,,,
control,control_27,2005-11-19,1440,0,417.6770833333333,515.1267271559319,0.2965277777777778,178.0,0.0,689.0,2,50-54,08:10:00,13.0,,,,,,,,,,,,,,,,,,,,,,,,,,,,,,,,,,
control,control_27,2005-11-20,1440,0,274.3590277777778,448.0772978505548,0.3770833333333333,52.0,0.0,373.0,2,50-54,08:10:00,13.0,,,,,,,,,,,,,,,,,,,,,,,,,,,,,,,,,,
control,control_28,2006-01-21,1440,0,354.41180555555553,499.70366273930125,0.24930555555555556,168.0,3.0,495.0,2,45-49,10:00:00,16.0,,,,,,,,,,,,,,,,,,,,,,,,,,,,,,,,,,
control,control_28,2006-01-22,1440,0,312.59583333333336,404.0292040934871,0.25416666666666665,161.0,0.0,479.0,2,45-49,10:00:00,16.0,,,,,,,,,,,,,,,,,,,,,,,,,,,,,,,,,,
control,control_28,2006-01-23,1440,0,312.6326388888889,403.84911293456656,0.24305555555555555,151.0,3.0,479.0,2,45-49,10:00:00,16.0,,,,,,,,,,,,,,,,,,,,,,,,,,,,,,,,,,
control,control_28,2006-01-24,1440,0,303.20416666666665,400.71001912490703,0.2388888888888889,156.0,8.0,434.0,2,45-49,10:00:00,16.0,,,,,,,,,,,,,,,,,,,,,,,,,,,,,,,,,,
control,control_28,2006-01-25,1440,0,246.10208333333333,387.9335853755465,0.25,83.0,2.25,313.0,2,45-49,10:00:00,16.0,,,,,,,,,,,,,,,,,,,,,,,,,,,,,,,,,,
control,control_28,2006-01-26,1440,0,203.68194444444444,346.22562321988374,0.3,73.0,0.0,231.0,2,45-49,10:00:00,16.0,,,,,,,,,,,,,,,,,,,,,,,,,,,,,,,,,,
control,control_28,2006-01-27,1440,0,257.8333333333333,404.0853217109256,0.24444444444444444,100.0,3.0,334.0,2,45-49,10:00:00,16.0,,,,,,,,,,,,,,,,,,,,,,,,,,,,,,,,,,
control,control_28,2006-01-28,1440,0,319.0361111111111,450.7042823014627,0.21736111111111112,156.0,12.0,464.0,2,45-49,10:00:00,16.0,,,,,,,,,,,,,,,,,,,,,,,,,,,,,,,,,,
control,control_28,2006-01-29,1440,0,241.92152777777778,349.72857742810794,0.2986111111111111,90.0,0.0,357.0,2,45-49,10:00:00,16.0,,,,,,,,,,,,,,,,,,,,,,,,,,,,,,,,,,
control,control_28,2006-01-30,1440,0,373.01875,454.4235729759354,0.22916666666666666,214.0,8.0,545.0,2,45-49,10:00:00,16.0,,,,,,,,,,,,,,,,,,,,,,,,,,,,,,,,,,
control,control_28,2006-01-31,1440,0,298.0527777777778,415.5510230646313,0.24097222222222223,111.0,3.0,449.0,2,45-49,10:00:00,16.0,,,,,,,,,,,,,,,,,,,,,,,,,,,,,,,,,,
control,control_28,2006-02-01,1440,0,291.1638888888889,378.75533670811365,0.2673611111111111,146.0,0.0,449.0,2,45-49,10:00:00,16.0,,,,,,,,,,,,,,,,,,,,,,,,,,,,,,,,,,
control,control_28,2006-02-02,1440,0,318.5388888888889,448.03685350511677,0.29930555555555555,111.0,0.0,499.25,2,45-49,10:00:00,16.0,,,,,,,,,,,,,,,,,,,,,,,,,,,,,,,,,,
control,control_28,2006-02-03,1440,0,315.89444444444445,407.9460458909054,0.2326388888888889,156.0,10.0,479.0,2,45-49,10:00:00,16.0,,,,,,,,,,,,,,,,,,,,,,,,,,,,,,,,,,
control,control_28,2006-02-04,1440,0,254.575,341.9090602574186,0.2708333333333333,123.5,0.0,369.0,2,45-49,10:00:00,16.0,,,,,,,,,,,,,,,,,,,,,,,,,,,,,,,,,,
control,control_28,2006-02-05,1440,0,268.83680555555554,382.5028981819266,0.24930555555555556,126.0,3.0,381.0,2,45-49,10:00:00,16.0,,,,,,,,,,,,,,,,,,,,,,,,,,,,,,,,,,
control,control_29,2006-01-07,1440,0,313.3097222222222,474.25606645792635,0.2965277777777778,102.0,0.0,439.0,2,50-54,10:00:00,13.0,,,,,,,,,,,,,,,,,,,,,,,,,,,,,,,,,,
control,control_29,2006-01-08,1440,0,233.87430555555557,383.9042779360153,0.36666666666666664,49.0,0.0,298.5,2,50-54,10:00:00,13.0,,,,,,,,,,,,,,,,,,,,,,,,,,,,,,,,,,
control,control_29,2006-01-09,1440,0,300.2006944444444,396.1807571811494,0.29930555555555555,166.0,0.0,439.0,2,50-54,10:00:00,13.0,,,,,,,,,,,,,,,,,,,,,,,,,,,,,,,,,,
control,control_29,2006-01-10,1440,0,259.1694444444444,363.95698640807393,0.3104166666666667,120.0,0.0,373.0,2,50-54,10:00:00,13.0,,,,,,,,,,,,,,,,,,,,,,,,,,,,,,,,,,
control,control_29,2006-01-11,1440,0,240.44375,345.2636406547318,0.3347222222222222,82.0,0.0,373.0,2,50-54,10:00:00,13.0,,,,,,,,,,,,,,,,,,,,,,,,,,,,,,,,,,
control,control_29,2006-01-12,1440,0,306.1465277777778,397.89926496211086,0.29930555555555555,178.0,0.0,454.0,2,50-54,10:00:00,13.0,,,,,,,,,,,,,,,,,,,,,,,,,,,,,,,,,,
control,control_29,2006-01-13,1440,0,271.0173611111111,379.97631191333295,0.3104166666666667,125.0,0.0,411.0,2,50-54,10:00:00,13.0,,,,,,,,,,,,,,,,,,,,,,,,,,,,,,,,,,
control,control_29,2006-01-14,1440,0,304.66180555555553,421.25713173925544,0.3145833333333333,166.0,0.0,411.0,2,50-54,10:00:00,13.0,,,,,,,,,,,,,,,,,,,,,,,,,,,,,,,,,,
control,control_29,2006-01-15,1440,0,249.70763888888888,376.13958505008134,0.4173611111111111,61.0,0.0,373.0,2,50-54,10:00:00,13.0,,,,,,,,,,,,,,,,,,,,,,,,,,,,,,,,,,
control,control_29,2006-01-16,1440,0,292.1277777777778,394.86302696217126,0.2923611111111111,154.0,0.0,398.0,2,50-54,10:00:00,13.0,,,,,,,,,,,,,,,,,,,,,,,,,,,,,,,,,,
control,control_29,2006-01-17,1440,0,242.05902777777777,363.6440108878604,0.3159722222222222,107.0,0.0,306.0,2,50-54,10:00:00,13.0,,,,,,,,,,,,,,,,,,,,,,,,,,,,,,,,,,
control,control_29,2006-01-18,1440,0,371.9763888888889,492.8518069452339,0.29305555555555557,166.0,0.0,587.0,2,50-54,10:00:00,13.0,,,,,,,,,,,,,,,,,,,,,,,,,,,,,,,,,,
control,control_29,2006-01-19,1440,0,260.3277777777778,391.95927304810004,0.3020833333333333,88.0,0.0,319.75,2,50-54,10:00:00,13.0,,,,,,,,,,,,,,,,,,,,,,,,,,,,,,,,,,
control,control_29,2006-01-20,1440,0,84.575,265.99204757849435,0.25277777777777777,5.0,0.0,6.0,2,50-54,10:00:00,13.0,,,,,,,,,,,,,,,,,,,,,,,,,,,,,,,,,,
control,control_29,2006-01-21,1440,0,6.353472222222222,1.051151035402808,0.0,6.0,6.0,6.0,2,50-54,10:00:00,13.0,,,,,,,,,,,,,,,,,,,,,,,,,,,,,,,,,,
control,control_29,2006-01-22,1440,0,7.916666666666667,0.6718548123582124,0.0,8.0,8.0,8.0,2,50-54,10:00:00,13.0,,,,,,,,,,,,,,,,,,,,,,,,,,,,,,,,,,
control,control_3,2002-11-07,1440,0,190.93958333333333,277.1564161059875,0.4708333333333333,25.5,0.0,316.0,2,30-34,15:00:00,12.0,,,,,,,,,,,,,,,,,,,,,,,,,,,,,,,,,,
control,control_3,2002-11-08,1440,0,249.86041666666668,343.39592566961693,0.325,107.0,0.0,372.0,2,30-34,15:00:00,12.0,,,,,,,,,,,,,,,,,,,,,,,,,,,,,,,,,,
control,control_3,2002-11-09,1440,0,300.2013888888889,435.8148383561582,0.35208333333333336,134.0,0.0,453.0,2,30-34,15:00:00,12.0,,,,,,,,,,,,,,,,,,,,,,,,,,,,,,,,,,
control,control_3,2002-11-10,1440,0,264.3513888888889,320.43222783758796,0.3451388888888889,166.0,0.0,424.0,2,30-34,15:00:00,12.0,,,,,,,,,,,,,,,,,,,,,,,,,,,,,,,,,,
control,control_3,2002-11-11,1440,0,322.9798611111111,388.7353859489378,0.26319444444444445,212.0,0.0,468.0,2,30-34,15:00:00,12.0,,,,,,,,,,,,,,,,,,,,,,,,,,,,,,,,,,
control,control_3,2002-11-12,1440,0,225.90902777777777,315.30555405590184,0.37777777777777777,99.0,0.0,337.0,2,30-34,15:00:00,12.0,,,,,,,,,,,,,,,,,,,,,,,,,,,,,,,,,,
control,control_3,2002-11-13,1440,0,279.5451388888889,349.4504942942286,0.30694444444444446,178.0,0.0,400.25,2,30-34,15:00:00,12.0,,,,,,,,,,,,,,,,,,,,,,,,,,,,,,,,,,
control,control_3,2002-11-14,1440,0,277.9243055555556,379.78401093884344,0.3173611111111111,121.0,0.0,424.0,2,30-34,15:00:00,12.0,,,,,,,,,,,,,,,,,,,,,,,,,,,,,,,,,,
control,control_3,2002-11-15,1440,0,290.40208333333334,372.91921804876745,0.30833333333333335,190.0,0.0,438.0,2,30-34,15:00:00,12.0,,,,,,,,,,,,,,,,,,,,,,,,,,,,,,,,,,
control,control_3,2002-11-16,1440,0,211.24791666666667,351.85280667504156,0.38472222222222224,45.0,0.0,306.0,2,30-34,15:00:00,12.0,,,,,,,,,,,,,,,,,,,,,,,,,,,,,,,,,,
control,control_3,2002-11-17,1440,0,194.14583333333334,285.70263213771176,0.4326388888888889,47.0,0.0,296.0,2,30-34,15:00:00,12.0,,,,,,,,,,,,,,,,,,,,,,,,,,,,,,,,,,
control,control_3,2002-11-18,1440,0,304.1875,388.02677221405884,0.33541666666666664,160.0,0.0,468.0,2,30-34,15:00:00,12.0,,,,,,,,,,,,,,,,,,,,,,,,,,,,,,,,,,
control,control_3,2002-11-19,1440,0,247.04097222222222,352.8150016717123,0.3215277777777778,112.0,0.0,360.0,2,30-34,15:00:00,12.0,,,,,,,,,,,,,,,,,,,,,,,,,,,,,,,,,,
control,control_3,2002-11-20,1440,0,136.2423611111111,327.0601057739534,0.6548611111111111,0.0,0.0,71.0,2,30-34,15:00:00,12.0,,,,,,,,,,,,,,,,,,,,,,,,,,,,,,,,,,
control,control_3,2002-11-21,1440,0,0.07847222222222222,2.091340053996628,0.9965277777777778,0.0,0.0,0.0,2,30-34,15:00:00,12.0,,,,,,,,,,,,,,,,,,,,,,,,,,,,,,,,,,
control,control_3,2002-11-22,1440,0,2.6875,37.925817348183514,0.9791666666666666,0.0,0.0,0.0,2,30-34,15:00:00,12.0,,,,,,,,,,,,,,,,,,,,,,,,,,,,,,,,,,
control,control_3,2002-11-25,1440,0,0.002777777777777778,0.1053726485466148,0.9993055555555556,0.0,0.0,0.0,2,30-34,15:00:00,12.0,,,,,,,,,,,,,,,,,,,,,,,,,,,,,,,,,,
control,control_3,2002-11-28,1440,0,0.14375,4.27129011784886,0.9951388888888889,0.0,0.0,0.0,2,30-34,15:00:00,12.0,,,,,,,,,,,,,,,,,,,,,,,,,,,,,,,,,,
control,control_3,2002-12-04,1440,0,0.0020833333333333333,0.07902948640996109,0.9993055555555556,0.0,0.0,0.0,2,30-34,15:00:00,12.0,,,,,,,,,,,,,,,,,,,,,,,,,,,,,,,,,,
control,control_3,2002-12-05,1440,0,0.004861111111111111,0.13167186757191734,0.9986111111111111,0.0,0.0,0.0,2,30-34,15:00:00,12.0,,,,,,,,,,,,,,,,,,,,,,,,,,,,,,,,,,
control,control_3,2002-12-10,1440,0,0.004861111111111111,0.18440213495657587,0.9993055555555556,0.0,0.0,0.0,2,30-34,15:00:00,12.0,,,,,,,,,,,,,,,,,,,,,,,,,,,,,,,,,,
control,control_3,2002-12-13,1440,0,0.009027777777777777,0.21551398331934948,0.9979166666666667,0.0,0.0,0.0,2,30-34,15:00:00,12.0,,,,,,,,,,,,,,,,,,,,,,,,,,,,,,,,,,
control,control_3,2002-12-16,1440,0,0.004166666666666667,0.15805897281992218,0.9993055555555556,0.0,0.0,0.0,2,30-34,15:00:00,12.0,,,,,,,,,,,,,,,,,,,,,,,,,,,,,,,,,,
control,control_3,2002-12-17,1440,0,0.0020833333333333333,0.07902948640996109,0.9993055555555556,0.0,0.0,0.0,2,30-34,15:00:00,12.0,,,,,,,,,,,,,,,,,,,,,,,,,,,,,,,,,,
control,control_3,2002-12-20,1440,0,0.004166666666666667,0.111725730648266,0.9986111111111111,0.0,0.0,0.0,2,30-34,15:00:00,12.0,,,,,,,,,,,,,,,,,,,,,,,,,,,,,,,,,,
control,control_30,2006-01-31,1440,0,159.84375,239.2814008241801,0.09375,53.0,3.0,219.0,2,35-39,12:30:00,9.0,,,,,,,,,,,,,,,,,,,,,,,,,,,,,,,,,,
control,control_30,2006-02-01,1440,0,297.62430555555557,363.18700393310695,0.07013888888888889,160.0,4.0,453.0,2,35-39,12:30:00,9.0,,,,,,,,,,,,,,,,,,,,,,,,,,,,,,,,,,
control,control_30,2006-02-02,1440,0,235.9701388888889,333.9412100163784,0.10902777777777778,103.0,3.0,337.0,2,35-39,12:30:00,9.0,,,,,,,,,,,,,,,,,,,,,,,,,,,,,,,,,,
control,control_30,2006-02-03,1440,0,231.91319444444446,354.32005320569203,0.125,57.5,3.0,327.0,2,35-39,12:30:00,9.0,,,,,,,,,,,,,,,,,,,,,,,,,,,,,,,,,,
control,control_30,2006-02-04,1440,0,222.16666666666666,359.44447492701227,0.07916666666666666,56.0,3.0,285.0,2,35-39,12:30:00,9.0,,,,,,,,,,,,,,,,,,,,,,,,,,,,,,,,,,
control,control_30,2006-02-05,1440,0,212.08194444444445,355.8445961630461,0.043055555555555555,50.0,3.0,261.25,2,35-39,12:30:00,9.0,,,,,,,,,,,,,,,,,,,,,,,,,,,,,,,,,,
control,control_30,2006-02-06,1440,0,174.85347222222222,342.578150129685,0.10138888888888889,15.0,3.0,175.0,2,35-39,12:30:00,9.0,,,,,,,,,,,,,,,,,,,,,,,,,,,,,,,,,,
control,control_30,2006-02-07,1440,0,212.48541666666668,332.97514473237885,0.03888888888888889,77.0,3.0,296.0,2,35-39,12:30:00,9.0,,,,,,,,,,,,,,,,,,,,,,,,,,,,,,,,,,
control,control_30,2006-02-08,1440,0,207.60694444444445,330.21609668114337,0.0625,47.0,3.0,285.0,2,35-39,12:30:00,9.0,,,,,,,,,,,,,,,,,,,,,,,,,,,,,,,,,,
control,control_30,2006-02-09,1440,0,26.927777777777777,77.201830041317,0.007638888888888889,27.0,5.5,27.0,2,35-39,12:30:00,9.0,,,,,,,,,,,,,,,,,,,,,,,,,,,,,,,,,,
control,control_30,2006-02-10,1440,0,273.0,461.02259223985493,0.03194444444444444,66.5,3.0,337.0,2,35-39,12:30:00,9.0,,,,,,,,,,,,,,,,,,,,,,,,,,,,,,,,,,
control,control_30,2006-02-11,1440,0,298.81875,484.0342329590081,0.075,74.0,3.0,384.0,2,35-39,12:30:00,9.0,,,,,,,,,,,,,,,,,,,,,,,,,,,,,,,,,,
control,control_30,2006-02-12,1440,0,289.61319444444445,373.39434727363863,0.03819444444444445,138.0,3.0,453.0,2,35-39,12:30:00,9.0,,,,,,,,,,,,,,,,,,,,,,,,,,,,,,,,,,
control,control_30,2006-02-13,1440,0,221.20138888888889,337.81113394956833,0.03680555555555556,59.0,3.0,306.0,2,35-39,12:30:00,9.0,,,,,,,,,,,,,,,,,,,,,,,,,,,,,,,,,,
control,control_31,2003-03-19,1440,0,402.76666666666665,739.753803640103,0.36875,40.0,0.0,487.0,1,20-24,15:00:00,13.0,,,,,,,,,,,,,,,,,,,,,,,,,,,,,,,,,,
control,control_31,2003-03-20,1440,0,267.15694444444443,422.7020904997819,0.3263888888888889,55.0,0.0,354.0,1,20-24,15:00:00,13.0,,,,,,,,,,,,,,,,,,,,,,,,,,,,,,,,,,
control,control_31,2003-03-21,1440,0,299.2916666666667,446.65609867784303,0.3326388888888889,115.0,0.0,377.0,1,20-24,15:00:00,13.0,,,,,,,,,,,,,,,,,,,,,,,,,,,,,,,,,,
control,control_31,2003-03-22,1440,0,346.6736111111111,482.56954924568345,0.3541666666666667,127.0,0.0,520.0,1,20-24,15:00:00,13.0,,,,,,,,,,,,,,,,,,,,,,,,,,,,,,,,,,
control,control_31,2003-03-23,1440,0,257.4972222222222,453.3380989247742,0.3527777777777778,66.0,0.0,342.0,1,20-24,15:00:00,13.0,,,,,,,,,,,,,,,,,,,,,,,,,,,,,,,,,,
control,control_31,2003-03-24,1440,0,434.43333333333334,775.1917099803262,0.32916666666666666,137.0,0.0,520.0,1,20-24,15:00:00,13.0,,,,,,,,,,,,,,,,,,,,,,,,,,,,,,,,,,
control,control_31,2003-03-25,1440,0,300.71319444444447,446.87764960310506,0.32430555555555557,127.0,0.0,365.0,1,20-24,15:00:00,13.0,,,,,,,,,,,,,,,,,,,,,,,,,,,,,,,,,,
control,control_31,2003-03-26,1440,0,414.30347222222224,489.4084044811986,0.30069444444444443,247.0,0.0,669.0,1,20-24,15:00:00,13.0,,,,,,,,,,,,,,,,,,,,,,,,,,,,,,,,,,
control,control_31,2003-03-27,1440,0,284.4847222222222,446.864439785006,0.3611111111111111,69.0,0.0,390.0,1,20-24,15:00:00,13.0,,,,,,,,,,,,,,,,,,,,,,,,,,,,,,,,,,
control,control_31,2003-03-28,1440,0,454.2611111111111,536.2124292861811,0.3277777777777778,213.5,0.0,809.0,1,20-24,15:00:00,13.0,,,,,,,,,,,,,,,,,,,,,,,,,,,,,,,,,,
control,control_31,2003-03-29,1440,0,542.5638888888889,521.6472707537887,0.25763888888888886,479.5,0.0,861.0,1,20-24,15:00:00,13.0,,,,,,,,,,,,,,,,,,,,,,,,,,,,,,,,,,
control,control_31,2003-03-31,1440,0,338.56458333333336,492.68381369133436,0.2972222222222222,98.0,0.0,503.0,1,20-24,15:00:00,13.0,,,,,,,,,,,,,,,,,,,,,,,,,,,,,,,,,,
control,control_31,2003-04-01,1440,0,284.91805555555555,466.39723943412736,0.4618055555555556,11.0,0.0,429.0,1,20-24,15:00:00,13.0,,,,,,,,,,,,,,,,,,,,,,,,,,,,,,,,,,
control,control_31,2003-04-02,1440,0,0.05486111111111111,1.0350342091173652,0.9958333333333333,0.0,0.0,0.0,1,20-24,15:00:00,13.0,,,,,,,,,,,,,,,,,,,,,,,,,,,,,,,,,,
control,control_31,2003-04-03,1440,0,0.43194444444444446,9.951107230254564,0.9930555555555556,0.0,0.0,0.0,1,20-24,15:00:00,13.0,,,,,,,,,,,,,,,,,,,,,,,,,,,,,,,,,,
control,control_31,2003-04-04,1440,0,0.00625,0.23708845922988317,0.9993055555555556,0.0,0.0,0.0,1,20-24,15:00:00,13.0,,,,,,,,,,,,,,,,,,,,,,,,,,,,,,,,,,
control,control_31,2003-04-05,1440,0,0.02013888888888889,0.7131775395594695,0.9986111111111111,0.0,0.0,0.0,1,20-24,15:00:00,13.0,,,,,,,,,,,,,,,,,,,,,,,,,,,,,,,,,,
control,control_31,2003-04-06,1440,0,0.013194444444444444,0.2510385450090223,0.9965277777777778,0.0,0.0,0.0,1,20-24,15:00:00,13.0,,,,,,,,,,,,,,,,,,,,,,,,,,,,,,,,,,
control,control_31,2003-04-08,1440,0,35.45625,228.9901490538737,0.9618055555555556,0.0,0.0,0.0,1,20-24,15:00:00,13.0,,,,,,,,,,,,,,,,,,,,,,,,,,,,,,,,,,
control,control_31,2003-04-10,1440,0,4.710416666666666,66.84942784051458,0.9930555555555556,0.0,0.0,0.0,1,20-24,15:00:00,13.0,,,,,,,,,,,,,,,,,,,,,,,,,,,,,,,,,,
control,control_31,2003-04-16,1440,0,0.011805555555555555,0.31710419943997764,0.9986111111111111,0.0,0.0,0.0,1,20-24,15:00:00,13.0,,,,,,,,,,,,,,,,,,,,,,,,,,,,,,,,,,
control,control_32,2003-03-19,1440,0,114.11805555555556,241.69763584693357,0.4930555555555556,2.0,0.0,96.0,2,25-29,15:00:00,14.0,,,,,,,,,,,,,,,,,,,,,,,,,,,,,,,,,,
control,control_32,2003-03-20,1440,0,146.17430555555555,250.20288885181864,0.3645833333333333,36.0,0.0,158.0,2,25-29,15:00:00,14.0,,,,,,,,,,,,,,,,,,,,,,,,,,,,,,,,,,
control,control_32,2003-03-21,1440,0,128.98611111111111,251.97338059668323,0.4131944444444444,13.0,0.0,128.0,2,25-29,15:00:00,14.0,,,,,,,,,,,,,,,,,,,,,,,,,,,,,,,,,,
control,control_32,2003-03-22,1440,0,158.27916666666667,276.73928737547067,0.3875,27.0,0.0,193.0,2,25-29,15:00:00,14.0,,,,,,,,,,,,,,,,,,,,,,,,,,,,,,,,,,
control,control_32,2003-03-23,1440,0,146.49166666666667,270.71630022651635,0.40694444444444444,14.0,0.0,147.0,2,25-29,15:00:00,14.0,,,,,,,,,,,,,,,,,,,,,,,,,,,,,,,,,,
control,control_32,2003-03-24,1440,0,135.98055555555555,295.75482227630937,0.5069444444444444,0.0,0.0,99.0,2,25-29,15:00:00,14.0,,,,,,,,,,,,,,,,,,,,,,,,,,,,,,,,,,
control,control_32,2003-03-25,1440,0,194.86458333333334,334.46214969558673,0.29930555555555555,35.0,0.0,187.75,2,25-29,15:00:00,14.0,,,,,,,,,,,,,,,,,,,,,,,,,,,,,,,,,,
control,control_32,2003-03-26,1440,0,173.8,311.8712635046711,0.4486111111111111,11.5,0.0,200.75,2,25-29,15:00:00,14.0,,,,,,,,,,,,,,,,,,,,,,,,,,,,,,,,,,
control,control_32,2003-03-27,1440,0,242.78333333333333,397.8131247485711,0.3277777777777778,57.0,0.0,326.0,2,25-29,15:00:00,14.0,,,,,,,,,,,,,,,,,,,,,,,,,,,,,,,,,,
control,control_32,2003-03-28,1440,0,195.5951388888889,279.8118402580416,0.27152777777777776,72.0,0.0,276.0,2,25-29,15:00:00,14.0,,,,,,,,,,,,,,,,,,,,,,,,,,,,,,,,,,
control,control_32,2003-03-29,1440,0,173.5222222222222,297.9252531267151,0.3902777777777778,31.0,0.0,227.0,2,25-29,15:00:00,14.0,,,,,,,,,,,,,,,,,,,,,,,,,,,,,,,,,,
control,control_32,2003-03-31,1440,0,202.8,310.2646813609309,0.33055555555555555,69.0,0.0,251.0,2,25-29,15:00:00,14.0,,,,,,,,,,,,,,,,,,,,,,,,,,,,,,,,,,
control,control_32,2003-04-01,1440,0,145.97708333333333,258.5653531236107,0.4173611111111111,25.0,0.0,158.0,2,25-29,15:00:00,14.0,,,,,,,,,,,,,,,,,,,,,,,,,,,,,,,,,,
control,control_32,2003-04-02,1440,0,7.928472222222222,82.5461219251887,0.9791666666666666,0.0,0.0,0.0,2,25-29,15:00:00,14.0,,,,,,,,,,,,,,,,,,,,,,,,,,,,,,,,,,
control,control_32,2003-04-03,1440,0,0.46041666666666664,11.105983864753572,0.9965277777777778,0.0,0.0,0.0,2,25-29,15:00:00,14.0,,,,,,,,,,,,,,,,,,,,,,,,,,,,,,,,,,
control,control_32,2003-04-04,1440,0,38.40902777777778,204.8564234385995,0.9381944444444444,0.0,0.0,0.0,2,25-29,15:00:00,14.0,,,,,,,,,,,,,,,,,,,,,,,,,,,,,,,,,,
control,control_32,2003-04-07,1440,0,0.024305555555555556,0.9220106747828795,0.9993055555555556,0.0,0.0,0.0,2,25-29,15:00:00,14.0,,,,,,,,,,,,,,,,,,,,,,,,,,,,,,,,,,
control,control_32,2003-04-08,1440,0,0.035416666666666666,1.291853145141161,0.9986111111111111,0.0,0.0,0.0,2,25-29,15:00:00,14.0,,,,,,,,,,,,,,,,,,,,,,,,,,,,,,,,,,
control,control_32,2003-04-10,1440,0,3.3090277777777777,45.55868836090319,0.99375,0.0,0.0,0.0,2,25-29,15:00:00,14.0,,,,,,,,,,,,,,,,,,,,,,,,,,,,,,,,,,
control,control_32,2003-04-16,1440,0,0.009722222222222222,0.2836565422313,0.9986111111111111,0.0,0.0,0.0,2,25-29,15:00:00,14.0,,,,,,,,,,,,,,,,,,,,,,,,,,,,,,,,,,
control,control_4,2002-10-28,1440,0,177.7111111111111,336.1348933734935,0.4583333333333333,18.0,0.0,194.0,1,25-29,15:00:00,13.0,,,,,,,,,,,,,,,,,,,,,,,,,,,,,,,,,,
control,control_4,2002-10-29,1440,0,204.55694444444444,380.6358161485963,0.44583333333333336,18.0,0.0,223.0,1,25-29,15:00:00,13.0,,,,,,,,,,,,,,,,,,,,,,,,,,,,,,,,,,
control,control_4,2002-10-30,1440,0,232.47708333333333,428.6736417619972,0.4284722222222222,26.0,0.0,248.0,1,25-29,15:00:00,13.0,,,,,,,,,,,,,,,,,,,,,,,,,,,,,,,,,,
control,control_4,2002-10-31,1440,0,216.83402777777778,423.6064467861378,0.4513888888888889,20.0,0.0,214.0,1,25-29,15:00:00,13.0,,,,,,,,,,,,,,,,,,,,,,,,,,,,,,,,,,
control,control_4,2002-11-01,1440,0,137.7173611111111,306.2714799337575,0.4708333333333333,8.0,0.0,141.0,1,25-29,15:00:00,13.0,,,,,,,,,,,,,,,,,,,,,,,,,,,,,,,,,,
control,control_4,2002-11-02,1440,0,151.07638888888889,312.3278187849425,0.4444444444444444,12.0,0.0,131.0,1,25-29,15:00:00,13.0,,,,,,,,,,,,,,,,,,,,,,,,,,,,,,,,,,
control,control_4,2002-11-03,1440,0,218.88888888888889,367.996726116006,0.375,50.0,0.0,283.0,1,25-29,15:00:00,13.0,,,,,,,,,,,,,,,,,,,,,,,,,,,,,,,,,,
control,control_4,2002-11-04,1440,0,261.8201388888889,399.56038899712803,0.25625,100.0,0.0,322.0,1,25-29,15:00:00,13.0,,,,,,,,,,,,,,,,,,,,,,,,,,,,,,,,,,
control,control_4,2002-11-05,1440,0,279.72291666666666,436.94992279480033,0.33958333333333335,96.0,0.0,357.0,1,25-29,15:00:00,13.0,,,,,,,,,,,,,,,,,,,,,,,,,,,,,,,,,,
control,control_4,2002-11-06,1440,0,201.8527777777778,423.6625481612768,0.42083333333333334,30.0,0.0,208.0,1,25-29,15:00:00,13.0,,,,,,,,,,,,,,,,,,,,,,,,,,,,,,,,,,
control,control_4,2002-11-07,1440,0,206.12847222222223,392.50556014518844,0.4756944444444444,8.0,0.0,231.0,1,25-29,15:00:00,13.0,,,,,,,,,,,,,,,,,,,,,,,,,,,,,,,,,,
control,control_4,2002-11-08,1440,0,186.93402777777777,353.56086103133845,0.4284722222222222,22.0,0.0,214.0,1,25-29,15:00:00,13.0,,,,,,,,,,,,,,,,,,,,,,,,,,,,,,,,,,
control,control_4,2002-11-09,1440,0,163.1923611111111,334.88171389724835,0.4388888888888889,20.0,0.0,168.0,1,25-29,15:00:00,13.0,,,,,,,,,,,,,,,,,,,,,,,,,,,,,,,,,,
control,control_4,2002-11-10,1440,0,111.67777777777778,302.47135136250796,0.45,3.0,0.0,3.0,1,25-29,15:00:00,13.0,,,,,,,,,,,,,,,,,,,,,,,,,,,,,,,,,,
control,control_4,2002-11-11,1440,0,2.1881944444444446,1.353493244235581,0.27291666666666664,3.0,0.0,3.0,1,25-29,15:00:00,13.0,,,,,,,,,,,,,,,,,,,,,,,,,,,,,,,,,,
control,control_4,2002-11-12,1440,0,4.226388888888889,8.370176771257508,0.0,3.0,3.0,5.0,1,25-29,15:00:00,13.0,,,,,,,,,,,,,,,,,,,,,,,,,,,,,,,,,,
control,control_4,2002-11-13,1440,0,3.025,0.49937460888595464,0.0,3.0,3.0,3.0,1,25-29,15:00:00,13.0,,,,,,,,,,,,,,,,,,,,,,,,,,,,,,,,,,
control,control_4,2002-11-14,1440,0,2.3097222222222222,1.460561129062524,0.24097222222222223,3.0,3.0,3.0,1,25-29,15:00:00,13.0,,,,,,,,,,,,,,,,,,,,,,,,,,,,,,,,,,
control,control_4,2002-11-15,1440,0,45.322916666666664,182.38354511956922,0.2951388888888889,3.0,0.0,3.0,1,25-29,15:00:00,13.0,,,,,,,,,,,,,,,,,,,,,,,,,,,,,,,,,,
control,control_4,2002-11-16,1440,0,0.6659722222222222,19.844505477987983,0.9743055555555555,0.0,0.0,0.0,1,25-29,15:00:00,13.0,,,,,,,,,,,,,,,,,,,,,,,,,,,,,,,,,,
control,control_4,2002-11-17,1440,0,4.614583333333333,31.243944899483232,0.6597222222222222,0.0,0.0,3.0,1,25-29,15:00:00,13.0,,,,,,,,,,,,,,,,,,,,,,,,,,,,,,,,,,
control,control_5,2003-02-06,1440,0,336.25694444444446,376.1643506524438,0.2916666666666667,227.0,0.0,537.25,1,30-34,15:00:00,13.0,,,,,,,,,,,,,,,,,,,,,,,,,,,,,,,,,,
control,control_5,2003-02-07,1440,0,362.9972222222222,400.26351562030777,0.2743055555555556,242.0,0.0,587.0,1,30-34,15:00:00,13.0,,,,,,,,,,,,,,,,,,,,,,,,,,,,,,,,,,
control,control_5,2003-02-08,1440,0,270.2729166666667,385.61740515098893,0.36180555555555555,94.0,0.0,401.25,1,30-34,15:00:00,13.0,,,,,,,,,,,,,,,,,,,,,,,,,,,,,,,,,,
control,control_5,2003-02-09,1440,0,253.28333333333333,360.8462915302181,0.3784722222222222,64.0,0.0,411.0,1,30-34,15:00:00,13.0,,,,,,,,,,,,,,,,,,,,,,,,,,,,,,,,,,
control,control_5,2003-02-10,1440,0,334.925,436.6093759331993,0.31666666666666665,116.0,0.0,587.0,1,30-34,15:00:00,13.0,,,,,,,,,,,,,,,,,,,,,,,,,,,,,,,,,,
control,control_5,2003-02-11,1440,0,340.4659722222222,403.00583323307876,0.2763888888888889,219.0,0.0,533.0,1,30-34,15:00:00,13.0,,,,,,,,,,,,,,,,,,,,,,,,,,,,,,,,,,
control,control_5,2003-02-12,1440,0,335.3673611111111,380.324607942906,0.2708333333333333,227.0,0.0,550.0,1,30-34,15:00:00,13.0,,,,,,,,,,,,,,,,,,,,,,,,,,,,,,,,,,
control,control_5,2003-02-13,1440,0,327.06458333333336,334.95548107355296,0.24375,250.0,7.5,517.0,1,30-34,15:00:00,13.0,,,,,,,,,,,,,,,,,,,,,,,,,,,,,,,,,,
control,control_5,2003-02-14,1440,0,324.0756944444444,408.216361434195,0.3298611111111111,141.0,0.0,568.0,1,30-34,15:00:00,13.0,,,,,,,,,,,,,,,,,,,,,,,,,,,,,,,,,,
control,control_5,2003-02-15,1440,0,341.01180555555555,453.2834905192285,0.34930555555555554,145.5,0.0,587.0,1,30-34,15:00:00,13.0,,,,,,,,,,,,,,,,,,,,,,,,,,,,,,,,,,
control,control_5,2003-02-16,1440,0,233.05069444444445,412.57317642122047,0.5006944444444444,0.0,0.0,306.0,1,30-34,15:00:00,13.0,,,,,,,,,,,,,,,,,,,,,,,,,,,,,,,,,,
control,control_5,2003-02-17,1440,0,263.5527777777778,387.0476409709441,0.3215277777777778,120.0,0.0,349.0,1,30-34,15:00:00,13.0,,,,,,,,,,,,,,,,,,,,,,,,,,,,,,,,,,
control,control_5,2003-02-18,1440,0,361.7625,428.7845521994246,0.2881944444444444,219.0,0.0,587.0,1,30-34,15:00:00,13.0,,,,,,,,,,,,,,,,,,,,,,,,,,,,,,,,,,
control,control_5,2003-02-19,1440,0,49.75555555555555,187.5663548431216,0.86875,0.0,0.0,0.0,1,30-34,15:00:00,13.0,,,,,,,,,,,,,,,,,,,,,,,,,,,,,,,,,,
control,control_5,2003-02-20,1440,0,0.8083333333333333,2.630628885520216,0.7652777777777777,0.0,0.0,0.0,1,30-34,15:00:00,13.0,,,,,,,,,,,,,,,,,,,,,,,,,,,,,,,,,,
control,control_5,2003-02-21,1440,0,1.4395833333333334,2.030452835029117,0.5375,0.0,0.0,3.0,1,30-34,15:00:00,13.0,,,,,,,,,,,,,,,,,,,,,,,,,,,,,,,,,,
control,control_5,2003-02-22,1440,0,2.948611111111111,0.5111243204814796,0.021527777777777778,3.0,3.0,3.0,1,30-34,15:00:00,13.0,,,,,,,,,,,,,,,,,,,,,,,,,,,,,,,,,,
control,control_5,2003-02-23,1440,0,3.4659722222222222,0.9084222582193783,0.0006944444444444445,3.0,3.0,3.0,1,30-34,15:00:00,13.0,,,,,,,,,,,,,,,,,,,,,,,,,,,,,,,,,,
control,control_5,2003-02-24,1440,0,3.717361111111111,2.9856096962743894,0.0,3.0,3.0,5.0,1,30-34,15:00:00,13.0,,,,,,,,,,,,,,,,,,,,,,,,,,,,,,,,,,
control,control_5,2003-02-25,1440,0,4.513888888888889,3.3069499859956366,0.0,5.0,3.0,5.0,1,30-34,15:00:00,13.0,,,,,,,,,,,,,,,,,,,,,,,,,,,,,,,,,,
control,control_5,2003-02-26,1440,0,18.135416666666668,83.14253404775407,0.3645833333333333,3.0,0.0,5.0,1,30-34,15:00:00,13.0,,,,,,,,,,,,,,,,,,,,,,,,,,,,,,,,,,
control,control_5,2003-02-27,1440,0,1.96875,1.4248766393972496,0.34375,3.0,0.0,3.0,1,30-34,15:00:00,13.0,,,,,,,,,,,,,,,,,,,,,,,,,,,,,,,,,,
control,control_5,2003-02-28,1440,0,3.5104166666666665,1.2331767214754294,0.050694444444444445,3.0,3.0,5.0,1,30-34,15:00:00,13.0,,,,,,,,,,,,,,,,,,,,,,,,,,,,,,,,,,
control,control_5,2003-03-01,1440,0,3.9319444444444445,0.9976815330344773,0.0,3.0,3.0,5.0,1,30-34,15:00:00,13.0,,,,,,,,,,,,,,,,,,,,,,,,,,,,,,,,,,
control,control_5,2003-03-02,1440,0,3.120138888888889,0.8701117314197763,0.035416666666666666,3.0,3.0,3.0,1,30-34,15:00:00,13.0,,,,,,,,,,,,,,,,,,,,,,,,,,,,,,,,,,
control,control_5,2003-03-03,1440,0,3.0,0.0,0.0,3.0,3.0,3.0,1,30-34,15:00:00,13.0,,,,,,,,,,,,,,,,,,,,,,,,,,,,,,,,,,
control,control_5,2003-03-04,1440,0,3.2291666666666665,0.637036868809194,0.0,3.0,3.0,3.0,1,30-34,15:00:00,13.0,,,,,,,,,,,,,,,,,,,,,,,,,,,,,,,,,,
control,control_5,2003-03-05,1440,0,18.316666666666666,77.0129390283073,0.024305555555555556,3.0,3.0,5.0,1,30-34,15:00:00,13.0,,,,,,,,,,,,,,,,,,,,,,,,,,,,,,,,,,
control,control_5,2003-03-06,1440,0,11.858333333333333,61.760407917298544,0.0,3.0,3.0,8.0,1,30-34,15:00:00,13.0,,,,,,,,,,,,,,,,,,,,,,,,,,,,,,,,,,
control,control_5,2003-03-07,1440,0,2.995833333333333,0.11172573064826603,0.001388888888888889,3.0,3.0,3.0,1,30-34,15:00:00,13.0,,,,,,,,,,,,,,,,,,,,,,,,,,,,,,,,,,
control,control_5,2003-03-08,1440,0,1.4458333333333333,1.4990216716986526,0.5180555555555556,0.0,0.0,3.0,1,30-34,15:00:00,13.0,,,,,,,,,,,,,,,,,,,,,,,,,,,,,,,,,,
control,control_5,2003-03-09,1440,0,1.4791666666666667,1.49985531709636,0.5069444444444444,0.0,0.0,3.0,1,30-34,15:00:00,13.0,,,,,,,,,,,,,,,,,,,,,,,,,,,,,,,,,,
control,control_6,2003-03-19,1440,0,320.58194444444445,471.0358991468782,0.29583333333333334,142.0,0.0,384.0,1,25-29,15:00:00,13.0,,,,,,,,,,,,,,,,,,,,,,,,,,,,,,,,,,
control,control_6,2003-03-20,1440,0,431.13680555555555,525.4266745341521,0.18194444444444444,232.0,38.0,624.0,1,25-29,15:00:00,13.0,,,,,,,,,,,,,,,,,,,,,,,,,,,,,,,,,,
control,control_6,2003-03-21,1440,0,390.7763888888889,525.9703611720001,0.2847222222222222,209.0,0.0,519.5,1,25-29,15:00:00,13.0,,,,,,,,,,,,,,,,,,,,,,,,,,,,,,,,,,
control,control_6,2003-03-22,1440,0,391.7986111111111,545.7806854998971,0.29583333333333334,182.0,0.0,483.0,1,25-29,15:00:00,13.0,,,,,,,,,,,,,,,,,,,,,,,,,,,,,,,,,,
control,control_6,2003-03-23,1440,0,320.93819444444443,520.8962451999502,0.29791666666666666,93.0,0.0,375.0,1,25-29,15:00:00,13.0,,,,,,,,,,,,,,,,,,,,,,,,,,,,,,,,,,
control,control_6,2003-03-24,1440,0,283.21527777777777,448.6939482665594,0.35625,86.0,0.0,336.0,1,25-29,15:00:00,13.0,,,,,,,,,,,,,,,,,,,,,,,,,,,,,,,,,,
control,control_6,2003-03-25,1440,0,338.0888888888889,483.8052786548747,0.3229166666666667,111.0,0.0,515.0,1,25-29,15:00:00,13.0,,,,,,,,,,,,,,,,,,,,,,,,,,,,,,,,,,
control,control_6,2003-03-26,1440,0,353.3979166666667,467.53690064836803,0.33541666666666664,157.0,0.0,586.0,1,25-29,15:00:00,13.0,,,,,,,,,,,,,,,,,,,,,,,,,,,,,,,,,,
control,control_6,2003-03-27,1440,0,353.39930555555554,466.8111795583186,0.28958333333333336,168.0,0.0,498.0,1,25-29,15:00:00,13.0,,,,,,,,,,,,,,,,,,,,,,,,,,,,,,,,,,
control,control_6,2003-03-28,1440,0,254.30416666666667,408.87757334272914,0.3659722222222222,86.0,0.0,294.0,1,25-29,15:00:00,13.0,,,,,,,,,,,,,,,,,,,,,,,,,,,,,,,,,,
control,control_6,2003-03-29,1440,0,361.2527777777778,525.2374529074716,0.38055555555555554,111.0,0.0,498.0,1,25-29,15:00:00,13.0,,,,,,,,,,,,,,,,,,,,,,,,,,,,,,,,,,
control,control_6,2003-03-31,1440,0,386.2055555555556,492.2632151854244,0.2048611111111111,195.0,12.0,550.0,1,25-29,15:00:00,13.0,,,,,,,,,,,,,,,,,,,,,,,,,,,,,,,,,,
control,control_6,2003-04-01,1440,0,50.22361111111111,236.79534060323974,0.4152777777777778,3.0,0.0,3.0,1,25-29,15:00:00,13.0,,,,,,,,,,,,,,,,,,,,,,,,,,,,,,,,,,
control,control_6,2003-04-02,1440,0,228.11041666666668,733.8061616987476,0.37916666666666665,3.0,0.0,5.0,1,25-29,15:00:00,13.0,,,,,,,,,,,,,,,,,,,,,,,,,,,,,,,,,,
control,control_6,2003-04-03,1440,0,171.4451388888889,519.5609001211532,0.010416666666666666,7.0,5.0,9.0,1,25-29,15:00:00,13.0,,,,,,,,,,,,,,,,,,,,,,,,,,,,,,,,,,
control,control_6,2003-04-04,1440,0,80.36666666666666,327.87710943109295,0.0,3.0,3.0,5.0,1,25-29,15:00:00,13.0,,,,,,,,,,,,,,,,,,,,,,,,,,,,,,,,,,
control,control_6,2003-04-05,1440,0,8.018055555555556,30.294498154637882,0.0,7.0,5.0,7.0,1,25-29,15:00:00,13.0,,,,,,,,,,,,,,,,,,,,,,,,,,,,,,,,,,
control,control_6,2003-04-06,1440,0,8.013194444444444,3.35749051723195,0.0,9.0,7.0,9.0,1,25-29,15:00:00,13.0,,,,,,,,,,,,,,,,,,,,,,,,,,,,,,,,,,
control,control_6,2003-04-07,1440,0,36.858333333333334,286.4783382105685,0.0,5.0,3.0,7.0,1,25-29,15:00:00,13.0,,,,,,,,,,,,,,,,,,,,,,,,,,,,,,,,,,
control,control_6,2003-04-08,1440,0,3.0277777777777777,0.4646450922245872,0.0,3.0,3.0,3.0,1,25-29,15:00:00,13.0,,,,,,,,,,,,,,,,,,,,,,,,,,,,,,,,,,
control,control_6,2003-04-09,1440,0,3.076388888888889,0.3833308172220161,0.0,3.0,3.0,3.0,1,25-29,15:00:00,13.0,,,,,,,,,,,,,,,,,,,,,,,,,,,,,,,,,,
control,control_6,2003-04-10,1440,0,7.266666666666667,44.32419705357837,0.03888888888888889,3.0,3.0,5.0,1,25-29,15:00:00,13.0,,,,,,,,,,,,,,,,,,,,,,,,,,,,,,,,,,
control,control_6,2003-04-11,1440,0,3.0,0.0,0.0,3.0,3.0,3.0,1,25-29,15:00:00,13.0,,,,,,,,,,,,,,,,,,,,,,,,,,,,,,,,,,
control,control_6,2003-04-12,1440,0,3.0,0.0,0.0,3.0,3.0,3.0,1,25-29,15:00:00,13.0,,,,,,,,,,,,,,,,,,,,,,,,,,,,,,,,,,
control,control_6,2003-04-13,1440,0,3.772222222222222,0.9737131425376866,0.0,3.0,3.0,5.0,1,25-29,15:00:00,13.0,,,,,,,,,,,,,,,,,,,,,,,,,,,,,,,,,,
control,control_6,2003-04-14,1440,0,4.336111111111111,0.9418223404589924,0.0,5.0,3.0,5.0,1,25-29,15:00:00,13.0,,,,,,,,,,,,,,,,,,,,,,,,,,,,,,,,,,
control,control_6,2003-04-15,1440,0,4.973611111111111,0.22821350600038476,0.0,5.0,5.0,5.0,1,25-29,15:00:00,13.0,,,,,,,,,,,,,,,,,,,,,,,,,,,,,,,,,,
control,control_6,2003-04-16,1440,0,4.86875,0.5870085119106498,0.0,5.0,5.0,5.0,1,25-29,15:00:00,13.0,,,,,,,,,,,,,,,,,,,,,,,,,,,,,,,,,,
control,control_6,2003-04-17,1440,0,5.397222222222222,1.0424293504201059,0.0,5.0,5.0,7.0,1,25-29,15:00:00,13.0,,,,,,,,,,,,,,,,,,,,,,,,,,,,,,,,,,
control,control_6,2003-04-18,1440,0,5.825,1.334348571817391,0.0,7.0,5.0,7.0,1,25-29,15:00:00,13.0,,,,,,,,,,,,,,,,,,,,,,,,,,,,,,,,,,
control,control_6,2003-04-19,1440,0,5.617361111111111,1.3984530074490202,0.00625,5.0,5.0,7.0,1,25-29,15:00:00,13.0,,,,,,,,,,,,,,,,,,,,,,,,,,,,,,,,,,
control,control_6,2003-04-20,1440,0,4.941666666666666,1.1946349977201312,0.002777777777777778,5.0,5.0,5.0,1,25-29,15:00:00,13.0,,,,,,,,,,,,,,,,,,,,,,,,,,,,,,,,,,
control,control_6,2003-04-21,1440,0,4.523611111111111,0.8776536040861634,0.0,5.0,5.0,5.0,1,25-29,15:00:00,13.0,,,,,,,,,,,,,,,,,,,,,,,,,,,,,,,,,,
control,control_6,2003-04-22,1440,0,4.532638888888889,0.9481216709537329,0.011805555555555555,5.0,5.0,5.0,1,25-29,15:00:00,13.0,,,,,,,,,,,,,,,,,,,,,,,,,,,,,,,,,,
control,control_7,2003-03-19,1440,0,449.4736111111111,556.6499966299031,0.2951388888888889,172.0,0.0,783.0,1,20-24,15:00:00,13.0,,,,,,,,,,,,,,,,,,,,,,,,,,,,,,,,,,
control,control_7,2003-03-20,1440,0,399.2611111111111,540.7791034844377,0.25,190.0,2.25,533.0,1,20-24,15:00:00,13.0,,,,,,,,,,,,,,,,,,,,,,,,,,,,,,,,,,
control,control_7,2003-03-21,1440,0,379.68333333333334,586.270829764993,0.3076388888888889,148.0,0.0,550.0,1,20-24,15:00:00,13.0,,,,,,,,,,,,,,,,,,,,,,,,,,,,,,,,,,
control,control_7,2003-03-22,1440,0,508.2104166666667,627.8219931082233,0.25555555555555554,268.0,0.0,809.0,1,20-24,15:00:00,13.0,,,,,,,,,,,,,,,,,,,,,,,,,,,,,,,,,,
control,control_7,2003-03-23,1440,0,329.8173611111111,485.6426762591478,0.37916666666666665,80.5,0.0,500.0,1,20-24,15:00:00,13.0,,,,,,,,,,,,,,,,,,,,,,,,,,,,,,,,,,
control,control_7,2003-03-24,1440,0,371.49444444444447,462.22117718231226,0.24375,178.0,3.0,550.0,1,20-24,15:00:00,13.0,,,,,,,,,,,,,,,,,,,,,,,,,,,,,,,,,,
control,control_7,2003-03-25,1440,0,339.5888888888889,484.8412459408049,0.29791666666666666,148.0,0.0,425.0,1,20-24,15:00:00,13.0,,,,,,,,,,,,,,,,,,,,,,,,,,,,,,,,,,
control,control_7,2003-03-26,1440,0,482.05069444444445,999.6497814857549,0.3347222222222222,107.0,0.0,626.0,1,20-24,15:00:00,13.0,,,,,,,,,,,,,,,,,,,,,,,,,,,,,,,,,,
control,control_7,2003-03-27,1440,0,312.06805555555553,462.8292681751582,0.31875,111.0,0.0,398.0,1,20-24,15:00:00,13.0,,,,,,,,,,,,,,,,,,,,,,,,,,,,,,,,,,
control,control_7,2003-03-28,1440,0,482.61041666666665,1009.1140856256837,0.28680555555555554,154.0,0.0,533.0,1,20-24,15:00:00,13.0,,,,,,,,,,,,,,,,,,,,,,,,,,,,,,,,,,
control,control_7,2003-03-29,1440,0,443.7680555555556,559.6192496109368,0.2986111111111111,197.0,0.0,689.0,1,20-24,15:00:00,13.0,,,,,,,,,,,,,,,,,,,,,,,,,,,,,,,,,,
control,control_7,2003-03-31,1440,0,318.81111111111113,492.94816511237195,0.35,88.0,0.0,401.25,1,20-24,15:00:00,13.0,,,,,,,,,,,,,,,,,,,,,,,,,,,,,,,,,,
control,control_7,2003-04-01,1440,0,199.0847222222222,409.8837738919691,0.28888888888888886,3.0,0.0,204.0,1,20-24,15:00:00,13.0,,,,,,,,,,,,,,,,,,,,,,,,,,,,,,,,,,
control,control_7,2003-04-02,1440,0,4.2131944444444445,4.873080056798691,0.034722222222222224,5.0,3.0,5.0,1,20-24,15:00:00,13.0,,,,,,,,,,,,,,,,,,,,,,,,,,,,,,,,,,
control,control_7,2003-04-03,1440,0,5.643055555555556,0.7855158228989989,0.0,6.0,5.0,6.0,1,20-24,15:00:00,13.0,,,,,,,,,,,,,,,,,,,,,,,,,,,,,,,,,,
control,control_7,2003-04-04,1440,0,6.143055555555556,1.7959310792338399,0.0,6.0,6.0,6.0,1,20-24,15:00:00,13.0,,,,,,,,,,,,,,,,,,,,,,,,,,,,,,,,,,
control,control_7,2003-04-05,1440,0,6.385416666666667,5.655693649741138,0.0,6.0,6.0,6.0,1,20-24,15:00:00,13.0,,,,,,,,,,,,,,,,,,,,,,,,,,,,,,,,,,
control,control_7,2003-04-06,1440,0,6.5993055555555555,18.048426356948447,0.0,6.0,6.0,6.0,1,20-24,15:00:00,13.0,,,,,,,,,,,,,,,,,,,,,,,,,,,,,,,,,,
control,control_7,2003-04-07,1440,0,27.73402777777778,168.635877321192,0.0,6.0,5.0,6.0,1,20-24,15:00:00,13.0,,,,,,,,,,,,,,,,,,,,,,,,,,,,,,,,,,
control,control_7,2003-04-08,1440,0,5.065277777777778,2.4500373989335005,0.0,5.0,5.0,5.0,1,20-24,15:00:00,13.0,,,,,,,,,,,,,,,,,,,,,,,,,,,,,,,,,,
control,control_7,2003-04-09,1440,0,5.0,0.0,0.0,5.0,5.0,5.0,1,20-24,15:00:00,13.0,,,,,,,,,,,,,,,,,,,,,,,,,,,,,,,,,,
control,control_7,2003-04-10,1440,0,7.3125,43.73750119081641,0.004861111111111111,5.0,3.0,5.0,1,20-24,15:00:00,13.0,,,,,,,,,,,,,,,,,,,,,,,,,,,,,,,,,,
control,control_7,2003-04-11,1440,0,2.94375,0.5193771309623353,0.025694444444444443,3.0,3.0,3.0,1,20-24,15:00:00,13.0,,,,,,,,,,,,,,,,,,,,,,,,,,,,,,,,,,
control,control_7,2003-04-12,1440,0,3.0,0.0,0.0,3.0,3.0,3.0,1,20-24,15:00:00,13.0,,,,,,,,,,,,,,,,,,,,,,,,,,,,,,,,,,
control,control_7,2003-04-13,1440,0,2.972916666666667,0.28375428288495586,0.009027777777777777,3.0,3.0,3.0,1,20-24,15:00:00,13.0,,,,,,,,,,,,,,,,,,,,,,,,,,,,,,,,,,
control,control_7,2003-04-14,1440,0,2.972916666666667,0.28375428288495586,0.009027777777777777,3.0,3.0,3.0,1,20-24,15:00:00,13.0,,,,,,,,,,,,,,,,,,,,,,,,,,,,,,,,,,
control,control_7,2003-04-15,1440,0,3.654861111111111,1.222891033866009,0.04097222222222222,3.0,3.0,5.0,1,20-24,15:00:00,13.0,,,,,,,,,,,,,,,,,,,,,,,,,,,,,,,,,,
control,control_7,2003-04-16,1440,0,2.8875,0.6613197033205649,0.041666666666666664,3.0,3.0,3.0,1,20-24,15:00:00,13.0,,,,,,,,,,,,,,,,,,,,,,,,,,,,,,,,,,
control,control_7,2003-04-17,1440,0,2.7708333333333335,0.7968579791210533,0.0763888888888889,3.0,3.0,3.0,1,20-24,15:00:00,13.0,,,,,,,,,,,,,,,,,,,,,,,,,,,,,,,,,,
control,control_7,2003-04-18,1440,0,2.4604166666666667,1.152215182328756,0.1798611111111111,3.0,3.0,3.0,1,20-24,15:00:00,13.0,,,,,,,,,,,,,,,,,,,,,,,,,,,,,,,,,,
control,control_7,2003-04-19,1440,0,2.54375,1.077304941741195,0.15208333333333332,3.0,3.0,3.0,1,20-24,15:00:00,13.0,,,,,,,,,,,,,,,,,,,,,,,,,,,,,,,,,,
control,control_7,2003-04-20,1440,0,1.7458333333333333,1.4797182070320762,0.41805555555555557,3.0,0.0,3.0,1,20-24,15:00:00,13.0,,,,,,,,,,,,,,,,,,,,,,,,,,,,,,,,,,
control,control_7,2003-04-21,1440,0,1.2520833333333334,1.4793705845354939,0.5826388888888889,0.0,0.0,3.0,1,20-24,15:00:00,13.0,,,,,,,,,,,,,,,,,,,,,,,,,,,,,,,,,,
control,control_7,2003-04-22,1440,0,1.9229166666666666,1.4391460985791387,0.3590277777777778,3.0,0.0,3.0,1,20-24,15:00:00,13.0,,,,,,,,,,,,,,,,,,,,,,,,,,,,,,,,,,
control,control_8,2003-11-05,1440,0,372.1666666666667,442.3655492538571,0.28958333333333336,190.0,0.0,624.0,2,40-44,09:00:00,13.0,,,,,,,,,,,,,,,,,,,,,,,,,,,,,,,,,,
control,control_8,2003-11-06,1440,0,401.89166666666665,414.0879042311615,0.21944444444444444,316.0,26.0,644.0,2,40-44,09:00:00,13.0,,,,,,,,,,,,,,,,,,,,,,,,,,,,,,,,,,
control,control_8,2003-11-07,1440,0,460.06458333333336,508.85116042697786,0.18680555555555556,316.0,47.0,665.0,2,40-44,09:00:00,13.0,,,,,,,,,,,,,,,,,,,,,,,,,,,,,,,,,,
control,control_8,2003-11-08,1440,0,441.37847222222223,526.9262550742322,0.23472222222222222,259.0,8.5,687.0,2,40-44,09:00:00,13.0,,,,,,,,,,,,,,,,,,,,,,,,,,,,,,,,,,
control,control_8,2003-11-09,1440,0,380.4486111111111,491.23487974837894,0.2743055555555556,160.0,0.0,624.0,2,40-44,09:00:00,13.0,,,,,,,,,,,,,,,,,,,,,,,,,,,,,,,,,,
control,control_8,2003-11-10,1440,0,387.8465277777778,450.89533390879245,0.21875,259.0,16.0,590.75,2,40-44,09:00:00,13.0,,,,,,,,,,,,,,,,,,,,,,,,,,,,,,,,,,
control,control_8,2003-11-11,1440,0,430.31111111111113,461.54489566008266,0.21458333333333332,349.0,34.75,624.0,2,40-44,09:00:00,13.0,,,,,,,,,,,,,,,,,,,,,,,,,,,,,,,,,,
control,control_8,2003-11-12,1440,0,413.06319444444443,472.5621396891347,0.26319444444444445,327.0,0.0,624.0,2,40-44,09:00:00,13.0,,,,,,,,,,,,,,,,,,,,,,,,,,,,,,,,,,
control,control_8,2003-11-13,1440,0,513.45625,560.6573592443306,0.22152777777777777,410.0,21.25,756.0,2,40-44,09:00:00,13.0,,,,,,,,,,,,,,,,,,,,,,,,,,,,,,,,,,
control,control_8,2003-11-14,1440,0,422.90763888888887,616.669122019871,0.3347222222222222,131.5,0.0,644.0,2,40-44,09:00:00,13.0,,,,,,,,,,,,,,,,,,,,,,,,,,,,,,,,,,
control,control_8,2003-11-15,1440,0,495.4270833333333,624.7347883656479,0.25763888888888886,277.0,0.0,781.0,2,40-44,09:00:00,13.0,,,,,,,,,,,,,,,,,,,,,,,,,,,,,,,,,,
control,control_8,2003-11-16,1440,0,405.8256944444444,504.63781377320066,0.32708333333333334,197.0,0.0,687.0,2,40-44,09:00:00,13.0,,,,,,,,,,,,,,,,,,,,,,,,,,,,,,,,,,
control,control_8,2003-11-17,1440,0,375.62083333333334,382.93794915012734,0.2298611111111111,316.0,18.0,605.0,2,40-44,09:00:00,13.0,,,,,,,,,,,,,,,,,,,,,,,,,,,,,,,,,,
control,control_8,2003-11-18,1440,0,190.87708333333333,306.82698622322386,0.5416666666666666,0.0,0.0,349.0,2,40-44,09:00:00,13.0,,,,,,,,,,,,,,,,,,,,,,,,,,,,,,,,,,
control,control_8,2003-11-19,1440,0,0.9826388888888888,2.826286085353964,0.7041666666666667,0.0,0.0,3.0,2,40-44,09:00:00,13.0,,,,,,,,,,,,,,,,,,,,,,,,,,,,,,,,,,
control,control_8,2003-11-20,1440,0,1.3166666666666667,7.089095695346323,0.66875,0.0,0.0,3.0,2,40-44,09:00:00,13.0,,,,,,,,,,,,,,,,,,,,,,,,,,,,,,,,,,
control,control_8,2003-11-21,1440,0,11.72638888888889,74.21082111318545,0.5298611111111111,0.0,0.0,3.0,2,40-44,09:00:00,13.0,,,,,,,,,,,,,,,,,,,,,,,,,,,,,,,,,,
control,control_9,2003-11-12,1440,0,86.62569444444445,199.85762510351648,0.025694444444444443,7.0,7.0,43.0,2,30-34,09:00:00,13.0,,,,,,,,,,,,,,,,,,,,,,,,,,,,,,,,,,
control,control_9,2003-11-13,1440,0,166.89097222222222,258.52696759536474,0.20347222222222222,35.0,3.0,223.0,2,30-34,09:00:00,13.0,,,,,,,,,,,,,,,,,,,,,,,,,,,,,,,,,,
control,control_9,2003-11-14,1440,0,199.46041666666667,286.08794993817264,0.2152777777777778,55.0,3.0,325.0,2,30-34,09:00:00,13.0,,,,,,,,,,,,,,,,,,,,,,,,,,,,,,,,,,
control,control_9,2003-11-15,1440,0,92.69722222222222,202.98738669915087,0.4270833333333333,3.0,0.0,62.0,2,30-34,09:00:00,13.0,,,,,,,,,,,,,,,,,,,,,,,,,,,,,,,,,,
control,control_9,2003-11-16,1440,0,108.0375,224.11227651032166,0.49930555555555556,3.0,0.0,108.0,2,30-34,09:00:00,13.0,,,,,,,,,,,,,,,,,,,,,,,,,,,,,,,,,,
control,control_9,2003-11-17,1440,0,164.13333333333333,275.4637130770988,0.39861111111111114,19.0,0.0,223.0,2,30-34,09:00:00,13.0,,,,,,,,,,,,,,,,,,,,,,,,,,,,,,,,,,
control,control_9,2003-11-18,1440,0,129.98888888888888,233.08585957131498,0.30416666666666664,21.0,0.0,137.0,2,30-34,09:00:00,13.0,,,,,,,,,,,,,,,,,,,,,,,,,,,,,,,,,,
control,control_9,2003-11-19,1440,0,201.20694444444445,305.3019774776683,0.32569444444444445,43.0,0.0,315.0,2,30-34,09:00:00,13.0,,,,,,,,,,,,,,,,,,,,,,,,,,,,,,,,,,
control,control_9,2003-11-20,1440,0,174.22847222222222,380.3178986722077,0.3125,10.0,0.0,147.0,2,30-34,09:00:00,13.0,,,,,,,,,,,,,,,,,,,,,,,,,,,,,,,,,,
control,control_9,2003-11-21,1440,0,210.27291666666667,323.42819242512235,0.27847222222222223,34.0,0.0,325.0,2,30-34,09:00:00,13.0,,,,,,,,,,,,,,,,,,,,,,,,,,,,,,,,,,
control,control_9,2003-11-22,1440,0,101.14444444444445,223.5650755925249,0.30972222222222223,5.0,0.0,73.0,2,30-34,09:00:00,13.0,,,,,,,,,,,,,,,,,,,,,,,,,,,,,,,,,,
control,control_9,2003-11-23,1440,0,158.38958333333332,270.6893828261951,0.15347222222222223,35.0,3.0,182.0,2,30-34,09:00:00,13.0,,,,,,,,,,,,,,,,,,,,,,,,,,,,,,,,,,
control,control_9,2003-11-24,1440,0,127.74236111111111,216.53910253752898,0.2375,22.0,3.0,168.0,2,30-34,09:00:00,13.0,,,,,,,,,,,,,,,,,,,,,,,,,,,,,,,,,,
control,control_9,2003-11-25,1440,0,147.8423611111111,258.94067748334993,0.32083333333333336,16.0,0.0,175.0,2,30-34,09:00:00,13.0,,,,,,,,,,,,,,,,,,,,,,,,,,,,,,,,,,
control,control_9,2003-11-26,1440,0,48.894444444444446,145.13181737158897,0.225,5.0,3.0,5.0,2,30-34,09:00:00,13.0,,,,,,,,,,,,,,,,,,,,,,,,,,,,,,,,,,
control,control_9,2003-11-27,1440,0,5.78125,8.757222961250648,0.0,5.0,5.0,7.0,2,30-34,09:00:00,13.0,,,,,,,,,,,,,,,,,,,,,,,,,,,,,,,,,,
control,control_9,2003-11-28,1440,0,6.401388888888889,0.9159077245424581,0.0,7.0,5.0,7.0,2,30-34,09:00:00,13.0,,,,,,,,,,,,,,,,,,,,,,,,,,,,,,,,,,
control,control_9,2003-11-29,1440,0,6.8875,0.460807714779169,0.0,7.0,7.0,7.0,2,30-34,09:00:00,13.0,,,,,,,,,,,,,,,,,,,,,,,,,,,,,,,,,,
control,control_9,2003-11-30,1440,0,7.0,0.0,0.0,7.0,7.0,7.0,2,30-34,09:00:00,13.0,,,,,,,,,,,,,,,,,,,,,,,,,,,,,,,,,,
schizophrenia,schizophrenia_1,2003-09-03,1440,0,238.5923611111111,364.83406970000703,0.46458333333333335,31.5,0.0,349.0,2,45-49,9:00:00,13.0,,,,,,,,,,,,,,,,,,,,,,,,,,,,,schizophrenia not migraine,paranoid,48.0,clozapine,not traditional neuroleptic,not mood stabilizer
schizophrenia,schizophrenia_1,2003-09-04,1440,0,200.81458333333333,345.45013458062346,0.4951388888888889,3.0,0.0,243.25,2,45-49,9:00:00,13.0,,,,,,,,,,,,,,,,,,,,,,,,,,,,,schizophrenia not migraine,paranoid,48.0,clozapine,not traditional neuroleptic,not mood stabilizer
schizophrenia,schizophrenia_1,2003-09-05,1440,0,101.91041666666666,213.8312312246474,0.6402777777777777,0.0,0.0,77.0,2,45-49,9:00:00,13.0,,,,,,,,,,,,,,,,,,,,,,,,,,,,,schizophrenia not migraine,paranoid,48.0,clozapine,not traditional neuroleptic,not mood stabilizer
schizophrenia,schizophrenia_1,2003-09-06,1440,0,132.65277777777777,249.88476286981998,0.6131944444444445,0.0,0.0,134.0,2,45-49,9:00:00,13.0,,,,,,,,,,,,,,,,,,,,,,,,,,,,,schizophrenia not migraine,paranoid,48.0,clozapine,not traditional neuroleptic,not mood stabilizer
schizophrenia,schizophrenia_1,2003-09-07,1440,0,111.74930555555555,221.86094321560466,0.6069444444444444,0.0,0.0,99.0,2,45-49,9:00:00,13.0,,,,,,,,,,,,,,,,,,,,,,,,,,,,,schizophrenia not migraine,paranoid,48.0,clozapine,not traditional neuroleptic,not mood stabilizer
schizophrenia,schizophrenia_1,2003-09-08,1440,0,224.48958333333334,343.42402508066345,0.4465277777777778,33.0,0.0,327.0,2,45-49,9:00:00,13.0,,,,,,,,,,,,,,,,,,,,,,,,,,,,,schizophrenia not migraine,paranoid,48.0,clozapine,not traditional neuroleptic,not mood stabilizer
schizophrenia,schizophrenia_1,2003-09-09,1440,0,302.90208333333334,388.84080503764824,0.4423611111111111,47.0,0.0,624.0,2,45-49,9:00:00,13.0,,,,,,,,,,,,,,,,,,,,,,,,,,,,,schizophrenia not migraine,paranoid,48.0,clozapine,not traditional neuroleptic,not mood stabilizer
schizophrenia,schizophrenia_1,2003-09-10,1440,0,200.38125,327.3491273490969,0.5305555555555556,0.0,0.0,327.0,2,45-49,9:00:00,13.0,,,,,,,,,,,,,,,,,,,,,,,,,,,,,schizophrenia not migraine,paranoid,48.0,clozapine,not traditional neuroleptic,not mood stabilizer
schizophrenia,schizophrenia_1,2003-09-11,1440,0,303.59444444444443,450.45116515706565,0.38333333333333336,65.0,0.0,468.0,2,45-49,9:00:00,13.0,,,,,,,,,,,,,,,,,,,,,,,,,,,,,schizophrenia not migraine,paranoid,48.0,clozapine,not traditional neuroleptic,not mood stabilizer
schizophrenia,schizophrenia_1,2003-09-12,1440,0,141.9013888888889,247.07349895721288,0.5534722222222223,0.0,0.0,167.5,2,45-49,9:00:00,13.0,,,,,,,,,,,,,,,,,,,,,,,,,,,,,schizophrenia not migraine,paranoid,48.0,clozapine,not traditional neuroleptic,not mood stabilizer
schizophrenia,schizophrenia_1,2003-09-13,1440,0,134.42291666666668,238.09682239781677,0.5916666666666667,0.0,0.0,167.5,2,45-49,9:00:00,13.0,,,,,,,,,,,,,,,,,,,,,,,,,,,,,schizophrenia not migraine,paranoid,48.0,clozapine,not traditional neuroleptic,not mood stabilizer
schizophrenia,schizophrenia_1,2003-09-14,1440,0,126.3951388888889,234.2328823432228,0.5847222222222223,0.0,0.0,144.5,2,45-49,9:00:00,13.0,,,,,,,,,,,,,,,,,,,,,,,,,,,,,schizophrenia not migraine,paranoid,48.0,clozapine,not traditional neuroleptic,not mood stabilizer
schizophrenia,schizophrenia_1,2003-09-15,1440,0,65.63819444444445,175.02526503992368,0.7055555555555556,0.0,0.0,12.0,2,45-49,9:00:00,13.0,,,,,,,,,,,,,,,,,,,,,,,,,,,,,schizophrenia not migraine,paranoid,48.0,clozapine,not traditional neuroleptic,not mood stabilizer
schizophrenia,schizophrenia_1,2003-09-16,1440,0,75.02916666666667,191.56106651629688,0.7381944444444445,0.0,0.0,4.0,2,45-49,9:00:00,13.0,,,,,,,,,,,,,,,,,,,,,,,,,,,,,schizophrenia not migraine,paranoid,48.0,clozapine,not traditional neuroleptic,not mood stabilizer
schizophrenia,schizophrenia_10,2003-10-01,1440,0,122.21597222222222,205.80203512491022,0.4284722222222222,22.0,0.0,182.0,2,40-44,9:00:00,14.0,,,,,,,,,,,,,,,,,,,,,,,,,,,,,schizophrenia not migraine,paranoid,58.0,clozapine,not traditional neuroleptic,not mood stabilizer
schizophrenia,schizophrenia_10,2003-10-02,1440,0,168.73263888888889,323.1576477875648,0.4673611111111111,23.0,0.0,195.0,2,40-44,9:00:00,14.0,,,,,,,,,,,,,,,,,,,,,,,,,,,,,schizophrenia not migraine,paranoid,58.0,clozapine,not traditional neuroleptic,not mood stabilizer
schizophrenia,schizophrenia_10,2003-10-03,1440,0,101.39166666666667,184.70043520221844,0.4986111111111111,3.0,0.0,126.0,2,40-44,9:00:00,14.0,,,,,,,,,,,,,,,,,,,,,,,,,,,,,schizophrenia not migraine,paranoid,58.0,clozapine,not traditional neuroleptic,not mood stabilizer
schizophrenia,schizophrenia_10,2003-10-04,1440,0,86.83194444444445,161.38197297645945,0.5534722222222223,0.0,0.0,100.0,2,40-44,9:00:00,14.0,,,,,,,,,,,,,,,,,,,,,,,,,,,,,schizophrenia not migraine,paranoid,58.0,clozapine,not traditional neuroleptic,not mood stabilizer
schizophrenia,schizophrenia_10,2003-10-05,1440,0,94.54930555555555,178.83310519421912,0.4840277777777778,7.0,0.0,111.0,2,40-44,9:00:00,14.0,,,,,,,,,,,,,,,,,,,,,,,,,,,,,schizophrenia not migraine,paranoid,58.0,clozapine,not traditional neuroleptic,not mood stabilizer
schizophrenia,schizophrenia_10,2003-10-06,1440,0,127.34930555555556,229.84012453603478,0.4875,9.0,0.0,169.75,2,40-44,9:00:00,14.0,,,,,,,,,,,,,,,,,,,,,,,,,,,,,schizophrenia not migraine,paranoid,58.0,clozapine,not traditional neuroleptic,not mood stabilizer
schizophrenia,schizophrenia_10,2003-10-07,1440,0,143.45138888888889,222.30810794746577,0.41041666666666665,35.0,0.0,209.0,2,40-44,9:00:00,14.0,,,,,,,,,,,,,,,,,,,,,,,,,,,,,schizophrenia not migraine,paranoid,58.0,clozapine,not traditional neuroleptic,not mood stabilizer
schizophrenia,schizophrenia_10,2003-10-08,1440,0,118.54722222222222,195.2344793747467,0.4666666666666667,12.0,0.0,157.0,2,40-44,9:00:00,14.0,,,,,,,,,,,,,,,,,,,,,,,,,,,,,schizophrenia not migraine,paranoid,58.0,clozapine,not traditional neuroleptic,not mood stabilizer
schizophrenia,schizophrenia_10,2003-10-09,1440,0,99.23055555555555,175.39521534625175,0.46597222222222223,10.0,0.0,131.0,2,40-44,9:00:00,14.0,,,,,,,,,,,,,,,,,,,,,,,,,,,,,schizophrenia not migraine,paranoid,58.0,clozapine,not traditional neuroleptic,not mood stabilizer
schizophrenia,schizophrenia_10,2003-10-10,1440,0,83.94097222222223,148.54888360831598,0.4930555555555556,3.0,0.0,108.0,2,40-44,9:00:00,14.0,,,,,,,,,,,,,,,,,,,,,,,,,,,,,schizophrenia not migraine,paranoid,58.0,clozapine,not traditional neuroleptic,not mood stabilizer
schizophrenia,schizophrenia_10,2003-10-11,1440,0,88.4888888888889,154.5150788718222,0.49444444444444446,3.0,0.0,121.0,2,40-44,9:00:00,14.0,,,,,,,,,,,,,,,,,,,,,,,,,,,,,schizophrenia not migraine,paranoid,58.0,clozapine,not traditional neuroleptic,not mood stabilizer
schizophrenia,schizophrenia_10,2003-10-12,1440,0,53.15555555555556,117.97203987114075,0.6388888888888888,0.0,0.0,45.0,2,40-44,9:00:00,14.0,,,,,,,,,,,,,,,,,,,,,,,,,,,,,schizophrenia not migraine,paranoid,58.0,clozapine,not traditional neuroleptic,not mood stabilizer
schizophrenia,schizophrenia_10,2003-10-13,1440,0,77.73194444444445,148.19888694137882,0.5625,0.0,0.0,78.0,2,40-44,9:00:00,14.0,,,,,,,,,,,,,,,,,,,,,,,,,,,,,schizophrenia not migraine,paranoid,58.0,clozapine,not traditional neuroleptic,not mood stabilizer
schizophrenia,schizophrenia_10,2003-10-14,1440,0,131.98611111111111,212.1085442157411,0.4666666666666667,15.0,0.0,182.0,2,40-44,9:00:00,14.0,,,,,,,,,,,,,,,,,,,,,,,,,,,,,schizophrenia not migraine,paranoid,58.0,clozapine,not traditional neuroleptic,not mood stabilizer
schizophrenia,schizophrenia_10,2003-10-15,1440,0,57.25486111111111,158.7150737300883,0.78125,0.0,0.0,0.0,2,40-44,9:00:00,14.0,,,,,,,,,,,,,,,,,,,,,,,,,,,,,schizophrenia not migraine,paranoid,58.0,clozapine,not traditional neuroleptic,not mood stabilizer
schizophrenia,schizophrenia_10,2003-10-16,1440,0,0.11527777777777778,3.3589498905586472,0.9979166666666667,0.0,0.0,0.0,2,40-44,9:00:00,14.0,,,,,,,,,,,,,,,,,,,,,,,,,,,,,schizophrenia not migraine,paranoid,58.0,clozapine,not traditional neuroleptic,not mood stabilizer
schizophrenia,schizophrenia_11,2003-10-15,1440,0,109.7375,182.38544878110025,0.5041666666666667,0.0,0.0,154.0,2,30-34,9:00:00,13.0,,,,,,,,,,,,,,,,,,,,,,,,,,,,,schizophrenia not migraine,paranoid,59.0,not clozapine,not traditional neuroleptic,not mood stabilizer
schizophrenia,schizophrenia_11,2003-10-16,1440,0,95.25,158.64283346912052,0.4548611111111111,16.0,0.0,130.0,2,30-34,9:00:00,13.0,,,,,,,,,,,,,,,,,,,,,,,,,,,,,schizophrenia not migraine,paranoid,59.0,not clozapine,not traditional neuroleptic,not mood stabilizer
schizophrenia,schizophrenia_11,2003-10-17,1440,0,83.37847222222223,162.4327397824141,0.5618055555555556,0.0,0.0,88.0,2,30-34,9:00:00,13.0,,,,,,,,,,,,,,,,,,,,,,,,,,,,,schizophrenia not migraine,paranoid,59.0,not clozapine,not traditional neuroleptic,not mood stabilizer
schizophrenia,schizophrenia_11,2003-10-18,1440,0,39.15,113.60501627226776,0.7493055555555556,0.0,0.0,3.0,2,30-34,9:00:00,13.0,,,,,,,,,,,,,,,,,,,,,,,,,,,,,schizophrenia not migraine,paranoid,59.0,not clozapine,not traditional neuroleptic,not mood stabilizer
schizophrenia,schizophrenia_11,2003-10-19,1440,0,102.21805555555555,185.86808630674136,0.4513888888888889,12.0,0.0,121.25,2,30-34,9:00:00,13.0,,,,,,,,,,,,,,,,,,,,,,,,,,,,,schizophrenia not migraine,paranoid,59.0,not clozapine,not traditional neuroleptic,not mood stabilizer
schizophrenia,schizophrenia_11,2003-10-20,1440,0,70.45277777777778,147.89824014074136,0.5548611111111111,0.0,0.0,67.75,2,30-34,9:00:00,13.0,,,,,,,,,,,,,,,,,,,,,,,,,,,,,schizophrenia not migraine,paranoid,59.0,not clozapine,not traditional neuroleptic,not mood stabilizer
schizophrenia,schizophrenia_11,2003-10-21,1440,0,76.97569444444444,130.3756915111776,0.4798611111111111,8.5,0.0,99.0,2,30-34,9:00:00,13.0,,,,,,,,,,,,,,,,,,,,,,,,,,,,,schizophrenia not migraine,paranoid,59.0,not clozapine,not traditional neuroleptic,not mood stabilizer
schizophrenia,schizophrenia_11,2003-10-22,1440,0,79.00625,154.28236411723853,0.5263888888888889,0.0,0.0,91.0,2,30-34,9:00:00,13.0,,,,,,,,,,,,,,,,,,,,,,,,,,,,,schizophrenia not migraine,paranoid,59.0,not clozapine,not traditional neuroleptic,not mood stabilizer
schizophrenia,schizophrenia_11,2003-10-23,1440,0,75.58472222222223,152.47276547316227,0.5083333333333333,0.0,0.0,76.0,2,30-34,9:00:00,13.0,,,,,,,,,,,,,,,,,,,,,,,,,,,,,schizophrenia not migraine,paranoid,59.0,not clozapine,not traditional neuroleptic,not mood stabilizer
schizophrenia,schizophrenia_11,2003-10-24,1440,0,120.77083333333333,206.32257708736634,0.44722222222222224,18.0,0.0,155.5,2,30-34,9:00:00,13.0,,,,,,,,,,,,,,,,,,,,,,,,,,,,,schizophrenia not migraine,paranoid,59.0,not clozapine,not traditional neuroleptic,not mood stabilizer
schizophrenia,schizophrenia_11,2003-10-25,1440,0,101.43055555555556,194.1112278787094,0.5388888888888889,0.0,0.0,111.0,2,30-34,9:00:00,13.0,,,,,,,,,,,,,,,,,,,,,,,,,,,,,schizophrenia not migraine,paranoid,59.0,not clozapine,not traditional neuroleptic,not mood stabilizer
schizophrenia,schizophrenia_11,2003-10-27,1440,0,113.45347222222222,187.2137943091009,0.42986111111111114,22.0,0.0,139.0,2,30-34,9:00:00,13.0,,,,,,,,,,,,,,,,,,,,,,,,,,,,,schizophrenia not migraine,paranoid,59.0,not clozapine,not traditional neuroleptic,not mood stabilizer
schizophrenia,schizophrenia_11,2003-10-28,1440,0,24.556944444444444,110.69523768536357,0.8666666666666667,0.0,0.0,0.0,2,30-34,9:00:00,13.0,,,,,,,,,,,,,,,,,,,,,,,,,,,,,schizophrenia not migraine,paranoid,59.0,not clozapine,not traditional neuroleptic,not mood stabilizer
schizophrenia,schizophrenia_12,2003-10-15,1440,0,72.0625,121.75080531047834,0.43819444444444444,12.5,0.0,87.0,1,55-59,9:00:00,13.0,,,,,,,,,,,,,,,,,,,,,,,,,,,,,schizophrenia not migraine,non-paranoid,38.0,not clozapine,tradional neuroleptic (as only n.),not mood stabilizer
schizophrenia,schizophrenia_12,2003-10-16,1440,0,64.61597222222223,116.61475223715291,0.4527777777777778,9.0,0.0,72.0,1,55-59,9:00:00,13.0,,,,,,,,,,,,,,,,,,,,,,,,,,,,,schizophrenia not migraine,non-paranoid,38.0,not clozapine,tradional neuroleptic (as only n.),not mood stabilizer
schizophrenia,schizophrenia_12,2003-10-17,1440,0,59.66319444444444,118.70266205390853,0.4777777777777778,5.0,0.0,60.0,1,55-59,9:00:00,13.0,,,,,,,,,,,,,,,,,,,,,,,,,,,,,schizophrenia not migraine,non-paranoid,38.0,not clozapine,tradional neuroleptic (as only n.),not mood stabilizer
schizophrenia,schizophrenia_12,2003-10-18,1440,0,47.239583333333336,99.05156605887298,0.5555555555555556,0.0,0.0,45.0,1,55-59,9:00:00,13.0,,,,,,,,,,,,,,,,,,,,,,,,,,,,,schizophrenia not migraine,non-paranoid,38.0,not clozapine,tradional neuroleptic (as only n.),not mood stabilizer
schizophrenia,schizophrenia_12,2003-10-19,1440,0,51.579166666666666,113.6294323637391,0.5284722222222222,0.0,0.0,43.0,1,55-59,9:00:00,13.0,,,,,,,,,,,,,,,,,,,,,,,,,,,,,schizophrenia not migraine,non-paranoid,38.0,not clozapine,tradional neuroleptic (as only n.),not mood stabilizer
schizophrenia,schizophrenia_12,2003-10-20,1440,0,61.43888888888889,113.88381817980057,0.4666666666666667,6.5,0.0,66.0,1,55-59,9:00:00,13.0,,,,,,,,,,,,,,,,,,,,,,,,,,,,,schizophrenia not migraine,non-paranoid,38.0,not clozapine,tradional neuroleptic (as only n.),not mood stabilizer
schizophrenia,schizophrenia_12,2003-10-21,1440,0,61.232638888888886,117.77737670062407,0.4736111111111111,4.0,0.0,57.0,1,55-59,9:00:00,13.0,,,,,,,,,,,,,,,,,,,,,,,,,,,,,schizophrenia not migraine,non-paranoid,38.0,not clozapine,tradional neuroleptic (as only n.),not mood stabilizer
schizophrenia,schizophrenia_12,2003-10-22,1440,0,56.65138888888889,101.08372834912588,0.46111111111111114,7.5,0.0,63.0,1,55-59,9:00:00,13.0,,,,,,,,,,,,,,,,,,,,,,,,,,,,,schizophrenia not migraine,non-paranoid,38.0,not clozapine,tradional neuroleptic (as only n.),not mood stabilizer
schizophrenia,schizophrenia_12,2003-10-23,1440,0,75.82777777777778,140.94579653798974,0.43819444444444444,11.0,0.0,87.0,1,55-59,9:00:00,13.0,,,,,,,,,,,,,,,,,,,,,,,,,,,,,schizophrenia not migraine,non-paranoid,38.0,not clozapine,tradional neuroleptic (as only n.),not mood stabilizer
schizophrenia,schizophrenia_12,2003-10-24,1440,0,53.04236111111111,98.50545111810163,0.47152777777777777,5.5,0.0,59.0,1,55-59,9:00:00,13.0,,,,,,,,,,,,,,,,,,,,,,,,,,,,,schizophrenia not migraine,non-paranoid,38.0,not clozapine,tradional neuroleptic (as only n.),not mood stabilizer
schizophrenia,schizophrenia_12,2003-10-25,1440,0,46.61875,87.18664403701693,0.46597222222222223,6.0,0.0,57.0,1,55-59,9:00:00,13.0,,,,,,,,,,,,,,,,,,,,,,,,,,,,,schizophrenia not migraine,non-paranoid,38.0,not clozapine,tradional neuroleptic (as only n.),not mood stabilizer
schizophrenia,schizophrenia_12,2003-10-27,1440,0,66.86875,115.67033553784437,0.40069444444444446,23.5,0.0,81.0,1,55-59,9:00:00,13.0,,,,,,,,,,,,,,,,,,,,,,,,,,,,,schizophrenia not migraine,non-paranoid,38.0,not clozapine,tradional neuroleptic (as only n.),not mood stabilizer
schizophrenia,schizophrenia_12,2003-10-28,1440,0,67.06736111111111,155.79427421810908,0.5826388888888889,0.0,0.0,51.0,1,55-59,9:00:00,13.0,,,,,,,,,,,,,,,,,,,,,,,,,,,,,schizophrenia not migraine,non-paranoid,38.0,not clozapine,tradional neuroleptic (as only n.),not mood stabilizer
schizophrenia,schizophrenia_13,2003-10-15,1440,0,227.00069444444443,305.2008412041814,0.4263888888888889,78.0,0.0,365.0,2,35-39,9:00:00,12.0,,,,,,,,,,,,,,,,,,,,,,,,,,,,,schizophrenia not migraine,paranoid,49.0,clozapine,not traditional neuroleptic,not mood stabilizer
schizophrenia,schizophrenia_13,2003-10-16,1440,0,290.46527777777777,367.6353041397451,0.3763888888888889,132.0,0.0,472.0,2,35-39,9:00:00,12.0,,,,,,,,,,,,,,,,,,,,,,,,,,,,,schizophrenia not migraine,paranoid,49.0,clozapine,not traditional neuroleptic,not mood stabilizer
schizophrenia,schizophrenia_13,2003-10-17,1440,0,304.03333333333336,405.70087366049495,0.3875,119.0,0.0,520.0,2,35-39,9:00:00,12.0,,,,,,,,,,,,,,,,,,,,,,,,,,,,,schizophrenia not migraine,paranoid,49.0,clozapine,not traditional neuroleptic,not mood stabilizer
schizophrenia,schizophrenia_13,2003-10-18,1440,0,257.3,374.7110279194415,0.42291666666666666,83.0,0.0,390.0,2,35-39,9:00:00,12.0,,,,,,,,,,,,,,,,,,,,,,,,,,,,,schizophrenia not migraine,paranoid,49.0,clozapine,not traditional neuroleptic,not mood stabilizer
schizophrenia,schizophrenia_13,2003-10-19,1440,0,288.09444444444443,502.6647872115861,0.4625,20.5,0.0,377.0,2,35-39,9:00:00,12.0,,,,,,,,,,,,,,,,,,,,,,,,,,,,,schizophrenia not migraine,paranoid,49.0,clozapine,not traditional neuroleptic,not mood stabilizer
schizophrenia,schizophrenia_13,2003-10-20,1440,0,299.43194444444447,441.56449709036116,0.45625,34.0,0.0,503.0,2,35-39,9:00:00,12.0,,,,,,,,,,,,,,,,,,,,,,,,,,,,,schizophrenia not migraine,paranoid,49.0,clozapine,not traditional neuroleptic,not mood stabilizer
schizophrenia,schizophrenia_13,2003-10-21,1440,0,263.68541666666664,395.9017068086383,0.43333333333333335,41.0,0.0,415.0,2,35-39,9:00:00,12.0,,,,,,,,,,,,,,,,,,,,,,,,,,,,,schizophrenia not migraine,paranoid,49.0,clozapine,not traditional neuroleptic,not mood stabilizer
schizophrenia,schizophrenia_13,2003-10-22,1440,0,253.69722222222222,367.5746163752267,0.4423611111111111,46.0,0.0,415.0,2,35-39,9:00:00,12.0,,,,,,,,,,,,,,,,,,,,,,,,,,,,,schizophrenia not migraine,paranoid,49.0,clozapine,not traditional neuroleptic,not mood stabilizer
schizophrenia,schizophrenia_13,2003-10-23,1440,0,315.8520833333333,426.72784839155025,0.3909722222222222,122.0,0.0,503.0,2,35-39,9:00:00,12.0,,,,,,,,,,,,,,,,,,,,,,,,,,,,,schizophrenia not migraine,paranoid,49.0,clozapine,not traditional neuroleptic,not mood stabilizer
schizophrenia,schizophrenia_13,2003-10-24,1440,0,323.96319444444447,403.18031623003503,0.4027777777777778,146.0,0.0,572.0,2,35-39,9:00:00,12.0,,,,,,,,,,,,,,,,,,,,,,,,,,,,,schizophrenia not migraine,paranoid,49.0,clozapine,not traditional neuroleptic,not mood stabilizer
schizophrenia,schizophrenia_13,2003-10-25,1440,0,280.69444444444446,358.19208801086074,0.4048611111111111,122.0,0.0,475.75,2,35-39,9:00:00,12.0,,,,,,,,,,,,,,,,,,,,,,,,,,,,,schizophrenia not migraine,paranoid,49.0,clozapine,not traditional neuroleptic,not mood stabilizer
schizophrenia,schizophrenia_13,2003-10-27,1440,0,258.3798611111111,347.12347628598906,0.41597222222222224,78.0,0.0,443.0,2,35-39,9:00:00,12.0,,,,,,,,,,,,,,,,,,,,,,,,,,,,,schizophrenia not migraine,paranoid,49.0,clozapine,not traditional neuroleptic,not mood stabilizer
schizophrenia,schizophrenia_13,2003-10-28,1440,0,207.31597222222223,362.7112825197341,0.5784722222222223,0.0,0.0,283.0,2,35-39,9:00:00,12.0,,,,,,,,,,,,,,,,,,,,,,,,,,,,,schizophrenia not migraine,paranoid,49.0,clozapine,not traditional neuroleptic,not mood stabilizer
schizophrenia,schizophrenia_14,2003-10-15,1440,0,143.79861111111111,248.55854664280227,0.49236111111111114,3.0,0.0,189.5,2,55-59,9:00:00,13.0,,,,,,,,,,,,,,,,,,,,,,,,,,,,,schizophrenia + migraine,paranoid,44.0,not clozapine,tradional neuroleptic (as only n.),not mood stabilizer
schizophrenia,schizophrenia_14,2003-10-16,1440,0,213.47430555555556,287.1463296258082,0.25833333333333336,106.0,0.0,305.5,2,55-59,9:00:00,13.0,,,,,,,,,,,,,,,,,,,,,,,,,,,,,schizophrenia + migraine,paranoid,44.0,not clozapine,tradional neuroleptic (as only n.),not mood stabilizer
schizophrenia,schizophrenia_14,2003-10-17,1440,0,137.52916666666667,255.98454919600778,0.5208333333333334,0.0,0.0,161.0,2,55-59,9:00:00,13.0,,,,,,,,,,,,,,,,,,,,,,,,,,,,,schizophrenia + migraine,paranoid,44.0,not clozapine,tradional neuroleptic (as only n.),not mood stabilizer
schizophrenia,schizophrenia_14,2003-10-18,1440,0,153.25625,239.71196900851132,0.4125,37.0,0.0,214.0,2,55-59,9:00:00,13.0,,,,,,,,,,,,,,,,,,,,,,,,,,,,,schizophrenia + migraine,paranoid,44.0,not clozapine,tradional neuroleptic (as only n.),not mood stabilizer
schizophrenia,schizophrenia_14,2003-10-19,1440,0,166.90902777777777,245.86536384924463,0.35555555555555557,48.0,0.0,239.0,2,55-59,9:00:00,13.0,,,,,,,,,,,,,,,,,,,,,,,,,,,,,schizophrenia + migraine,paranoid,44.0,not clozapine,tradional neuroleptic (as only n.),not mood stabilizer
schizophrenia,schizophrenia_14,2003-10-20,1440,0,198.0326388888889,289.8123021241174,0.37222222222222223,63.0,0.0,293.0,2,55-59,9:00:00,13.0,,,,,,,,,,,,,,,,,,,,,,,,,,,,,schizophrenia + migraine,paranoid,44.0,not clozapine,tradional neuroleptic (as only n.),not mood stabilizer
schizophrenia,schizophrenia_14,2003-10-21,1440,0,145.40555555555557,224.09387782857192,0.35138888888888886,53.0,0.0,201.0,2,55-59,9:00:00,13.0,,,,,,,,,,,,,,,,,,,,,,,,,,,,,schizophrenia + migraine,paranoid,44.0,not clozapine,tradional neuroleptic (as only n.),not mood stabilizer
schizophrenia,schizophrenia_14,2003-10-22,1440,0,135.94722222222222,218.55560249321644,0.4215277777777778,33.0,0.0,194.0,2,55-59,9:00:00,13.0,,,,,,,,,,,,,,,,,,,,,,,,,,,,,schizophrenia + migraine,paranoid,44.0,not clozapine,tradional neuroleptic (as only n.),not mood stabilizer
schizophrenia,schizophrenia_14,2003-10-23,1440,0,181.7201388888889,257.3599864974754,0.29305555555555557,70.0,0.0,264.0,2,55-59,9:00:00,13.0,,,,,,,,,,,,,,,,,,,,,,,,,,,,,schizophrenia + migraine,paranoid,44.0,not clozapine,tradional neuroleptic (as only n.),not mood stabilizer
schizophrenia,schizophrenia_14,2003-10-24,1440,0,150.66180555555556,236.62451839961784,0.43333333333333335,31.0,0.0,201.0,2,55-59,9:00:00,13.0,,,,,,,,,,,,,,,,,,,,,,,,,,,,,schizophrenia + migraine,paranoid,44.0,not clozapine,tradional neuroleptic (as only n.),not mood stabilizer
schizophrenia,schizophrenia_14,2003-10-25,1440,0,154.91736111111112,235.91946478673285,0.4152777777777778,46.0,0.0,214.0,2,55-59,9:00:00,13.0,,,,,,,,,,,,,,,,,,,,,,,,,,,,,schizophrenia + migraine,paranoid,44.0,not clozapine,tradional neuroleptic (as only n.),not mood stabilizer
schizophrenia,schizophrenia_14,2003-10-27,1440,0,192.82430555555555,286.1359993144596,0.2659722222222222,80.0,0.0,239.0,2,55-59,9:00:00,13.0,,,,,,,,,,,,,,,,,,,,,,,,,,,,,schizophrenia + migraine,paranoid,44.0,not clozapine,tradional neuroleptic (as only n.),not mood stabilizer
schizophrenia,schizophrenia_14,2003-10-28,1440,0,81.22916666666667,190.29684482225542,0.6368055555555555,0.0,0.0,76.0,2,55-59,9:00:00,13.0,,,,,,,,,,,,,,,,,,,,,,,,,,,,,schizophrenia + migraine,paranoid,44.0,not clozapine,tradional neuroleptic (as only n.),not mood stabilizer
schizophrenia,schizophrenia_15,2003-10-15,1440,0,145.63541666666666,202.3073219032364,0.44930555555555557,31.5,0.0,241.0,2,50-54,9:00:00,13.0,,,,,,,,,,,,,,,,,,,,,,,,,,,,,schizophrenia not migraine,paranoid,40.0,not clozapine,tradional neuroleptic (as only n.),not mood stabilizer
schizophrenia,schizophrenia_15,2003-10-16,1440,0,142.6326388888889,207.36578099857115,0.4583333333333333,24.5,0.0,213.75,2,50-54,9:00:00,13.0,,,,,,,,,,,,,,,,,,,,,,,,,,,,,schizophrenia not migraine,paranoid,40.0,not clozapine,tradional neuroleptic (as only n.),not mood stabilizer
schizophrenia,schizophrenia_15,2003-10-17,1440,0,181.8451388888889,242.71380389538953,0.39166666666666666,79.0,0.0,285.0,2,50-54,9:00:00,13.0,,,,,,,,,,,,,,,,,,,,,,,,,,,,,schizophrenia not migraine,paranoid,40.0,not clozapine,tradional neuroleptic (as only n.),not mood stabilizer
schizophrenia,schizophrenia_15,2003-10-18,1440,0,120.80694444444444,179.5110727213017,0.48680555555555555,14.0,0.0,184.0,2,50-54,9:00:00,13.0,,,,,,,,,,,,,,,,,,,,,,,,,,,,,schizophrenia not migraine,paranoid,40.0,not clozapine,tradional neuroleptic (as only n.),not mood stabilizer
schizophrenia,schizophrenia_15,2003-10-19,1440,0,118.34305555555555,237.4431840382434,0.5430555555555555,0.0,0.0,154.0,2,50-54,9:00:00,13.0,,,,,,,,,,,,,,,,,,,,,,,,,,,,,schizophrenia not migraine,paranoid,40.0,not clozapine,tradional neuroleptic (as only n.),not mood stabilizer
schizophrenia,schizophrenia_15,2003-10-20,1440,0,152.7263888888889,212.8677866221292,0.49583333333333335,3.0,0.0,268.0,2,50-54,9:00:00,13.0,,,,,,,,,,,,,,,,,,,,,,,,,,,,,schizophrenia not migraine,paranoid,40.0,not clozapine,tradional neuroleptic (as only n.),not mood stabilizer
schizophrenia,schizophrenia_15,2003-10-21,1440,0,171.34444444444443,255.77900231389472,0.33819444444444446,65.0,0.0,219.0,2,50-54,9:00:00,13.0,,,,,,,,,,,,,,,,,,,,,,,,,,,,,schizophrenia not migraine,paranoid,40.0,not clozapine,tradional neuroleptic (as only n.),not mood stabilizer
schizophrenia,schizophrenia_15,2003-10-22,1440,0,119.45347222222222,215.90884278028415,0.5222222222222223,0.0,0.0,149.0,2,50-54,9:00:00,13.0,,,,,,,,,,,,,,,,,,,,,,,,,,,,,schizophrenia not migraine,paranoid,40.0,not clozapine,tradional neuroleptic (as only n.),not mood stabilizer
schizophrenia,schizophrenia_15,2003-10-23,1440,0,135.7722222222222,217.8128645204807,0.5229166666666667,0.0,0.0,205.0,2,50-54,9:00:00,13.0,,,,,,,,,,,,,,,,,,,,,,,,,,,,,schizophrenia not migraine,paranoid,40.0,not clozapine,tradional neuroleptic (as only n.),not mood stabilizer
schizophrenia,schizophrenia_15,2003-10-24,1440,0,64.51805555555555,129.6641000457088,0.6236111111111111,0.0,0.0,79.0,2,50-54,9:00:00,13.0,,,,,,,,,,,,,,,,,,,,,,,,,,,,,schizophrenia not migraine,paranoid,40.0,not clozapine,tradional neuroleptic (as only n.),not mood stabilizer
schizophrenia,schizophrenia_15,2003-10-25,1440,0,150.51736111111111,262.6612937875457,0.4326388888888889,43.0,0.0,205.0,2,50-54,9:00:00,13.0,,,,,,,,,,,,,,,,,,,,,,,,,,,,,schizophrenia not migraine,paranoid,40.0,not clozapine,tradional neuroleptic (as only n.),not mood stabilizer
schizophrenia,schizophrenia_15,2003-10-27,1440,0,113.42986111111111,180.16600931882127,0.4791666666666667,12.0,0.0,160.0,2,50-54,9:00:00,13.0,,,,,,,,,,,,,,,,,,,,,,,,,,,,,schizophrenia not migraine,paranoid,40.0,not clozapine,tradional neuroleptic (as only n.),not mood stabilizer
schizophrenia,schizophrenia_15,2003-10-28,1440,0,68.12708333333333,156.11688939823887,0.7159722222222222,0.0,0.0,35.0,2,50-54,9:00:00,13.0,,,,,,,,,,,,,,,,,,,,,,,,,,,,,schizophrenia not migraine,paranoid,40.0,not clozapine,tradional neuroleptic (as only n.),not mood stabilizer
schizophrenia,schizophrenia_16,2003-10-22,1440,0,157.01805555555555,280.887570838894,0.5305555555555556,0.0,0.0,216.0,2,40-44,9:00:00,13.0,,,,,,,,,,,,,,,,,,,,,,,,,,,,,schizophrenia + migraine,paranoid,59.0,clozapine,not traditional neuroleptic,not mood stabilizer
schizophrenia,schizophrenia_16,2003-10-23,1440,0,160.74722222222223,251.76030541205824,0.4326388888888889,41.0,0.0,223.0,2,40-44,9:00:00,13.0,,,,,,,,,,,,,,,,,,,,,,,,,,,,,schizophrenia + migraine,paranoid,59.0,clozapine,not traditional neuroleptic,not mood stabilizer
schizophrenia,schizophrenia_16,2003-10-24,1440,0,125.53402777777778,210.1488631314566,0.5201388888888889,0.0,0.0,158.5,2,40-44,9:00:00,13.0,,,,,,,,,,,,,,,,,,,,,,,,,,,,,schizophrenia + migraine,paranoid,59.0,clozapine,not traditional neuroleptic,not mood stabilizer
schizophrenia,schizophrenia_16,2003-10-25,1440,0,152.33125,273.0050861778825,0.47708333333333336,12.0,0.0,202.0,2,40-44,9:00:00,13.0,,,,,,,,,,,,,,,,,,,,,,,,,,,,,schizophrenia + migraine,paranoid,59.0,clozapine,not traditional neuroleptic,not mood stabilizer
schizophrenia,schizophrenia_16,2003-10-27,1440,0,143.78472222222223,268.4753936375021,0.46875,10.0,0.0,189.0,2,40-44,9:00:00,13.0,,,,,,,,,,,,,,,,,,,,,,,,,,,,,schizophrenia + migraine,paranoid,59.0,clozapine,not traditional neuroleptic,not mood stabilizer
schizophrenia,schizophrenia_16,2003-10-28,1440,0,81.39375,186.6387511562369,0.6576388888888889,0.0,0.0,63.0,2,40-44,9:00:00,13.0,,,,,,,,,,,,,,,,,,,,,,,,,,,,,schizophrenia + migraine,paranoid,59.0,clozapine,not traditional neuroleptic,not mood stabilizer
schizophrenia,schizophrenia_16,2003-10-29,1440,0,158.67638888888888,285.3170546335036,0.5006944444444444,0.0,0.0,216.0,2,40-44,9:00:00,13.0,,,,,,,,,,,,,,,,,,,,,,,,,,,,,schizophrenia + migraine,paranoid,59.0,clozapine,not traditional neuroleptic,not mood stabilizer
schizophrenia,schizophrenia_16,2003-10-30,1440,0,151.42916666666667,245.58396784077064,0.4388888888888889,40.0,0.0,202.0,2,40-44,9:00:00,13.0,,,,,,,,,,,,,,,,,,,,,,,,,,,,,schizophrenia + migraine,paranoid,59.0,clozapine,not traditional neuroleptic,not mood stabilizer
schizophrenia,schizophrenia_16,2003-10-31,1440,0,91.54097222222222,174.86404159660506,0.59375,0.0,0.0,111.0,2,40-44,9:00:00,13.0,,,,,,,,,,,,,,,,,,,,,,,,,,,,,schizophrenia + migraine,paranoid,59.0,clozapine,not traditional neuroleptic,not mood stabilizer
schizophrenia,schizophrenia_16,2003-11-01,1440,0,98.43958333333333,191.53474942870102,0.5916666666666667,0.0,0.0,116.0,2,40-44,9:00:00,13.0,,,,,,,,,,,,,,,,,,,,,,,,,,,,,schizophrenia + migraine,paranoid,59.0,clozapine,not traditional neuroleptic,not mood stabilizer
schizophrenia,schizophrenia_16,2003-11-02,1440,0,99.98055555555555,199.3809611709933,0.575,0.0,0.0,126.0,2,40-44,9:00:00,13.0,,,,,,,,,,,,,,,,,,,,,,,,,,,,,schizophrenia + migraine,paranoid,59.0,clozapine,not traditional neuroleptic,not mood stabilizer
schizophrenia,schizophrenia_16,2003-11-03,1440,0,122.58194444444445,227.1942547605884,0.5666666666666667,0.0,0.0,142.0,2,40-44,9:00:00,13.0,,,,,,,,,,,,,,,,,,,,,,,,,,,,,schizophrenia + migraine,paranoid,59.0,clozapine,not traditional neuroleptic,not mood stabilizer
schizophrenia,schizophrenia_16,2003-11-04,1440,0,89.73055555555555,194.904038809194,0.6368055555555555,0.0,0.0,66.75,2,40-44,9:00:00,13.0,,,,,,,,,,,,,,,,,,,,,,,,,,,,,schizophrenia + migraine,paranoid,59.0,clozapine,not traditional neuroleptic,not mood stabilizer
schizophrenia,schizophrenia_16,2003-11-05,1440,0,13.467361111111112,91.03268058616605,0.6076388888888888,0.0,0.0,3.0,2,40-44,9:00:00,13.0,,,,,,,,,,,,,,,,,,,,,,,,,,,,,schizophrenia + migraine,paranoid,59.0,clozapine,not traditional neuroleptic,not mood stabilizer
schizophrenia,schizophrenia_17,2003-10-29,1440,0,256.8611111111111,316.81139041828254,0.2881944444444444,130.0,0.0,454.0,2,45-49,9:00:00,13.0,,,,,,,,,,,,,,,,,,,,,,,,,,,,,schizophrenia not migraine,paranoid,56.0,not clozapine,not traditional neuroleptic,not mood stabilizer
schizophrenia,schizophrenia_17,2003-10-30,1440,0,339.84236111111113,341.388585225404,0.21805555555555556,254.5,23.75,568.0,2,45-49,9:00:00,13.0,,,,,,,,,,,,,,,,,,,,,,,,,,,,,schizophrenia not migraine,paranoid,56.0,not clozapine,not traditional neuroleptic,not mood stabilizer
schizophrenia,schizophrenia_17,2003-10-31,1440,0,362.4270833333333,353.95775048387367,0.17777777777777778,277.0,42.5,606.0,2,45-49,9:00:00,13.0,,,,,,,,,,,,,,,,,,,,,,,,,,,,,schizophrenia not migraine,paranoid,56.0,not clozapine,not traditional neuroleptic,not mood stabilizer
schizophrenia,schizophrenia_17,2003-11-01,1440,0,253.62847222222223,313.6971759788576,0.28125,120.0,0.0,425.0,2,45-49,9:00:00,13.0,,,,,,,,,,,,,,,,,,,,,,,,,,,,,schizophrenia not migraine,paranoid,56.0,not clozapine,not traditional neuroleptic,not mood stabilizer
schizophrenia,schizophrenia_17,2003-11-02,1440,0,357.3041666666667,426.15785805571966,0.25625,212.0,0.0,568.0,2,45-49,9:00:00,13.0,,,,,,,,,,,,,,,,,,,,,,,,,,,,,schizophrenia not migraine,paranoid,56.0,not clozapine,not traditional neuroleptic,not mood stabilizer
schizophrenia,schizophrenia_17,2003-11-03,1440,0,288.10555555555555,302.6448711356123,0.1673611111111111,190.0,41.0,500.0,2,45-49,9:00:00,13.0,,,,,,,,,,,,,,,,,,,,,,,,,,,,,schizophrenia not migraine,paranoid,56.0,not clozapine,not traditional neuroleptic,not mood stabilizer
schizophrenia,schizophrenia_17,2003-11-04,1440,0,347.97291666666666,432.290151357786,0.2388888888888889,197.0,5.0,550.0,2,45-49,9:00:00,13.0,,,,,,,,,,,,,,,,,,,,,,,,,,,,,schizophrenia not migraine,paranoid,56.0,not clozapine,not traditional neuroleptic,not mood stabilizer
schizophrenia,schizophrenia_17,2003-11-05,1440,0,339.7416666666667,421.4998895314209,0.20972222222222223,212.0,20.75,587.0,2,45-49,9:00:00,13.0,,,,,,,,,,,,,,,,,,,,,,,,,,,,,schizophrenia not migraine,paranoid,56.0,not clozapine,not traditional neuroleptic,not mood stabilizer
schizophrenia,schizophrenia_17,2003-11-06,1440,0,352.2083333333333,367.07782960308447,0.2625,259.0,0.0,606.0,2,45-49,9:00:00,13.0,,,,,,,,,,,,,,,,,,,,,,,,,,,,,schizophrenia not migraine,paranoid,56.0,not clozapine,not traditional neuroleptic,not mood stabilizer
schizophrenia,schizophrenia_17,2003-11-07,1440,0,417.61805555555554,553.1599250935958,0.24583333333333332,317.0,3.0,606.0,2,45-49,9:00:00,13.0,,,,,,,,,,,,,,,,,,,,,,,,,,,,,schizophrenia not migraine,paranoid,56.0,not clozapine,not traditional neuroleptic,not mood stabilizer
schizophrenia,schizophrenia_17,2003-11-08,1440,0,318.8875,363.25421708858227,0.2423611111111111,212.0,3.0,517.0,2,45-49,9:00:00,13.0,,,,,,,,,,,,,,,,,,,,,,,,,,,,,schizophrenia not migraine,paranoid,56.0,not clozapine,not traditional neuroleptic,not mood stabilizer
schizophrenia,schizophrenia_17,2003-11-09,1440,0,278.62569444444443,582.5810311124262,0.28958333333333336,107.0,0.0,373.0,2,45-49,9:00:00,13.0,,,,,,,,,,,,,,,,,,,,,,,,,,,,,schizophrenia not migraine,paranoid,56.0,not clozapine,not traditional neuroleptic,not mood stabilizer
schizophrenia,schizophrenia_17,2003-11-10,1440,0,277.1,324.2782558578701,0.2875,148.0,0.0,469.0,2,45-49,9:00:00,13.0,,,,,,,,,,,,,,,,,,,,,,,,,,,,,schizophrenia not migraine,paranoid,56.0,not clozapine,not traditional neuroleptic,not mood stabilizer
schizophrenia,schizophrenia_17,2003-11-11,1440,0,175.36388888888888,301.2619837660476,0.5194444444444445,0.0,0.0,296.0,2,45-49,9:00:00,13.0,,,,,,,,,,,,,,,,,,,,,,,,,,,,,schizophrenia not migraine,paranoid,56.0,not clozapine,not traditional neuroleptic,not mood stabilizer
schizophrenia,schizophrenia_18,2003-11-05,1440,0,74.67152777777778,181.5057460688207,0.7076388888888889,0.0,0.0,15.0,2,55-59,9:00:00,13.0,,,,,,,,,,,,,,,,,,,,,,,,,,,,,schizophrenia not migraine,non-paranoid,,not clozapine,not traditional neuroleptic,not mood stabilizer
schizophrenia,schizophrenia_18,2003-11-06,1440,0,177.55416666666667,246.0359190339108,0.3402777777777778,70.0,0.0,268.0,2,55-59,9:00:00,13.0,,,,,,,,,,,,,,,,,,,,,,,,,,,,,schizophrenia not migraine,non-paranoid,,not clozapine,not traditional neuroleptic,not mood stabilizer
schizophrenia,schizophrenia_18,2003-11-07,1440,0,142.85208333333333,222.55096715532565,0.37916666666666665,34.0,0.0,197.0,2,55-59,9:00:00,13.0,,,,,,,,,,,,,,,,,,,,,,,,,,,,,schizophrenia not migraine,non-paranoid,,not clozapine,not traditional neuroleptic,not mood stabilizer
schizophrenia,schizophrenia_18,2003-11-08,1440,0,137.26805555555555,231.6772127853685,0.4340277777777778,12.0,0.0,184.0,2,55-59,9:00:00,13.0,,,,,,,,,,,,,,,,,,,,,,,,,,,,,schizophrenia not migraine,non-paranoid,,not clozapine,not traditional neuroleptic,not mood stabilizer
schizophrenia,schizophrenia_18,2003-11-09,1440,0,99.10069444444444,169.07526758999632,0.45416666666666666,9.0,0.0,120.0,2,55-59,9:00:00,13.0,,,,,,,,,,,,,,,,,,,,,,,,,,,,,schizophrenia not migraine,non-paranoid,,not clozapine,not traditional neuroleptic,not mood stabilizer
schizophrenia,schizophrenia_18,2003-11-10,1440,0,138.85694444444445,227.66022826815407,0.43333333333333335,17.0,0.0,212.0,2,55-59,9:00:00,13.0,,,,,,,,,,,,,,,,,,,,,,,,,,,,,schizophrenia not migraine,non-paranoid,,not clozapine,not traditional neuroleptic,not mood stabilizer
schizophrenia,schizophrenia_18,2003-11-11,1440,0,148.64166666666668,231.62086942410386,0.47708333333333336,5.0,0.0,242.0,2,55-59,9:00:00,13.0,,,,,,,,,,,,,,,,,,,,,,,,,,,,,schizophrenia not migraine,non-paranoid,,not clozapine,not traditional neuroleptic,not mood stabilizer
schizophrenia,schizophrenia_18,2003-11-12,1440,0,163.8048611111111,329.5247779483739,0.4909722222222222,3.0,0.0,204.0,2,55-59,9:00:00,13.0,,,,,,,,,,,,,,,,,,,,,,,,,,,,,schizophrenia not migraine,non-paranoid,,not clozapine,not traditional neuroleptic,not mood stabilizer
schizophrenia,schizophrenia_18,2003-11-13,1440,0,163.0875,244.07404525260816,0.3784722222222222,44.0,0.0,250.0,2,55-59,9:00:00,13.0,,,,,,,,,,,,,,,,,,,,,,,,,,,,,schizophrenia not migraine,non-paranoid,,not clozapine,not traditional neuroleptic,not mood stabilizer
schizophrenia,schizophrenia_18,2003-11-14,1440,0,129.7486111111111,215.73261323855894,0.46944444444444444,9.0,0.0,190.0,2,55-59,9:00:00,13.0,,,,,,,,,,,,,,,,,,,,,,,,,,,,,schizophrenia not migraine,non-paranoid,,not clozapine,not traditional neuroleptic,not mood stabilizer
schizophrenia,schizophrenia_18,2003-11-15,1440,0,130.22291666666666,197.62181096546715,0.39375,37.0,0.0,197.0,2,55-59,9:00:00,13.0,,,,,,,,,,,,,,,,,,,,,,,,,,,,,schizophrenia not migraine,non-paranoid,,not clozapine,not traditional neuroleptic,not mood stabilizer
schizophrenia,schizophrenia_18,2003-11-16,1440,0,134.55625,206.70386332556845,0.41944444444444445,21.0,0.0,197.0,2,55-59,9:00:00,13.0,,,,,,,,,,,,,,,,,,,,,,,,,,,,,schizophrenia not migraine,non-paranoid,,not clozapine,not traditional neuroleptic,not mood stabilizer
schizophrenia,schizophrenia_18,2003-11-17,1440,0,138.40416666666667,225.91193400766446,0.49375,3.0,0.0,206.0,2,55-59,9:00:00,13.0,,,,,,,,,,,,,,,,,,,,,,,,,,,,,schizophrenia not migraine,non-paranoid,,not clozapine,not traditional neuroleptic,not mood stabilizer
schizophrenia,schizophrenia_18,2003-11-18,1440,0,139.21458333333334,214.6511328064778,0.48680555555555555,3.0,0.0,242.0,2,55-59,9:00:00,13.0,,,,,,,,,,,,,,,,,,,,,,,,,,,,,schizophrenia not migraine,non-paranoid,,not clozapine,not traditional neuroleptic,not mood stabilizer
schizophrenia,schizophrenia_18,2003-11-19,1440,0,32.13194444444444,133.30908876074105,0.8451388888888889,0.0,0.0,0.0,2,55-59,9:00:00,13.0,,,,,,,,,,,,,,,,,,,,,,,,,,,,,schizophrenia not migraine,non-paranoid,,not clozapine,not traditional neuroleptic,not mood stabilizer
schizophrenia,schizophrenia_18,2003-11-20,1440,0,2.213888888888889,36.566588064164826,0.9354166666666667,0.0,0.0,0.0,2,55-59,9:00:00,13.0,,,,,,,,,,,,,,,,,,,,,,,,,,,,,schizophrenia not migraine,non-paranoid,,not clozapine,not traditional neuroleptic,not mood stabilizer
schizophrenia,schizophrenia_18,2003-11-21,1440,0,12.427083333333334,75.17424363026171,0.5881944444444445,0.0,0.0,3.0,2,55-59,9:00:00,13.0,,,,,,,,,,,,,,,,,,,,,,,,,,,,,schizophrenia not migraine,non-paranoid,,not clozapine,not traditional neuroleptic,not mood stabilizer
schizophrenia,schizophrenia_19,2004-01-10,1440,0,58.043055555555554,122.57092428285131,0.5743055555555555,0.0,0.0,51.0,2,35-39,9:00:00,13.0,,,,,,,,,,,,,,,,,,,,,,,,,,,,,schizophrenia + migraine,paranoid,,not clozapine,tradional neuroleptic (as only n.),not mood stabilizer
schizophrenia,schizophrenia_19,2004-01-11,1440,0,87.25763888888889,209.07781880593498,0.5020833333333333,0.0,0.0,108.0,2,35-39,9:00:00,13.0,,,,,,,,,,,,,,,,,,,,,,,,,,,,,schizophrenia + migraine,paranoid,,not clozapine,tradional neuroleptic (as only n.),not mood stabilizer
schizophrenia,schizophrenia_19,2004-01-12,1440,0,93.49930555555555,180.6230690002617,0.5715277777777777,0.0,0.0,120.0,2,35-39,9:00:00,13.0,,,,,,,,,,,,,,,,,,,,,,,,,,,,,schizophrenia + migraine,paranoid,,not clozapine,tradional neuroleptic (as only n.),not mood stabilizer
schizophrenia,schizophrenia_19,2004-01-13,1440,0,132.68055555555554,279.71397227986347,0.425,18.0,0.0,163.0,2,35-39,9:00:00,13.0,,,,,,,,,,,,,,,,,,,,,,,,,,,,,schizophrenia + migraine,paranoid,,not clozapine,tradional neuroleptic (as only n.),not mood stabilizer
schizophrenia,schizophrenia_19,2004-01-14,1440,0,129.44027777777777,274.1502234986637,0.3645833333333333,27.5,0.0,148.5,2,35-39,9:00:00,13.0,,,,,,,,,,,,,,,,,,,,,,,,,,,,,schizophrenia + migraine,paranoid,,not clozapine,tradional neuroleptic (as only n.),not mood stabilizer
schizophrenia,schizophrenia_19,2004-01-15,1440,0,210.29236111111112,338.29553146371006,0.10347222222222222,81.0,20.0,251.0,2,35-39,9:00:00,13.0,,,,,,,,,,,,,,,,,,,,,,,,,,,,,schizophrenia + migraine,paranoid,,not clozapine,tradional neuroleptic (as only n.),not mood stabilizer
schizophrenia,schizophrenia_19,2004-01-16,1440,0,181.60347222222222,297.02826112107635,0.40069444444444446,26.5,0.0,276.0,2,35-39,9:00:00,13.0,,,,,,,,,,,,,,,,,,,,,,,,,,,,,schizophrenia + migraine,paranoid,,not clozapine,tradional neuroleptic (as only n.),not mood stabilizer
schizophrenia,schizophrenia_19,2004-01-17,1440,0,212.23402777777778,281.1324496723511,0.3701388888888889,99.0,0.0,336.0,2,35-39,9:00:00,13.0,,,,,,,,,,,,,,,,,,,,,,,,,,,,,schizophrenia + migraine,paranoid,,not clozapine,tradional neuroleptic (as only n.),not mood stabilizer
schizophrenia,schizophrenia_19,2004-01-18,1440,0,128.19444444444446,214.79087949347442,0.39166666666666666,39.0,0.0,200.75,2,35-39,9:00:00,13.0,,,,,,,,,,,,,,,,,,,,,,,,,,,,,schizophrenia + migraine,paranoid,,not clozapine,tradional neuroleptic (as only n.),not mood stabilizer
schizophrenia,schizophrenia_19,2004-01-19,1440,0,199.35208333333333,285.15006343365116,0.37916666666666665,78.0,0.0,315.0,2,35-39,9:00:00,13.0,,,,,,,,,,,,,,,,,,,,,,,,,,,,,schizophrenia + migraine,paranoid,,not clozapine,tradional neuroleptic (as only n.),not mood stabilizer
schizophrenia,schizophrenia_19,2004-01-20,1440,0,118.25833333333334,277.67615017318286,0.49583333333333335,2.0,0.0,142.0,2,35-39,9:00:00,13.0,,,,,,,,,,,,,,,,,,,,,,,,,,,,,schizophrenia + migraine,paranoid,,not clozapine,tradional neuroleptic (as only n.),not mood stabilizer
schizophrenia,schizophrenia_19,2004-01-21,1440,0,192.5951388888889,285.7505042354502,0.28402777777777777,87.0,0.0,295.0,2,35-39,9:00:00,13.0,,,,,,,,,,,,,,,,,,,,,,,,,,,,,schizophrenia + migraine,paranoid,,not clozapine,tradional neuroleptic (as only n.),not mood stabilizer
schizophrenia,schizophrenia_19,2004-01-22,1440,0,97.14166666666667,177.9921446066277,0.49236111111111114,2.0,0.0,137.0,2,35-39,9:00:00,13.0,,,,,,,,,,,,,,,,,,,,,,,,,,,,,schizophrenia + migraine,paranoid,,not clozapine,tradional neuroleptic (as only n.),not mood stabilizer
schizophrenia,schizophrenia_19,2004-01-23,1440,0,54.32083333333333,147.310263500677,0.7541666666666667,0.0,0.0,0.0,2,35-39,9:00:00,13.0,,,,,,,,,,,,,,,,,,,,,,,,,,,,,schizophrenia + migraine,paranoid,,not clozapine,tradional neuroleptic (as only n.),not mood stabilizer
schizophrenia,schizophrenia_19,2004-01-27,1440,0,8.42013888888889,99.54330023765,0.9284722222222223,0.0,0.0,0.0,2,35-39,9:00:00,13.0,,,,,,,,,,,,,,,,,,,,,,,,,,,,,schizophrenia + migraine,paranoid,,not clozapine,tradional neuroleptic (as only n.),not mood stabilizer
schizophrenia,schizophrenia_2,2003-09-03,1440,0,75.59027777777777,140.37851673612295,0.40694444444444444,15.0,0.0,88.0,2,50-54,9:00:00,13.0,,,,,,,,,,,,,,,,,,,,,,,,,,,,,schizophrenia not migraine,paranoid,59.0,not clozapine,not traditional neuroleptic,mood stabilizer
schizophrenia,schizophrenia_2,2003-09-04,1440,0,72.40277777777777,149.20286895162258,0.3784722222222222,20.0,0.0,82.0,2,50-54,9:00:00,13.0,,,,,,,,,,,,,,,,,,,,,,,,,,,,,schizophrenia not migraine,paranoid,59.0,not clozapine,not traditional neuroleptic,mood stabilizer
schizophrenia,schizophrenia_2,2003-09-05,1440,0,76.94375,151.81230288800614,0.37430555555555556,18.0,0.0,88.0,2,50-54,9:00:00,13.0,,,,,,,,,,,,,,,,,,,,,,,,,,,,,schizophrenia not migraine,paranoid,59.0,not clozapine,not traditional neuroleptic,mood stabilizer
schizophrenia,schizophrenia_2,2003-09-06,1440,0,80.47916666666667,170.20215385559413,0.45208333333333334,12.0,0.0,94.0,2,50-54,9:00:00,13.0,,,,,,,,,,,,,,,,,,,,,,,,,,,,,schizophrenia not migraine,paranoid,59.0,not clozapine,not traditional neuroleptic,mood stabilizer
schizophrenia,schizophrenia_2,2003-09-07,1440,0,66.56527777777778,131.23554381734374,0.46041666666666664,9.0,0.0,79.0,2,50-54,9:00:00,13.0,,,,,,,,,,,,,,,,,,,,,,,,,,,,,schizophrenia not migraine,paranoid,59.0,not clozapine,not traditional neuroleptic,mood stabilizer
schizophrenia,schizophrenia_2,2003-09-08,1440,0,60.480555555555554,129.49833615285573,0.4409722222222222,12.0,0.0,73.0,2,50-54,9:00:00,13.0,,,,,,,,,,,,,,,,,,,,,,,,,,,,,schizophrenia not migraine,paranoid,59.0,not clozapine,not traditional neuroleptic,mood stabilizer
schizophrenia,schizophrenia_2,2003-09-09,1440,0,69.40486111111112,116.07247187154066,0.35138888888888886,23.0,0.0,88.0,2,50-54,9:00:00,13.0,,,,,,,,,,,,,,,,,,,,,,,,,,,,,schizophrenia not migraine,paranoid,59.0,not clozapine,not traditional neuroleptic,mood stabilizer
schizophrenia,schizophrenia_2,2003-09-10,1440,0,109.71805555555555,174.91476402521576,0.24375,55.0,3.0,130.0,2,50-54,9:00:00,13.0,,,,,,,,,,,,,,,,,,,,,,,,,,,,,schizophrenia not migraine,paranoid,59.0,not clozapine,not traditional neuroleptic,mood stabilizer
schizophrenia,schizophrenia_2,2003-09-11,1440,0,70.04583333333333,118.28468182677379,0.44375,17.5,0.0,94.0,2,50-54,9:00:00,13.0,,,,,,,,,,,,,,,,,,,,,,,,,,,,,schizophrenia not migraine,paranoid,59.0,not clozapine,not traditional neuroleptic,mood stabilizer
schizophrenia,schizophrenia_2,2003-09-12,1440,0,104.3125,149.6630320990569,0.3326388888888889,52.0,0.0,154.0,2,50-54,9:00:00,13.0,,,,,,,,,,,,,,,,,,,,,,,,,,,,,schizophrenia not migraine,paranoid,59.0,not clozapine,not traditional neuroleptic,mood stabilizer
schizophrenia,schizophrenia_2,2003-09-13,1440,0,103.25208333333333,161.56013133606444,0.32569444444444445,49.0,0.0,139.0,2,50-54,9:00:00,13.0,,,,,,,,,,,,,,,,,,,,,,,,,,,,,schizophrenia not migraine,paranoid,59.0,not clozapine,not traditional neuroleptic,mood stabilizer
schizophrenia,schizophrenia_2,2003-09-14,1440,0,112.85902777777778,147.40008476233544,0.24166666666666667,73.0,5.0,149.5,2,50-54,9:00:00,13.0,,,,,,,,,,,,,,,,,,,,,,,,,,,,,schizophrenia not migraine,paranoid,59.0,not clozapine,not traditional neuroleptic,mood stabilizer
schizophrenia,schizophrenia_2,2003-09-15,1440,0,132.51944444444445,168.37241595714815,0.06805555555555555,85.0,34.0,166.0,2,50-54,9:00:00,13.0,,,,,,,,,,,,,,,,,,,,,,,,,,,,,schizophrenia not migraine,paranoid,59.0,not clozapine,not traditional neuroleptic,mood stabilizer
schizophrenia,schizophrenia_2,2003-09-16,1440,0,61.99791666666667,120.79892324342478,0.5965277777777778,0.0,0.0,76.75,2,50-54,9:00:00,13.0,,,,,,,,,,,,,,,,,,,,,,,,,,,,,schizophrenia not migraine,paranoid,59.0,not clozapine,not traditional neuroleptic,mood stabilizer
schizophrenia,schizophrenia_20,2004-01-10,1440,0,93.10625,169.59111928021255,0.5166666666666667,0.0,0.0,122.0,2,40-44,9:00:00,13.0,,,,,,,,,,,,,,,,,,,,,,,,,,,,,schizophrenia not migraine,paranoid,,not clozapine,tradional neuroleptic (as only n.),not mood stabilizer
schizophrenia,schizophrenia_20,2004-01-11,1440,0,109.78819444444444,185.38969166945478,0.4305555555555556,11.0,0.0,155.0,2,40-44,9:00:00,13.0,,,,,,,,,,,,,,,,,,,,,,,,,,,,,schizophrenia not migraine,paranoid,,not clozapine,tradional neuroleptic (as only n.),not mood stabilizer
schizophrenia,schizophrenia_20,2004-01-12,1440,0,91.37152777777777,160.41177099161362,0.44583333333333336,12.0,0.0,115.0,2,40-44,9:00:00,13.0,,,,,,,,,,,,,,,,,,,,,,,,,,,,,schizophrenia not migraine,paranoid,,not clozapine,tradional neuroleptic (as only n.),not mood stabilizer
schizophrenia,schizophrenia_20,2004-01-13,1440,0,128.08333333333334,221.54836128685062,0.2847222222222222,38.0,0.0,151.0,2,40-44,9:00:00,13.0,,,,,,,,,,,,,,,,,,,,,,,,,,,,,schizophrenia not migraine,paranoid,,not clozapine,tradional neuroleptic (as only n.),not mood stabilizer
schizophrenia,schizophrenia_20,2004-01-14,1440,0,77.22222222222223,149.80439767152498,0.46319444444444446,8.5,0.0,81.5,2,40-44,9:00:00,13.0,,,,,,,,,,,,,,,,,,,,,,,,,,,,,schizophrenia not migraine,paranoid,,not clozapine,tradional neuroleptic (as only n.),not mood stabilizer
schizophrenia,schizophrenia_20,2004-01-15,1440,0,84.94236111111111,150.15342203886235,0.3951388888888889,21.0,0.0,92.0,2,40-44,9:00:00,13.0,,,,,,,,,,,,,,,,,,,,,,,,,,,,,schizophrenia not migraine,paranoid,,not clozapine,tradional neuroleptic (as only n.),not mood stabilizer
schizophrenia,schizophrenia_20,2004-01-16,1440,0,95.29722222222222,192.61296611211347,0.49444444444444446,2.0,0.0,103.0,2,40-44,9:00:00,13.0,,,,,,,,,,,,,,,,,,,,,,,,,,,,,schizophrenia not migraine,paranoid,,not clozapine,tradional neuroleptic (as only n.),not mood stabilizer
schizophrenia,schizophrenia_20,2004-01-17,1440,0,119.13055555555556,236.78664719232006,0.4777777777777778,6.0,0.0,122.0,2,40-44,9:00:00,13.0,,,,,,,,,,,,,,,,,,,,,,,,,,,,,schizophrenia not migraine,paranoid,,not clozapine,tradional neuroleptic (as only n.),not mood stabilizer
schizophrenia,schizophrenia_20,2004-01-18,1440,0,88.35972222222222,185.21659554853477,0.5180555555555556,0.0,0.0,89.0,2,40-44,9:00:00,13.0,,,,,,,,,,,,,,,,,,,,,,,,,,,,,schizophrenia not migraine,paranoid,,not clozapine,tradional neuroleptic (as only n.),not mood stabilizer
schizophrenia,schizophrenia_20,2004-01-19,1440,0,94.00347222222223,171.90157669805419,0.5,1.0,0.0,112.0,2,40-44,9:00:00,13.0,,,,,,,,,,,,,,,,,,,,,,,,,,,,,schizophrenia not migraine,paranoid,,not clozapine,tradional neuroleptic (as only n.),not mood stabilizer
schizophrenia,schizophrenia_20,2004-01-20,1440,0,136.63125,248.38372138933596,0.4215277777777778,24.0,0.0,162.5,2,40-44,9:00:00,13.0,,,,,,,,,,,,,,,,,,,,,,,,,,,,,schizophrenia not migraine,paranoid,,not clozapine,tradional neuroleptic (as only n.),not mood stabilizer
schizophrenia,schizophrenia_20,2004-01-21,1440,0,97.15347222222222,155.5222677041219,0.4888888888888889,4.0,0.0,132.0,2,40-44,9:00:00,13.0,,,,,,,,,,,,,,,,,,,,,,,,,,,,,schizophrenia not migraine,paranoid,,not clozapine,tradional neuroleptic (as only n.),not mood stabilizer
schizophrenia,schizophrenia_20,2004-01-22,1440,0,94.89097222222222,168.7334433907494,0.46458333333333335,9.0,0.0,111.0,2,40-44,9:00:00,13.0,,,,,,,,,,,,,,,,,,,,,,,,,,,,,schizophrenia not migraine,paranoid,,not clozapine,tradional neuroleptic (as only n.),not mood stabilizer
schizophrenia,schizophrenia_20,2004-01-23,1440,0,20.675,81.69959327724139,0.8652777777777778,0.0,0.0,0.0,2,40-44,9:00:00,13.0,,,,,,,,,,,,,,,,,,,,,,,,,,,,,schizophrenia not migraine,paranoid,,not clozapine,tradional neuroleptic (as only n.),not mood stabilizer
schizophrenia,schizophrenia_20,2004-01-26,1440,0,0.2048611111111111,0.6414858902396398,0.9,0.0,0.0,0.0,2,40-44,9:00:00,13.0,,,,,,,,,,,,,,,,,,,,,,,,,,,,,schizophrenia not migraine,paranoid,,not clozapine,tradional neuroleptic (as only n.),not mood stabilizer
schizophrenia,schizophrenia_20,2004-01-27,1440,0,12.057638888888889,57.22753207817446,0.07916666666666666,2.0,2.0,2.0,2,40-44,9:00:00,13.0,,,,,,,,,,,,,,,,,,,,,,,,,,,,,schizophrenia not migraine,paranoid,,not clozapine,tradional neuroleptic (as only n.),not mood stabilizer
schizophrenia,schizophrenia_21,2004-01-28,1440,0,167.51111111111112,286.29272827899786,0.4013888888888889,27.0,0.0,197.0,2,30-34,9:00:00,13.0,,,,,,,,,,,,,,,,,,,,,,,,,,,,,schizophrenia not migraine,non-paranoid,34.0,not clozapine,not traditional neuroleptic,not mood stabilizer
schizophrenia,schizophrenia_21,2004-01-29,1440,0,151.4673611111111,278.3989848545362,0.5,1.5,0.0,190.0,2,30-34,9:00:00,13.0,,,,,,,,,,,,,,,,,,,,,,,,,,,,,schizophrenia not migraine,non-paranoid,34.0,not clozapine,not traditional neuroleptic,not mood stabilizer
schizophrenia,schizophrenia_21,2004-01-30,1440,0,139.87152777777777,273.1768851462756,0.5173611111111112,0.0,0.0,144.25,2,30-34,9:00:00,13.0,,,,,,,,,,,,,,,,,,,,,,,,,,,,,schizophrenia not migraine,non-paranoid,34.0,not clozapine,not traditional neuroleptic,not mood stabilizer
schizophrenia,schizophrenia_21,2004-01-31,1440,0,70.94583333333334,178.30142972996597,0.6784722222222223,0.0,0.0,41.0,2,30-34,9:00:00,13.0,,,,,,,,,,,,,,,,,,,,,,,,,,,,,schizophrenia not migraine,non-paranoid,34.0,not clozapine,not traditional neuroleptic,not mood stabilizer
schizophrenia,schizophrenia_21,2004-02-01,1440,0,115.36319444444445,267.052009407689,0.5326388888888889,0.0,0.0,91.75,2,30-34,9:00:00,13.0,,,,,,,,,,,,,,,,,,,,,,,,,,,,,schizophrenia not migraine,non-paranoid,34.0,not clozapine,not traditional neuroleptic,not mood stabilizer
schizophrenia,schizophrenia_21,2004-02-02,1440,0,143.52569444444444,306.1136420347769,0.5638888888888889,0.0,0.0,126.25,2,30-34,9:00:00,13.0,,,,,,,,,,,,,,,,,,,,,,,,,,,,,schizophrenia not migraine,non-paranoid,34.0,not clozapine,not traditional neuroleptic,not mood stabilizer
schizophrenia,schizophrenia_21,2004-02-03,1440,0,141.96597222222223,283.32472944367663,0.5298611111111111,0.0,0.0,148.0,2,30-34,9:00:00,13.0,,,,,,,,,,,,,,,,,,,,,,,,,,,,,schizophrenia not migraine,non-paranoid,34.0,not clozapine,not traditional neuroleptic,not mood stabilizer
schizophrenia,schizophrenia_21,2004-02-04,1440,0,122.04097222222222,241.56246975368344,0.5194444444444445,0.0,0.0,143.0,2,30-34,9:00:00,13.0,,,,,,,,,,,,,,,,,,,,,,,,,,,,,schizophrenia not migraine,non-paranoid,34.0,not clozapine,not traditional neuroleptic,not mood stabilizer
schizophrenia,schizophrenia_21,2004-02-05,1440,0,145.02083333333334,259.9537076510504,0.5305555555555556,0.0,0.0,178.0,2,30-34,9:00:00,13.0,,,,,,,,,,,,,,,,,,,,,,,,,,,,,schizophrenia not migraine,non-paranoid,34.0,not clozapine,not traditional neuroleptic,not mood stabilizer
schizophrenia,schizophrenia_21,2004-02-06,1440,0,169.54583333333332,270.62435908956695,0.3416666666666667,61.0,0.0,212.0,2,30-34,9:00:00,13.0,,,,,,,,,,,,,,,,,,,,,,,,,,,,,schizophrenia not migraine,non-paranoid,34.0,not clozapine,not traditional neuroleptic,not mood stabilizer
schizophrenia,schizophrenia_21,2004-02-07,1440,0,84.80069444444445,186.84906973444868,0.6236111111111111,0.0,0.0,70.0,2,30-34,9:00:00,13.0,,,,,,,,,,,,,,,,,,,,,,,,,,,,,schizophrenia not migraine,non-paranoid,34.0,not clozapine,not traditional neuroleptic,not mood stabilizer
schizophrenia,schizophrenia_21,2004-02-08,1440,0,131.6326388888889,274.94649058444617,0.5451388888888888,0.0,0.0,120.0,2,30-34,9:00:00,13.0,,,,,,,,,,,,,,,,,,,,,,,,,,,,,schizophrenia not migraine,non-paranoid,34.0,not clozapine,not traditional neuroleptic,not mood stabilizer
schizophrenia,schizophrenia_21,2004-02-09,1440,0,130.39583333333334,280.7453303942818,0.5472222222222223,0.0,0.0,111.0,2,30-34,9:00:00,13.0,,,,,,,,,,,,,,,,,,,,,,,,,,,,,schizophrenia not migraine,non-paranoid,34.0,not clozapine,not traditional neuroleptic,not mood stabilizer
schizophrenia,schizophrenia_21,2004-02-10,1440,0,127.26875,373.83863961324533,0.74375,0.0,0.0,8.0,2,30-34,9:00:00,13.0,,,,,,,,,,,,,,,,,,,,,,,,,,,,,schizophrenia not migraine,non-paranoid,34.0,not clozapine,not traditional neuroleptic,not mood stabilizer
schizophrenia,schizophrenia_21,2004-02-11,1440,0,2.6979166666666665,40.06633036594511,0.9881944444444445,0.0,0.0,0.0,2,30-34,9:00:00,13.0,,,,,,,,,,,,,,,,,,,,,,,,,,,,,schizophrenia not migraine,non-paranoid,34.0,not clozapine,not traditional neuroleptic,not mood stabilizer
schizophrenia,schizophrenia_21,2004-02-12,1440,0,0.09236111111111112,2.6045787636900966,0.9972222222222222,0.0,0.0,0.0,2,30-34,9:00:00,13.0,,,,,,,,,,,,,,,,,,,,,,,,,,,,,schizophrenia not migraine,non-paranoid,34.0,not clozapine,not traditional neuroleptic,not mood stabilizer
schizophrenia,schizophrenia_21,2004-02-13,1440,0,2.145138888888889,1.4138859896826856,0.2881944444444444,3.0,0.0,3.0,2,30-34,9:00:00,13.0,,,,,,,,,,,,,,,,,,,,,,,,,,,,,schizophrenia not migraine,non-paranoid,34.0,not clozapine,not traditional neuroleptic,not mood stabilizer
schizophrenia,schizophrenia_21,2004-02-14,1440,0,3.488888888888889,0.8595146491472763,0.0,3.0,3.0,3.0,2,30-34,9:00:00,13.0,,,,,,,,,,,,,,,,,,,,,,,,,,,,,schizophrenia not migraine,non-paranoid,34.0,not clozapine,not traditional neuroleptic,not mood stabilizer
schizophrenia,schizophrenia_21,2004-02-15,1440,0,3.0416666666666665,0.28565227501671014,0.0,3.0,3.0,3.0,2,30-34,9:00:00,13.0,,,,,,,,,,,,,,,,,,,,,,,,,,,,,schizophrenia not migraine,non-paranoid,34.0,not clozapine,not traditional neuroleptic,not mood stabilizer
schizophrenia,schizophrenia_21,2004-02-16,1440,0,4.269444444444445,0.9630159351526976,0.0,5.0,3.0,5.0,2,30-34,9:00:00,13.0,,,,,,,,,,,,,,,,,,,,,,,,,,,,,schizophrenia not migraine,non-paranoid,34.0,not clozapine,not traditional neuroleptic,not mood stabilizer
schizophrenia,schizophrenia_21,2004-02-17,1440,0,11.922222222222222,59.034237293620606,0.0,5.0,5.0,5.0,2,30-34,9:00:00,13.0,,,,,,,,,,,,,,,,,,,,,,,,,,,,,schizophrenia not migraine,non-paranoid,34.0,not clozapine,not traditional neuroleptic,not mood stabilizer
schizophrenia,schizophrenia_22,2004-02-18,1440,0,246.27430555555554,290.48744552297296,0.28958333333333336,175.0,0.0,360.0,2,50-54,9:00:00,13.0,,,,,,,,,,,,,,,,,,,,,,,,,,,,,schizophrenia not migraine,paranoid,,not clozapine,tradional neuroleptic (as only n.),not mood stabilizer
schizophrenia,schizophrenia_22,2004-02-19,1440,0,231.45625,301.5343255333071,0.3784722222222222,104.0,0.0,372.0,2,50-54,9:00:00,13.0,,,,,,,,,,,,,,,,,,,,,,,,,,,,,schizophrenia not migraine,paranoid,,not clozapine,tradional neuroleptic (as only n.),not mood stabilizer
schizophrenia,schizophrenia_22,2004-02-20,1440,0,216.02430555555554,293.00164503390295,0.3763888888888889,93.0,0.0,325.0,2,50-54,9:00:00,13.0,,,,,,,,,,,,,,,,,,,,,,,,,,,,,schizophrenia not migraine,paranoid,,not clozapine,tradional neuroleptic (as only n.),not mood stabilizer
schizophrenia,schizophrenia_22,2004-02-21,1440,0,111.95138888888889,198.5226103083136,0.5840277777777778,0.0,0.0,168.0,2,50-54,9:00:00,13.0,,,,,,,,,,,,,,,,,,,,,,,,,,,,,schizophrenia not migraine,paranoid,,not clozapine,tradional neuroleptic (as only n.),not mood stabilizer
schizophrenia,schizophrenia_22,2004-02-22,1440,0,189.6861111111111,224.59234076281626,0.3486111111111111,123.5,0.0,304.0,2,50-54,9:00:00,13.0,,,,,,,,,,,,,,,,,,,,,,,,,,,,,schizophrenia not migraine,paranoid,,not clozapine,tradional neuroleptic (as only n.),not mood stabilizer
schizophrenia,schizophrenia_22,2004-02-23,1440,0,296.9222222222222,365.9743703921773,0.3145833333333333,182.0,0.0,438.0,2,50-54,9:00:00,13.0,,,,,,,,,,,,,,,,,,,,,,,,,,,,,schizophrenia not migraine,paranoid,,not clozapine,tradional neuroleptic (as only n.),not mood stabilizer
schizophrenia,schizophrenia_22,2004-02-24,1440,0,212.0326388888889,281.2427449261435,0.41180555555555554,76.0,0.0,339.0,2,50-54,9:00:00,13.0,,,,,,,,,,,,,,,,,,,,,,,,,,,,,schizophrenia not migraine,paranoid,,not clozapine,tradional neuroleptic (as only n.),not mood stabilizer
schizophrenia,schizophrenia_22,2004-02-25,1440,0,271.9826388888889,375.27415771485227,0.37916666666666665,137.0,0.0,384.0,2,50-54,9:00:00,13.0,,,,,,,,,,,,,,,,,,,,,,,,,,,,,schizophrenia not migraine,paranoid,,not clozapine,tradional neuroleptic (as only n.),not mood stabilizer
schizophrenia,schizophrenia_22,2004-02-26,1440,0,255.53541666666666,343.6700535253314,0.3388888888888889,137.0,0.0,372.0,2,50-54,9:00:00,13.0,,,,,,,,,,,,,,,,,,,,,,,,,,,,,schizophrenia not migraine,paranoid,,not clozapine,tradional neuroleptic (as only n.),not mood stabilizer
schizophrenia,schizophrenia_22,2004-02-27,1440,0,239.59791666666666,366.25758448133763,0.36944444444444446,97.0,0.0,317.5,2,50-54,9:00:00,13.0,,,,,,,,,,,,,,,,,,,,,,,,,,,,,schizophrenia not migraine,paranoid,,not clozapine,tradional neuroleptic (as only n.),not mood stabilizer
schizophrenia,schizophrenia_22,2004-02-28,1440,0,174.6611111111111,237.18211272936546,0.3958333333333333,76.0,0.0,275.0,2,50-54,9:00:00,13.0,,,,,,,,,,,,,,,,,,,,,,,,,,,,,schizophrenia not migraine,paranoid,,not clozapine,tradional neuroleptic (as only n.),not mood stabilizer
schizophrenia,schizophrenia_22,2004-02-29,1440,0,138.83402777777778,213.67737449221926,0.4465277777777778,24.0,0.0,202.0,2,50-54,9:00:00,13.0,,,,,,,,,,,,,,,,,,,,,,,,,,,,,schizophrenia not migraine,paranoid,,not clozapine,tradional neuroleptic (as only n.),not mood stabilizer
schizophrenia,schizophrenia_22,2004-03-01,1440,0,206.42916666666667,268.7665121219428,0.3548611111111111,102.0,0.0,325.0,2,50-54,9:00:00,13.0,,,,,,,,,,,,,,,,,,,,,,,,,,,,,schizophrenia not migraine,paranoid,,not clozapine,tradional neuroleptic (as only n.),not mood stabilizer
schizophrenia,schizophrenia_22,2004-03-02,1440,0,118.13541666666667,257.00155451560505,0.6791666666666667,0.0,0.0,97.0,2,50-54,9:00:00,13.0,,,,,,,,,,,,,,,,,,,,,,,,,,,,,schizophrenia not migraine,paranoid,,not clozapine,tradional neuroleptic (as only n.),not mood stabilizer
schizophrenia,schizophrenia_3,2003-09-03,1440,0,194.39930555555554,318.6008838562162,0.4722222222222222,11.0,0.0,305.0,2,55-60,9:00:00,13.0,,,,,,,,,,,,,,,,,,,,,,,,,,,,,schizophrenia not migraine,paranoid,38.0,not clozapine,not traditional neuroleptic,mood stabilizer
schizophrenia,schizophrenia_3,2003-09-04,1440,0,174.50069444444443,298.7179852666056,0.48680555555555555,4.0,0.0,253.0,2,55-60,9:00:00,13.0,,,,,,,,,,,,,,,,,,,,,,,,,,,,,schizophrenia not migraine,paranoid,38.0,not clozapine,not traditional neuroleptic,mood stabilizer
schizophrenia,schizophrenia_3,2003-09-05,1440,0,93.7388888888889,215.92390928001797,0.7145833333333333,0.0,0.0,17.0,2,55-60,9:00:00,13.0,,,,,,,,,,,,,,,,,,,,,,,,,,,,,schizophrenia not migraine,paranoid,38.0,not clozapine,not traditional neuroleptic,mood stabilizer
schizophrenia,schizophrenia_3,2003-09-06,1440,0,243.77916666666667,241.30960659003793,0.08541666666666667,180.0,63.0,358.0,2,55-60,9:00:00,13.0,,,,,,,,,,,,,,,,,,,,,,,,,,,,,schizophrenia not migraine,paranoid,38.0,not clozapine,not traditional neuroleptic,mood stabilizer
schizophrenia,schizophrenia_3,2003-09-07,1440,0,215.5875,282.70093023345555,0.3486111111111111,116.0,0.0,361.0,2,55-60,9:00:00,13.0,,,,,,,,,,,,,,,,,,,,,,,,,,,,,schizophrenia not migraine,paranoid,38.0,not clozapine,not traditional neuroleptic,mood stabilizer
schizophrenia,schizophrenia_3,2003-09-08,1440,0,246.4701388888889,300.816359996672,0.24722222222222223,165.5,2.0,358.0,2,55-60,9:00:00,13.0,,,,,,,,,,,,,,,,,,,,,,,,,,,,,schizophrenia not migraine,paranoid,38.0,not clozapine,not traditional neuroleptic,mood stabilizer
schizophrenia,schizophrenia_3,2003-09-09,1440,0,257.9527777777778,291.5830246603216,0.04791666666666667,168.0,11.75,421.0,2,55-60,9:00:00,13.0,,,,,,,,,,,,,,,,,,,,,,,,,,,,,schizophrenia not migraine,paranoid,38.0,not clozapine,not traditional neuroleptic,mood stabilizer
schizophrenia,schizophrenia_3,2003-09-10,1440,0,205.65,249.0703292021932,0.10138888888888889,110.0,3.0,326.0,2,55-60,9:00:00,13.0,,,,,,,,,,,,,,,,,,,,,,,,,,,,,schizophrenia not migraine,paranoid,38.0,not clozapine,not traditional neuroleptic,mood stabilizer
schizophrenia,schizophrenia_3,2003-09-11,1440,0,211.12291666666667,237.7548767518152,0.15833333333333333,137.0,6.0,336.0,2,55-60,9:00:00,13.0,,,,,,,,,,,,,,,,,,,,,,,,,,,,,schizophrenia not migraine,paranoid,38.0,not clozapine,not traditional neuroleptic,mood stabilizer
schizophrenia,schizophrenia_3,2003-09-12,1440,0,186.04305555555555,223.7207388230972,0.25416666666666665,108.0,0.0,295.0,2,55-60,9:00:00,13.0,,,,,,,,,,,,,,,,,,,,,,,,,,,,,schizophrenia not migraine,paranoid,38.0,not clozapine,not traditional neuroleptic,mood stabilizer
schizophrenia,schizophrenia_3,2003-09-13,1440,0,176.84722222222223,206.6837096280626,0.27708333333333335,101.0,0.0,286.0,2,55-60,9:00:00,13.0,,,,,,,,,,,,,,,,,,,,,,,,,,,,,schizophrenia not migraine,paranoid,38.0,not clozapine,not traditional neuroleptic,mood stabilizer
schizophrenia,schizophrenia_3,2003-09-14,1440,0,173.69930555555555,207.4966780177616,0.30416666666666664,99.0,0.0,286.0,2,55-60,9:00:00,13.0,,,,,,,,,,,,,,,,,,,,,,,,,,,,,schizophrenia not migraine,paranoid,38.0,not clozapine,not traditional neuroleptic,mood stabilizer
schizophrenia,schizophrenia_3,2003-09-15,1440,0,157.54861111111111,203.91250608278023,0.33402777777777776,75.0,0.0,243.0,2,55-60,9:00:00,13.0,,,,,,,,,,,,,,,,,,,,,,,,,,,,,schizophrenia not migraine,paranoid,38.0,not clozapine,not traditional neuroleptic,mood stabilizer
schizophrenia,schizophrenia_3,2003-09-16,1440,0,75.6,158.96977263338812,0.6680555555555555,0.0,0.0,69.0,2,55-60,9:00:00,13.0,,,,,,,,,,,,,,,,,,,,,,,,,,,,,schizophrenia not migraine,paranoid,38.0,not clozapine,not traditional neuroleptic,mood stabilizer
schizophrenia,schizophrenia_4,2003-09-03,1440,0,158.51180555555555,238.57745335533644,0.5076388888888889,0.0,0.0,283.0,2,35-39,9:00:00,13.0,,,,,,,,,,,,,,,,,,,,,,,,,,,,,schizophrenia not migraine,paranoid,51.0,clozapine,not traditional neuroleptic,mood stabilizer
schizophrenia,schizophrenia_4,2003-09-04,1440,0,188.16180555555556,252.82950076652662,0.4722222222222222,12.0,0.0,377.0,2,35-39,9:00:00,13.0,,,,,,,,,,,,,,,,,,,,,,,,,,,,,schizophrenia not migraine,paranoid,51.0,clozapine,not traditional neuroleptic,mood stabilizer
schizophrenia,schizophrenia_4,2003-09-05,1440,0,198.05416666666667,245.36852919950388,0.4048611111111111,87.5,0.0,365.0,2,35-39,9:00:00,13.0,,,,,,,,,,,,,,,,,,,,,,,,,,,,,schizophrenia not migraine,paranoid,51.0,clozapine,not traditional neuroleptic,mood stabilizer
schizophrenia,schizophrenia_4,2003-09-06,1440,0,124.09236111111112,207.92153086489847,0.5555555555555556,0.0,0.0,174.25,2,35-39,9:00:00,13.0,,,,,,,,,,,,,,,,,,,,,,,,,,,,,schizophrenia not migraine,paranoid,51.0,clozapine,not traditional neuroleptic,mood stabilizer
schizophrenia,schizophrenia_4,2003-09-07,1440,0,154.64305555555555,236.842819612026,0.5256944444444445,0.0,0.0,292.0,2,35-39,9:00:00,13.0,,,,,,,,,,,,,,,,,,,,,,,,,,,,,schizophrenia not migraine,paranoid,51.0,clozapine,not traditional neuroleptic,mood stabilizer
schizophrenia,schizophrenia_4,2003-09-08,1440,0,181.18541666666667,249.3145512836562,0.4895833333333333,4.5,0.0,368.0,2,35-39,9:00:00,13.0,,,,,,,,,,,,,,,,,,,,,,,,,,,,,schizophrenia not migraine,paranoid,51.0,clozapine,not traditional neuroleptic,mood stabilizer
schizophrenia,schizophrenia_4,2003-09-09,1440,0,164.6159722222222,230.4141118493669,0.45208333333333334,26.0,0.0,292.0,2,35-39,9:00:00,13.0,,,,,,,,,,,,,,,,,,,,,,,,,,,,,schizophrenia not migraine,paranoid,51.0,clozapine,not traditional neuroleptic,mood stabilizer
schizophrenia,schizophrenia_4,2003-09-10,1440,0,182.1340277777778,249.75955539033336,0.4513888888888889,32.0,0.0,342.0,2,35-39,9:00:00,13.0,,,,,,,,,,,,,,,,,,,,,,,,,,,,,schizophrenia not migraine,paranoid,51.0,clozapine,not traditional neuroleptic,mood stabilizer
schizophrenia,schizophrenia_4,2003-09-11,1440,0,184.97291666666666,252.0019675074069,0.4465277777777778,32.0,0.0,365.0,2,35-39,9:00:00,13.0,,,,,,,,,,,,,,,,,,,,,,,,,,,,,schizophrenia not migraine,paranoid,51.0,clozapine,not traditional neuroleptic,mood stabilizer
schizophrenia,schizophrenia_4,2003-09-12,1440,0,205.86944444444444,268.29569541360354,0.36319444444444443,69.0,0.0,365.0,2,35-39,9:00:00,13.0,,,,,,,,,,,,,,,,,,,,,,,,,,,,,schizophrenia not migraine,paranoid,51.0,clozapine,not traditional neuroleptic,mood stabilizer
schizophrenia,schizophrenia_4,2003-09-13,1440,0,134.20625,226.35634968843007,0.5291666666666667,0.0,0.0,191.0,2,35-39,9:00:00,13.0,,,,,,,,,,,,,,,,,,,,,,,,,,,,,schizophrenia not migraine,paranoid,51.0,clozapine,not traditional neuroleptic,mood stabilizer
schizophrenia,schizophrenia_4,2003-09-14,1440,0,161.7722222222222,240.2905696016932,0.44513888888888886,14.0,0.0,275.5,2,35-39,9:00:00,13.0,,,,,,,,,,,,,,,,,,,,,,,,,,,,,schizophrenia not migraine,paranoid,51.0,clozapine,not traditional neuroleptic,mood stabilizer
schizophrenia,schizophrenia_4,2003-09-15,1440,0,165.08125,239.5405693628111,0.4951388888888889,2.0,0.0,292.0,2,35-39,9:00:00,13.0,,,,,,,,,,,,,,,,,,,,,,,,,,,,,schizophrenia not migraine,paranoid,51.0,clozapine,not traditional neuroleptic,mood stabilizer
schizophrenia,schizophrenia_4,2003-09-16,1440,0,94.48055555555555,196.57644373887908,0.7145833333333333,0.0,0.0,40.0,2,35-39,9:00:00,13.0,,,,,,,,,,,,,,,,,,,,,,,,,,,,,schizophrenia not migraine,paranoid,51.0,clozapine,not traditional neuroleptic,mood stabilizer
schizophrenia,schizophrenia_5,2003-09-03,1440,0,125.96527777777777,230.12148703319139,0.5055555555555555,0.0,0.0,156.0,1,35-39,9:00:00,13.0,,,,,,,,,,,,,,,,,,,,,,,,,,,,,schizophrenia + migraine,paranoid,59.0,clozapine,not traditional neuroleptic,not mood stabilizer
schizophrenia,schizophrenia_5,2003-09-04,1440,0,168.84444444444443,230.49483477515213,0.41388888888888886,63.0,0.0,283.0,1,35-39,9:00:00,13.0,,,,,,,,,,,,,,,,,,,,,,,,,,,,,schizophrenia + migraine,paranoid,59.0,clozapine,not traditional neuroleptic,not mood stabilizer
schizophrenia,schizophrenia_5,2003-09-05,1440,0,174.52083333333334,250.43830934622292,0.45555555555555555,37.0,0.0,283.0,1,35-39,9:00:00,13.0,,,,,,,,,,,,,,,,,,,,,,,,,,,,,schizophrenia + migraine,paranoid,59.0,clozapine,not traditional neuroleptic,not mood stabilizer
schizophrenia,schizophrenia_5,2003-09-06,1440,0,126.30486111111111,226.84266017742252,0.5472222222222223,0.0,0.0,181.0,1,35-39,9:00:00,13.0,,,,,,,,,,,,,,,,,,,,,,,,,,,,,schizophrenia + migraine,paranoid,59.0,clozapine,not traditional neuroleptic,not mood stabilizer
schizophrenia,schizophrenia_5,2003-09-07,1440,0,125.04791666666667,212.81342195713168,0.5875,0.0,0.0,188.0,1,35-39,9:00:00,13.0,,,,,,,,,,,,,,,,,,,,,,,,,,,,,schizophrenia + migraine,paranoid,59.0,clozapine,not traditional neuroleptic,not mood stabilizer
schizophrenia,schizophrenia_5,2003-09-08,1440,0,224.68819444444443,262.10376046428206,0.4048611111111111,146.0,0.0,394.0,1,35-39,9:00:00,13.0,,,,,,,,,,,,,,,,,,,,,,,,,,,,,schizophrenia + migraine,paranoid,59.0,clozapine,not traditional neuroleptic,not mood stabilizer
schizophrenia,schizophrenia_5,2003-09-09,1440,0,226.6798611111111,252.33584792886785,0.35833333333333334,161.0,0.0,381.0,1,35-39,9:00:00,13.0,,,,,,,,,,,,,,,,,,,,,,,,,,,,,schizophrenia + migraine,paranoid,59.0,clozapine,not traditional neuroleptic,not mood stabilizer
schizophrenia,schizophrenia_5,2003-09-10,1440,0,177.70208333333332,243.47392512932865,0.42291666666666666,48.0,0.0,313.0,1,35-39,9:00:00,13.0,,,,,,,,,,,,,,,,,,,,,,,,,,,,,schizophrenia + migraine,paranoid,59.0,clozapine,not traditional neuroleptic,not mood stabilizer
schizophrenia,schizophrenia_5,2003-09-11,1440,0,158.89930555555554,232.64924779486768,0.4666666666666667,38.0,0.0,248.0,1,35-39,9:00:00,13.0,,,,,,,,,,,,,,,,,,,,,,,,,,,,,schizophrenia + migraine,paranoid,59.0,clozapine,not traditional neuroleptic,not mood stabilizer
schizophrenia,schizophrenia_5,2003-09-12,1440,0,191.98472222222222,266.0398749142077,0.44305555555555554,66.0,0.0,325.0,1,35-39,9:00:00,13.0,,,,,,,,,,,,,,,,,,,,,,,,,,,,,schizophrenia + migraine,paranoid,59.0,clozapine,not traditional neuroleptic,not mood stabilizer
schizophrenia,schizophrenia_5,2003-09-13,1440,0,119.1673611111111,233.04150003863793,0.6215277777777778,0.0,0.0,119.0,1,35-39,9:00:00,13.0,,,,,,,,,,,,,,,,,,,,,,,,,,,,,schizophrenia + migraine,paranoid,59.0,clozapine,not traditional neuroleptic,not mood stabilizer
schizophrenia,schizophrenia_5,2003-09-14,1440,0,124.82569444444445,226.16761736674655,0.5888888888888889,0.0,0.0,175.0,1,35-39,9:00:00,13.0,,,,,,,,,,,,,,,,,,,,,,,,,,,,,schizophrenia + migraine,paranoid,59.0,clozapine,not traditional neuroleptic,not mood stabilizer
schizophrenia,schizophrenia_5,2003-09-15,1440,0,177.93541666666667,234.51338062060373,0.3923611111111111,76.0,0.0,313.0,1,35-39,9:00:00,13.0,,,,,,,,,,,,,,,,,,,,,,,,,,,,,schizophrenia + migraine,paranoid,59.0,clozapine,not traditional neuroleptic,not mood stabilizer
schizophrenia,schizophrenia_5,2003-09-16,1440,0,40.02916666666667,146.80994605413034,0.8694444444444445,0.0,0.0,0.0,1,35-39,9:00:00,13.0,,,,,,,,,,,,,,,,,,,,,,,,,,,,,schizophrenia + migraine,paranoid,59.0,clozapine,not traditional neuroleptic,not mood stabilizer
schizophrenia,schizophrenia_6,2003-09-17,1440,0,82.97291666666666,138.32239902506248,0.4708333333333333,10.0,0.0,107.0,2,55-59,9:00:00,13.0,,,,,,,,,,,,,,,,,,,,,,,,,,,,,schizophrenia not migraine,non-paranoid,,clozapine,not traditional neuroleptic,not mood stabilizer
schizophrenia,schizophrenia_6,2003-09-18,1440,0,119.9875,160.76214697280437,0.34652777777777777,52.0,0.0,191.75,2,55-59,9:00:00,13.0,,,,,,,,,,,,,,,,,,,,,,,,,,,,,schizophrenia not migraine,non-paranoid,,clozapine,not traditional neuroleptic,not mood stabilizer
schizophrenia,schizophrenia_6,2003-09-19,1440,0,122.29583333333333,156.9467354245276,0.37083333333333335,56.5,0.0,204.0,2,55-59,9:00:00,13.0,,,,,,,,,,,,,,,,,,,,,,,,,,,,,schizophrenia not migraine,non-paranoid,,clozapine,not traditional neuroleptic,not mood stabilizer
schizophrenia,schizophrenia_6,2003-09-20,1440,0,118.09027777777777,167.99470532308302,0.39791666666666664,30.0,0.0,197.0,2,55-59,9:00:00,13.0,,,,,,,,,,,,,,,,,,,,,,,,,,,,,schizophrenia not migraine,non-paranoid,,clozapine,not traditional neuroleptic,not mood stabilizer
schizophrenia,schizophrenia_6,2003-09-21,1440,0,79.12430555555555,149.59286123161823,0.47291666666666665,8.0,0.0,88.0,2,55-59,9:00:00,13.0,,,,,,,,,,,,,,,,,,,,,,,,,,,,,schizophrenia not migraine,non-paranoid,,clozapine,not traditional neuroleptic,not mood stabilizer
schizophrenia,schizophrenia_6,2003-09-22,1440,0,107.47222222222223,144.899502742631,0.3861111111111111,41.0,0.0,184.0,2,55-59,9:00:00,13.0,,,,,,,,,,,,,,,,,,,,,,,,,,,,,schizophrenia not migraine,non-paranoid,,clozapine,not traditional neuroleptic,not mood stabilizer
schizophrenia,schizophrenia_6,2003-09-23,1440,0,109.21319444444444,168.7810167982827,0.3888888888888889,43.0,0.0,160.0,2,55-59,9:00:00,13.0,,,,,,,,,,,,,,,,,,,,,,,,,,,,,schizophrenia not migraine,non-paranoid,,clozapine,not traditional neuroleptic,not mood stabilizer
schizophrenia,schizophrenia_6,2003-09-24,1440,0,86.1763888888889,136.70375817098443,0.4027777777777778,32.0,0.0,116.0,2,55-59,9:00:00,13.0,,,,,,,,,,,,,,,,,,,,,,,,,,,,,schizophrenia not migraine,non-paranoid,,clozapine,not traditional neuroleptic,not mood stabilizer
schizophrenia,schizophrenia_6,2003-09-25,1440,0,98.86319444444445,134.41386659954384,0.36041666666666666,49.0,0.0,154.0,2,55-59,9:00:00,13.0,,,,,,,,,,,,,,,,,,,,,,,,,,,,,schizophrenia not migraine,non-paranoid,,clozapine,not traditional neuroleptic,not mood stabilizer
schizophrenia,schizophrenia_6,2003-09-26,1440,0,92.55972222222222,142.04575960635032,0.41041666666666665,26.0,0.0,143.0,2,55-59,9:00:00,13.0,,,,,,,,,,,,,,,,,,,,,,,,,,,,,schizophrenia not migraine,non-paranoid,,clozapine,not traditional neuroleptic,not mood stabilizer
schizophrenia,schizophrenia_6,2003-09-27,1440,0,88.7298611111111,150.203255614527,0.44305555555555554,14.0,0.0,130.0,2,55-59,9:00:00,13.0,,,,,,,,,,,,,,,,,,,,,,,,,,,,,schizophrenia not migraine,non-paranoid,,clozapine,not traditional neuroleptic,not mood stabilizer
schizophrenia,schizophrenia_6,2003-09-28,1440,0,92.02083333333333,138.8317611330547,0.4131944444444444,23.0,0.0,148.0,2,55-59,9:00:00,13.0,,,,,,,,,,,,,,,,,,,,,,,,,,,,,schizophrenia not migraine,non-paranoid,,clozapine,not traditional neuroleptic,not mood stabilizer
schizophrenia,schizophrenia_6,2003-09-29,1440,0,101.68611111111112,152.03918108460246,0.41597222222222224,32.0,0.0,160.0,2,55-59,9:00:00,13.0,,,,,,,,,,,,,,,,,,,,,,,,,,,,,schizophrenia not migraine,non-paranoid,,clozapine,not traditional neuroleptic,not mood stabilizer
schizophrenia,schizophrenia_6,2003-09-30,1440,0,56.11944444444445,152.0764552224462,0.6916666666666667,0.0,0.0,24.0,2,55-59,9:00:00,13.0,,,,,,,,,,,,,,,,,,,,,,,,,,,,,schizophrenia not migraine,non-paranoid,,clozapine,not traditional neuroleptic,not mood stabilizer
schizophrenia,schizophrenia_7,2003-09-24,1440,0,186.37430555555557,274.0143032171374,0.3194444444444444,130.0,0.0,190.0,2,25-29,9:00:00,12.0,,,,,,,,,,,,,,,,,,,,,,,,,,,,,schizophrenia not migraine,paranoid,56.0,clozapine,not traditional neuroleptic,mood stabilizer
schizophrenia,schizophrenia_7,2003-09-25,1440,0,155.34375,254.4645588231269,0.4465277777777778,26.5,0.0,212.0,2,25-29,9:00:00,12.0,,,,,,,,,,,,,,,,,,,,,,,,,,,,,schizophrenia not migraine,paranoid,56.0,clozapine,not traditional neuroleptic,mood stabilizer
schizophrenia,schizophrenia_7,2003-09-26,1440,0,164.8125,287.245260785535,0.4486111111111111,25.0,0.0,206.0,2,25-29,9:00:00,12.0,,,,,,,,,,,,,,,,,,,,,,,,,,,,,schizophrenia not migraine,paranoid,56.0,clozapine,not traditional neuroleptic,mood stabilizer
schizophrenia,schizophrenia_7,2003-09-27,1440,0,130.25208333333333,248.37942454504235,0.5069444444444444,0.0,0.0,148.0,2,25-29,9:00:00,12.0,,,,,,,,,,,,,,,,,,,,,,,,,,,,,schizophrenia not migraine,paranoid,56.0,clozapine,not traditional neuroleptic,mood stabilizer
schizophrenia,schizophrenia_7,2003-09-28,1440,0,82.65,184.5987608300771,0.6555555555555556,0.0,0.0,82.0,2,25-29,9:00:00,12.0,,,,,,,,,,,,,,,,,,,,,,,,,,,,,schizophrenia not migraine,paranoid,56.0,clozapine,not traditional neuroleptic,mood stabilizer
schizophrenia,schizophrenia_7,2003-09-29,1440,0,99.79097222222222,203.30086161933966,0.5826388888888889,0.0,0.0,112.25,2,25-29,9:00:00,12.0,,,,,,,,,,,,,,,,,,,,,,,,,,,,,schizophrenia not migraine,paranoid,56.0,clozapine,not traditional neuroleptic,mood stabilizer
schizophrenia,schizophrenia_7,2003-09-30,1440,0,116.1986111111111,238.47520136219123,0.5833333333333334,0.0,0.0,125.0,2,25-29,9:00:00,12.0,,,,,,,,,,,,,,,,,,,,,,,,,,,,,schizophrenia not migraine,paranoid,56.0,clozapine,not traditional neuroleptic,mood stabilizer
schizophrenia,schizophrenia_7,2003-10-01,1440,0,100.52569444444444,233.07653584609875,0.6027777777777777,0.0,0.0,88.0,2,25-29,9:00:00,12.0,,,,,,,,,,,,,,,,,,,,,,,,,,,,,schizophrenia not migraine,paranoid,56.0,clozapine,not traditional neuroleptic,mood stabilizer
schizophrenia,schizophrenia_7,2003-10-02,1440,0,101.4,255.52752297942388,0.6527777777777778,0.0,0.0,85.0,2,25-29,9:00:00,12.0,,,,,,,,,,,,,,,,,,,,,,,,,,,,,schizophrenia not migraine,paranoid,56.0,clozapine,not traditional neuroleptic,mood stabilizer
schizophrenia,schizophrenia_7,2003-10-03,1440,0,175.07916666666668,247.25753411591592,0.32430555555555557,82.0,0.0,250.0,2,25-29,9:00:00,12.0,,,,,,,,,,,,,,,,,,,,,,,,,,,,,schizophrenia not migraine,paranoid,56.0,clozapine,not traditional neuroleptic,mood stabilizer
schizophrenia,schizophrenia_7,2003-10-04,1440,0,94.95347222222222,177.32221903344112,0.5069444444444444,0.0,0.0,120.0,2,25-29,9:00:00,12.0,,,,,,,,,,,,,,,,,,,,,,,,,,,,,schizophrenia not migraine,paranoid,56.0,clozapine,not traditional neuroleptic,mood stabilizer
schizophrenia,schizophrenia_7,2003-10-05,1440,0,68.58888888888889,180.86795870925928,0.7,0.0,0.0,21.5,2,25-29,9:00:00,12.0,,,,,,,,,,,,,,,,,,,,,,,,,,,,,schizophrenia not migraine,paranoid,56.0,clozapine,not traditional neuroleptic,mood stabilizer
schizophrenia,schizophrenia_7,2003-10-06,1440,0,146.73958333333334,264.5726787142781,0.4305555555555556,15.0,0.0,184.0,2,25-29,9:00:00,12.0,,,,,,,,,,,,,,,,,,,,,,,,,,,,,schizophrenia not migraine,paranoid,56.0,clozapine,not traditional neuroleptic,mood stabilizer
schizophrenia,schizophrenia_7,2003-10-07,1440,0,54.59444444444444,182.9666582322893,0.7972222222222223,0.0,0.0,0.0,2,25-29,9:00:00,12.0,,,,,,,,,,,,,,,,,,,,,,,,,,,,,schizophrenia not migraine,paranoid,56.0,clozapine,not traditional neuroleptic,mood stabilizer
schizophrenia,schizophrenia_7,2003-10-08,1440,0,10.165972222222223,71.1750157701993,0.9756944444444444,0.0,0.0,0.0,2,25-29,9:00:00,12.0,,,,,,,,,,,,,,,,,,,,,,,,,,,,,schizophrenia not migraine,paranoid,56.0,clozapine,not traditional neuroleptic,mood stabilizer
schizophrenia,schizophrenia_7,2003-10-09,1440,0,0.06527777777777778,1.8615002702585999,0.9986111111111111,0.0,0.0,0.0,2,25-29,9:00:00,12.0,,,,,,,,,,,,,,,,,,,,,,,,,,,,,schizophrenia not migraine,paranoid,56.0,clozapine,not traditional neuroleptic,mood stabilizer
schizophrenia,schizophrenia_8,2003-09-24,1440,0,140.70277777777778,189.0412410708766,0.3875,78.0,0.0,220.0,1,40-44,9:00:00,13.0,,,,,,,,,,,,,,,,,,,,,,,,,,,,,schizophrenia not migraine,paranoid,44.0,not clozapine,not traditional neuroleptic,not mood stabilizer
schizophrenia,schizophrenia_8,2003-09-25,1440,0,163.51944444444445,206.4340684623388,0.30833333333333335,108.0,0.0,243.0,1,40-44,9:00:00,13.0,,,,,,,,,,,,,,,,,,,,,,,,,,,,,schizophrenia not migraine,paranoid,44.0,not clozapine,not traditional neuroleptic,not mood stabilizer
schizophrenia,schizophrenia_8,2003-09-26,1440,0,119.64652777777778,168.3305673919601,0.41041666666666665,45.0,0.0,186.0,1,40-44,9:00:00,13.0,,,,,,,,,,,,,,,,,,,,,,,,,,,,,schizophrenia not migraine,paranoid,44.0,not clozapine,not traditional neuroleptic,not mood stabilizer
schizophrenia,schizophrenia_8,2003-09-27,1440,0,151.2486111111111,198.0183896433861,0.3625,90.0,0.0,220.0,1,40-44,9:00:00,13.0,,,,,,,,,,,,,,,,,,,,,,,,,,,,,schizophrenia not migraine,paranoid,44.0,not clozapine,not traditional neuroleptic,not mood stabilizer
schizophrenia,schizophrenia_8,2003-09-28,1440,0,167.27013888888888,275.58558853523897,0.49236111111111114,4.0,0.0,243.0,1,40-44,9:00:00,13.0,,,,,,,,,,,,,,,,,,,,,,,,,,,,,schizophrenia not migraine,paranoid,44.0,not clozapine,not traditional neuroleptic,not mood stabilizer
schizophrenia,schizophrenia_8,2003-09-29,1440,0,128.06666666666666,201.06777395252138,0.4701388888888889,17.5,0.0,187.75,1,40-44,9:00:00,13.0,,,,,,,,,,,,,,,,,,,,,,,,,,,,,schizophrenia not migraine,paranoid,44.0,not clozapine,not traditional neuroleptic,not mood stabilizer
schizophrenia,schizophrenia_8,2003-09-30,1440,0,132.43055555555554,208.43836861480776,0.4444444444444444,32.5,0.0,174.0,1,40-44,9:00:00,13.0,,,,,,,,,,,,,,,,,,,,,,,,,,,,,schizophrenia not migraine,paranoid,44.0,not clozapine,not traditional neuroleptic,not mood stabilizer
schizophrenia,schizophrenia_8,2003-10-01,1440,0,128.42083333333332,173.20914817184646,0.3854166666666667,57.0,0.0,206.0,1,40-44,9:00:00,13.0,,,,,,,,,,,,,,,,,,,,,,,,,,,,,schizophrenia not migraine,paranoid,44.0,not clozapine,not traditional neuroleptic,not mood stabilizer
schizophrenia,schizophrenia_8,2003-10-02,1440,0,123.08680555555556,213.96653124396187,0.5041666666666667,0.0,0.0,168.0,1,40-44,9:00:00,13.0,,,,,,,,,,,,,,,,,,,,,,,,,,,,,schizophrenia not migraine,paranoid,44.0,not clozapine,not traditional neuroleptic,not mood stabilizer
schizophrenia,schizophrenia_8,2003-10-03,1440,0,123.25,178.33203659964684,0.44027777777777777,34.0,0.0,181.5,1,40-44,9:00:00,13.0,,,,,,,,,,,,,,,,,,,,,,,,,,,,,schizophrenia not migraine,paranoid,44.0,not clozapine,not traditional neuroleptic,not mood stabilizer
schizophrenia,schizophrenia_8,2003-10-04,1440,0,144.3111111111111,209.51084667993496,0.44166666666666665,41.0,0.0,227.0,1,40-44,9:00:00,13.0,,,,,,,,,,,,,,,,,,,,,,,,,,,,,schizophrenia not migraine,paranoid,44.0,not clozapine,not traditional neuroleptic,not mood stabilizer
schizophrenia,schizophrenia_8,2003-10-05,1440,0,111.64166666666667,200.6708144297244,0.5444444444444444,0.0,0.0,174.0,1,40-44,9:00:00,13.0,,,,,,,,,,,,,,,,,,,,,,,,,,,,,schizophrenia not migraine,paranoid,44.0,not clozapine,not traditional neuroleptic,not mood stabilizer
schizophrenia,schizophrenia_8,2003-10-06,1440,0,139.46944444444443,197.5574470874013,0.4201388888888889,51.0,0.0,227.0,1,40-44,9:00:00,13.0,,,,,,,,,,,,,,,,,,,,,,,,,,,,,schizophrenia not migraine,paranoid,44.0,not clozapine,not traditional neuroleptic,not mood stabilizer
schizophrenia,schizophrenia_8,2003-10-07,1440,0,60.423611111111114,167.74335058278064,0.7229166666666667,0.0,0.0,25.0,1,40-44,9:00:00,13.0,,,,,,,,,,,,,,,,,,,,,,,,,,,,,schizophrenia not migraine,paranoid,44.0,not clozapine,not traditional neuroleptic,not mood stabilizer
schizophrenia,schizophrenia_8,2003-10-08,1440,0,13.079166666666667,92.71025269548731,0.9743055555555555,0.0,0.0,0.0,1,40-44,9:00:00,13.0,,,,,,,,,,,,,,,,,,,,,,,,,,,,,schizophrenia not migraine,paranoid,44.0,not clozapine,not traditional neuroleptic,not mood stabilizer
schizophrenia,schizophrenia_8,2003-10-09,1440,0,0.058333333333333334,1.5681508926829149,0.9986111111111111,0.0,0.0,0.0,1,40-44,9:00:00,13.0,,,,,,,,,,,,,,,,,,,,,,,,,,,,,schizophrenia not migraine,paranoid,44.0,not clozapine,not traditional neuroleptic,not mood stabilizer
schizophrenia,schizophrenia_9,2003-09-24,1440,0,205.18819444444443,320.5599874517612,0.5006944444444444,0.0,0.0,346.0,2,65-69,9:00:00,13.0,,,,,,,,,,,,,,,,,,,,,,,,,,,,,schizophrenia not migraine,non-paranoid,58.0,not clozapine,not traditional neuroleptic,mood stabilizer
schizophrenia,schizophrenia_9,2003-09-25,1440,0,199.56180555555557,307.7163336799115,0.5069444444444444,0.0,0.0,334.0,2,65-69,9:00:00,13.0,,,,,,,,,,,,,,,,,,,,,,,,,,,,,schizophrenia not migraine,non-paranoid,58.0,not clozapine,not traditional neuroleptic,mood stabilizer
schizophrenia,schizophrenia_9,2003-09-26,1440,0,174.85694444444445,309.8593504077423,0.5861111111111111,0.0,0.0,273.0,2,65-69,9:00:00,13.0,,,,,,,,,,,,,,,,,,,,,,,,,,,,,schizophrenia not migraine,non-paranoid,58.0,not clozapine,not traditional neuroleptic,mood stabilizer
schizophrenia,schizophrenia_9,2003-09-27,1440,0,179.08958333333334,353.92468541633065,0.6104166666666667,0.0,0.0,239.0,2,65-69,9:00:00,13.0,,,,,,,,,,,,,,,,,,,,,,,,,,,,,schizophrenia not migraine,non-paranoid,58.0,not clozapine,not traditional neuroleptic,mood stabilizer
schizophrenia,schizophrenia_9,2003-09-28,1440,0,177.58055555555555,343.29467283908053,0.5465277777777777,0.0,0.0,233.0,2,65-69,9:00:00,13.0,,,,,,,,,,,,,,,,,,,,,,,,,,,,,schizophrenia not migraine,non-paranoid,58.0,not clozapine,not traditional neuroleptic,mood stabilizer
schizophrenia,schizophrenia_9,2003-09-29,1440,0,242.07222222222222,323.66565448787077,0.35555555555555557,126.0,0.0,372.0,2,65-69,9:00:00,13.0,,,,,,,,,,,,,,,,,,,,,,,,,,,,,schizophrenia not migraine,non-paranoid,58.0,not clozapine,not traditional neuroleptic,mood stabilizer
schizophrenia,schizophrenia_9,2003-09-30,1440,0,237.1159722222222,302.13884505196046,0.35208333333333336,143.5,0.0,369.0,2,65-69,9:00:00,13.0,,,,,,,,,,,,,,,,,,,,,,,,,,,,,schizophrenia not migraine,non-paranoid,58.0,not clozapine,not traditional neuroleptic,mood stabilizer
schizophrenia,schizophrenia_9,2003-10-01,1440,0,190.54722222222222,293.70360956253455,0.5118055555555555,0.0,0.0,322.0,2,65-69,9:00:00,13.0,,,,,,,,,,,,,,,,,,,,,,,,,,,,,schizophrenia not migraine,non-paranoid,58.0,not clozapine,not traditional neuroleptic,mood stabilizer
schizophrenia,schizophrenia_9,2003-10-02,1440,0,184.25625,337.10760568127165,0.5784722222222223,0.0,0.0,273.0,2,65-69,9:00:00,13.0,,,,,,,,,,,,,,,,,,,,,,,,,,,,,schizophrenia not migraine,non-paranoid,58.0,not clozapine,not traditional neuroleptic,mood stabilizer
schizophrenia,schizophrenia_9,2003-10-03,1440,0,267.58194444444445,356.3122658358929,0.3659722222222222,121.0,0.0,434.0,2,65-69,9:00:00,13.0,,,,,,,,,,,,,,,,,,,,,,,,,,,,,schizophrenia not migraine,non-paranoid,58.0,not clozapine,not traditional neuroleptic,mood stabilizer
schizophrenia,schizophrenia_9,2003-10-04,1440,0,205.03472222222223,310.7548518704639,0.44930555555555557,31.5,0.0,322.0,2,65-69,9:00:00,13.0,,,,,,,,,,,,,,,,,,,,,,,,,,,,,schizophrenia not migraine,non-paranoid,58.0,not clozapine,not traditional neuroleptic,mood stabilizer
schizophrenia,schizophrenia_9,2003-10-05,1440,0,263.15694444444443,388.9957695165523,0.41597222222222224,73.0,0.0,434.0,2,65-69,9:00:00,13.0,,,,,,,,,,,,,,,,,,,,,,,,,,,,,schizophrenia not migraine,non-paranoid,58.0,not clozapine,not traditional neuroleptic,mood stabilizer
schizophrenia,schizophrenia_9,2003-10-06,1440,0,167.77083333333334,283.6382554992166,0.3326388888888889,53.0,0.0,208.0,2,65-69,9:00:00,13.0,,,,,,,,,,,,,,,,,,,,,,,,,,,,,schizophrenia not migraine,non-paranoid,58.0,not clozapine,not traditional neuroleptic,mood stabilizer
schizophrenia,schizophrenia_9,2003-10-07,1440,0,145.06597222222223,309.8723827067081,0.7104166666666667,0.0,0.0,116.0,2,65-69,9:00:00,13.0,,,,,,,,,,,,,,,,,,,,,,,,,,,,,schizophrenia not migraine,non-paranoid,58.0,not clozapine,not traditional neuroleptic,mood stabilizer
schizophrenia,schizophrenia_9,2003-10-08,1440,0,12.580555555555556,88.3256233095736,0.9743055555555555,0.0,0.0,0.0,2,65-69,9:00:00,13.0,,,,,,,,,,,,,,,,,,,,,,,,,,,,,schizophrenia not migraine,non-paranoid,58.0,not clozapine,not traditional neuroleptic,mood stabilizer
schizophrenia,schizophrenia_9,2003-10-09,1440,0,0.06458333333333334,1.8033521544766447,0.9986111111111111,0.0,0.0,0.0,2,65-69,9:00:00,13.0,,,,,,,,,,,,,,,,,,,,,,,,,,,,,schizophrenia not migraine,non-paranoid,58.0,not clozapine,not traditional neuroleptic,mood stabilizer
